icd	icd_label	depth	n_children	bucket	ambiguous_conjunction	n_existing_xrefs	existing_predicates	existing_mondo	match_tier	match_mondo	match_mondo_label	match_via	match_icd_form	n_match_cands	hp_hit
ICD10CM:Q00	Anencephaly and similar malformations	3	3	CONTAINER		0			-					0	
ICD10CM:Q00-Q07	Congenital malformations of the nervous system (Q00-Q07)	2	8	BLOCK		1	equivalentTo	MONDO:0020022	B	MONDO:0002320	congenital nervous system disorder	name	Congenital malformations of the nervous system (Q00-Q07)	2	
ICD10CM:Q00-Q99	Congenital malformations, deformations and chromosomal abnormalities (Q00-Q99)	1	11	BLOCK		1	equivalentTo	MONDO:0021147	-					0	
ICD10CM:Q00.0	Anencephaly	4	0	DISEASE		1	equivalentTo	MONDO:0000819	A	MONDO:0000819	anencephaly	name	Anencephaly	1	HP:0002323
ICD10CM:Q00.1	Craniorachischisis	4	0	DISEASE		1	equivalentTo	MONDO:0018969	A	MONDO:0018969	craniorachischisis	name	Craniorachischisis	1	HP:0030770
ICD10CM:Q00.2	Iniencephaly	4	0	DISEASE		1	equivalentTo	MONDO:0018968	A	MONDO:0018968	iniencephaly	name	Iniencephaly	1	HP:0034205
ICD10CM:Q01	Encephalocele	3	5	DISEASE		1	equivalentTo	MONDO:0017078	A	MONDO:0017078	encephalocele	EXACT	Encephalocele	1	HP:0002084
ICD10CM:Q01.0	Frontal encephalocele	4	0	DISEASE		1	equivalentTo	MONDO:0016020	A	MONDO:0016020	frontal encephalocele	name	Frontal encephalocele	1	HP:0007330
ICD10CM:Q01.1	Nasofrontal encephalocele	4	0	PHENOTYPE		4	orphanet-btnt;orphanet-specific;provenance-only:orphanet	MONDO:0015394;MONDO:0016057;MONDO:0017078;MONDO:0017079	-					0	HP:0011818
ICD10CM:Q01.2	Occipital encephalocele	4	0	DISEASE		1	equivalentTo	MONDO:0017080	A	MONDO:0017080	occipital encephalocele	name	Occipital encephalocele	1	HP:0002085
ICD10CM:Q01.8	Encephalocele of other sites	4	0	DISEASE		5	orphanet-btnt;provenance-only:orphanet	MONDO:0016057;MONDO:0017078;MONDO:0017079;MONDO:0017081;MONDO:0017082	-					0	
ICD10CM:Q01.9	Encephalocele, unspecified	4	0	RESIDUAL		3	orphanet-btnt;provenance-only:orphanet	MONDO:0016057;MONDO:0017078;MONDO:0017079	A	MONDO:0017078	encephalocele	EXACT	Encephalocele, unspecified	1	HP:0002084
ICD10CM:Q02	Microcephaly	3	0	DISEASE		1	equivalentTo	MONDO:0001149	A	MONDO:0001149	microcephaly	name	Microcephaly	1	HP:0000252;HP:0011451
ICD10CM:Q03	Congenital hydrocephalus	3	4	DISEASE		1	equivalentTo	MONDO:0016349	A	MONDO:0001150	hydrocephalus	name	Congenital hydrocephalus	2	HP:0000238
ICD10CM:Q03.0	Malformations of aqueduct of Sylvius	4	0	DISEASE		2	orphanet-btnt;provenance-only:orphanet	MONDO:0010611;MONDO:0016349	-					0	
ICD10CM:Q03.1	Atresia of foramina of Magendie and Luschka	4	0	DISEASE		7	orphanet-btnt;provenance-only:orphanet	MONDO:0007401;MONDO:0009072;MONDO:0016349;MONDO:0017110;MONDO:0017111	A	MONDO:0009072	Dandy-Walker syndrome	name	Dandy-Walker syndrome	1	
ICD10CM:Q03.8	Other congenital hydrocephalus	4	0	RESIDUAL		3	orphanet-btnt;provenance-only:orphanet	MONDO:0016349;MONDO:0017116;MONDO:0017117	B	MONDO:0001150	hydrocephalus	name	Other congenital hydrocephalus	2	
ICD10CM:Q03.9	Congenital hydrocephalus, unspecified	4	0	RESIDUAL		1	orphanet-btnt	MONDO:0016349	A	MONDO:0001150	hydrocephalus	name	Congenital hydrocephalus, unspecified	2	HP:0000238
ICD10CM:Q04	Other congenital malformations of brain	3	9	RESIDUAL		0			B	MONDO:0005560	brain disorder	name	Other congenital malformations of brain	1	
ICD10CM:Q04.0	Congenital malformations of corpus callosum	4	0	CONTAINER		4	narrowerThanSource;provenance-only:orphanet	MONDO:0008708;MONDO:0010568;MONDO:0018725	A	MONDO:0009022	agenesis of corpus callosum	EXACT	Agenesis of corpus callosum	1	
ICD10CM:Q04.1	Arhinencephaly	4	0	PHENOTYPE		1	orphanet-exact	MONDO:0009349	-					0	HP:0002139
ICD10CM:Q04.2	Holoprosencephaly	4	0	DISEASE		1	equivalentTo	MONDO:0016296	A	MONDO:0016296	holoprosencephaly	name	Holoprosencephaly	1	HP:0001360
ICD10CM:Q04.3	Other reduction deformities of brain	4	0	RESIDUAL		84	provenance-only:doid;provenance-only:orphanet	MONDO:0000087;MONDO:0000171;MONDO:0008811;MONDO:0008939;MONDO:0009042	A	MONDO:0016344	hydranencephaly	name	Hydranencephaly	1	
ICD10CM:Q04.4	Septo-optic dysplasia of brain	4	0	DISEASE		0			-					0	
ICD10CM:Q04.5	Megalencephaly	4	0	DISEASE		1	equivalentTo	MONDO:0016608	A	MONDO:0016608	megalencephaly	name	Megalencephaly	1	HP:0001355
ICD10CM:Q04.6	Congenital cerebral cysts	4	0	DISEASE		3	provenance-only:orphanet	MONDO:0010011;MONDO:0017410;MONDO:0020496	A	MONDO:0017410	porencephaly	name	Porencephaly	1	
ICD10CM:Q04.8	Other specified congenital malformations of brain	4	0	RESIDUAL		30	provenance-only:doid;provenance-only:orphanet	MONDO:0008428;MONDO:0009167;MONDO:0010569;MONDO:0011504;MONDO:0011818	B	MONDO:0005560	brain disorder	name	Other specified congenital malformations of brain	1	
ICD10CM:Q04.9	Congenital malformation of brain, unspecified	4	0	RESIDUAL		0			B	MONDO:0005560	brain disorder	name	Congenital malformation of brain, unspecified	1	
ICD10CM:Q05	Spina bifida	3	10	DISEASE		1	equivalentTo	MONDO:0008449	A	MONDO:0008449	spina bifida	name	Spina bifida	1	HP:0002414
ICD10CM:Q05.0	Cervical spina bifida with hydrocephalus	4	0	DISEASE		5	orphanet-btnt;provenance-only:orphanet	MONDO:0017062;MONDO:0017069;MONDO:0017077;MONDO:0019351;MONDO:0019773	-					0	
ICD10CM:Q05.1	Thoracic spina bifida with hydrocephalus	4	0	DISEASE		6	orphanet-btnt;provenance-only:orphanet	MONDO:0017062;MONDO:0017069;MONDO:0017076;MONDO:0017077;MONDO:0019351	-					0	
ICD10CM:Q05.2	Lumbar spina bifida with hydrocephalus	4	0	DISEASE		6	orphanet-btnt;provenance-only:orphanet	MONDO:0017062;MONDO:0017069;MONDO:0017076;MONDO:0017077;MONDO:0019351	-					0	
ICD10CM:Q05.3	Sacral spina bifida with hydrocephalus	4	0	DISEASE		6	orphanet-btnt;provenance-only:orphanet	MONDO:0017062;MONDO:0017069;MONDO:0017076;MONDO:0017077;MONDO:0019351	-					0	
ICD10CM:Q05.4	Unspecified spina bifida with hydrocephalus	4	0	RESIDUAL		6	orphanet-btnt;provenance-only:orphanet	MONDO:0017062;MONDO:0017069;MONDO:0017076;MONDO:0017077;MONDO:0019351	-					0	
ICD10CM:Q05.5	Cervical spina bifida without hydrocephalus	4	0	DISEASE		5	orphanet-btnt;provenance-only:orphanet	MONDO:0017062;MONDO:0017069;MONDO:0017077;MONDO:0019351;MONDO:0019773	-					0	
ICD10CM:Q05.6	Thoracic spina bifida without hydrocephalus	4	0	DISEASE		6	orphanet-btnt;provenance-only:orphanet	MONDO:0017062;MONDO:0017069;MONDO:0017076;MONDO:0017077;MONDO:0019351	-					0	
ICD10CM:Q05.7	Lumbar spina bifida without hydrocephalus	4	0	DISEASE		6	orphanet-btnt;provenance-only:orphanet	MONDO:0017062;MONDO:0017069;MONDO:0017076;MONDO:0017077;MONDO:0019351	-					0	
ICD10CM:Q05.8	Sacral spina bifida without hydrocephalus	4	0	DISEASE		6	orphanet-btnt;provenance-only:orphanet	MONDO:0017062;MONDO:0017069;MONDO:0017076;MONDO:0017077;MONDO:0019351	-					0	
ICD10CM:Q05.9	Spina bifida, unspecified	4	0	RESIDUAL		9	orphanet-btnt;provenance-only:doid;provenance-only:orphanet	MONDO:0006995;MONDO:0012296;MONDO:0017062;MONDO:0017069;MONDO:0017076	A	MONDO:0008449	spina bifida	name	Spina bifida, unspecified	1	HP:0002414
ICD10CM:Q06	Other congenital malformations of spinal cord	3	7	RESIDUAL		0			B	MONDO:0002545	spinal cord disorder	name	Other congenital malformations of spinal cord	1	
ICD10CM:Q06.0	Amyelia	4	0	PHENOTYPE		1	orphanet-specific	MONDO:0017088	-					0	HP:0100566
ICD10CM:Q06.1	Hypoplasia and dysplasia of spinal cord	4	0	DISEASE		0			-					0	
ICD10CM:Q06.2	Diastematomyelia	4	0	DISEASE		1	equivalentTo	MONDO:0009106	A	MONDO:0009106	diastematomyelia	name	Diastematomyelia	1	
ICD10CM:Q06.3	Other congenital cauda equina malformations	4	0	RESIDUAL		0			-					0	
ICD10CM:Q06.4	Hydromyelia	4	0	PHENOTYPE		3	orphanet-exact;provenance-only:orphanet	MONDO:0017987;MONDO:0018257;MONDO:0020508	-					0	HP:0100565
ICD10CM:Q06.8	Other specified congenital malformations of spinal cord	4	0	RESIDUAL		1	provenance-only:orphanet	MONDO:0019357	B	MONDO:0002545	spinal cord disorder	name	Other specified congenital malformations of spinal cord	1	
ICD10CM:Q06.9	Congenital malformation of spinal cord, unspecified	4	0	RESIDUAL		0			B	MONDO:0002545	spinal cord disorder	name	Congenital malformation of spinal cord, unspecified	1	
ICD10CM:Q07	Other congenital malformations of nervous system	3	3	RESIDUAL		0			B	MONDO:0002320	congenital nervous system disorder	name	Other congenital malformations of nervous system	2	
ICD10CM:Q07.0	Arnold-Chiari syndrome	4	4	DISEASE		1	orphanet-specific	MONDO:0008816	-					0	
ICD10CM:Q07.00	Arnold-Chiari syndrome without spina bifida or hydrocephalus	5	0	DISEASE		0			-					0	
ICD10CM:Q07.01	Arnold-Chiari syndrome with spina bifida	5	0	DISEASE		0			-					0	
ICD10CM:Q07.02	Arnold-Chiari syndrome with hydrocephalus	5	0	DISEASE		0			-					0	
ICD10CM:Q07.03	Arnold-Chiari syndrome with spina bifida and hydrocephalus	5	0	DISEASE		0			-					0	
ICD10CM:Q07.8	Other specified congenital malformations of nervous system	4	0	RESIDUAL		10	narrowerThanSource;other-mondo-qualifier:mondoSubClassOfSource;provenance-only:orphanet	MONDO:0007137;MONDO:0007946;MONDO:0011157;MONDO:0015101;MONDO:0018599	B	MONDO:0002320	congenital nervous system disorder	name	Other specified congenital malformations of nervous system	3	
ICD10CM:Q07.9	Congenital malformation of nervous system, unspecified	4	0	RESIDUAL		0			B	MONDO:0002320	congenital nervous system disorder	name	Congenital malformation of nervous system, unspecified	2	
ICD10CM:Q10	Congenital malformations of eyelid, lacrimal apparatus and orbit	3	8	CONTAINER		0			-					0	
ICD10CM:Q10-Q18	Congenital malformations of eye, ear, face and neck (Q10-Q18)	2	9	BLOCK		3	provenance-only:other	MONDO:0007500	-					0	
ICD10CM:Q10.0	Congenital ptosis	4	0	DISEASE		1	orphanet-specific	MONDO:0008340	A	MONDO:0000728	ptosis	name	Congenital ptosis	2	HP:0000508;HP:0007970
ICD10CM:Q10.1	Congenital ectropion	4	0	DISEASE		1	equivalentTo	MONDO:0020161	A	MONDO:0002043	ectropion	name	Congenital ectropion	2	HP:0000656
ICD10CM:Q10.2	Congenital entropion	4	0	DISEASE		1	equivalentTo	MONDO:0020159	A	MONDO:0001519	entropion	name	Congenital entropion	2	HP:0000621
ICD10CM:Q10.3	Other congenital malformations of eyelid	4	0	RESIDUAL		16	provenance-only:orphanet	MONDO:0007201;MONDO:0008182;MONDO:0008537;MONDO:0015480;MONDO:0015481	B	MONDO:0001008	blepharophimosis	name	Blepharophimosis, congenital	3	
ICD10CM:Q10.4	Absence and agenesis of lacrimal apparatus	4	0	DISEASE		1	provenance-only:orphanet	MONDO:0008397	-					0	
ICD10CM:Q10.5	Congenital stenosis and stricture of lacrimal duct	4	0	DISEASE		1	provenance-only:orphanet	MONDO:0007871	-					0	
ICD10CM:Q10.6	Other congenital malformations of lacrimal apparatus	4	0	RESIDUAL		1	provenance-only:orphanet	MONDO:0019627	B	MONDO:0001854	lacrimal apparatus disorder	name	Other congenital malformations of lacrimal apparatus	1	
ICD10CM:Q10.7	Congenital malformation of orbit	4	0	CONTAINER		0			-					0	
ICD10CM:Q11	Anophthalmos, microphthalmos and macrophthalmos	3	4	CONTAINER		0			-					0	
ICD10CM:Q11.0	Cystic eyeball	4	0	DISEASE		9	orphanet-btnt;provenance-only:doid	MONDO:0009631;MONDO:0012409;MONDO:0012604;MONDO:0013130;MONDO:0013293	-					0	
ICD10CM:Q11.1	Other anophthalmos	4	0	RESIDUAL		2	orphanet-btnt	MONDO:0016764	-					0	
ICD10CM:Q11.2	Microphthalmos	4	0	DISEASE		15	orphanet-btnt;orphanet-specific;provenance-only:orphanet	MONDO:0000170;MONDO:0007410;MONDO:0010671;MONDO:0010672;MONDO:0011010	A	MONDO:0021129	microphthalmos	NARROW	Microphthalmos	1	HP:0000568
ICD10CM:Q11.3	Macrophthalmos	4	0	DISEASE		0			-					0	
ICD10CM:Q12	Congenital lens malformations	3	7	CONTAINER		0			B	MONDO:0001176	lens disorder	name	Congenital lens malformations	1	
ICD10CM:Q12.0	Congenital cataract	4	0	DISEASE		55	orphanet-specific;provenance-only:doid;provenance-only:orphanet	MONDO:0007278;MONDO:0007279;MONDO:0007280;MONDO:0007281;MONDO:0007282	A	MONDO:0005129	cataract	name	Congenital cataract	1	HP:0000518;HP:0000519
ICD10CM:Q12.1	Congenital displaced lens	4	0	DISEASE		2	orphanet-specific;provenance-only:orphanet	MONDO:0015998	-					0	
ICD10CM:Q12.2	Coloboma of lens	4	0	DISEASE		2	orphanet-specific;provenance-only:orphanet	MONDO:0007355;MONDO:0020355	-					0	
ICD10CM:Q12.3	Congenital aphakia	4	0	DISEASE		1	equivalentTo	MONDO:0012456	A	MONDO:0012456	congenital aphakia	EXACT	Congenital aphakia	1	HP:0007707;HP:6001302
ICD10CM:Q12.4	Spherophakia	4	0	PHENOTYPE		1	obsoleteEquivalent		-					0	HP:0034375
ICD10CM:Q12.8	Other congenital lens malformations	4	0	RESIDUAL		0			B	MONDO:0001176	lens disorder	name	Other congenital lens malformations	1	
ICD10CM:Q12.9	Congenital lens malformation, unspecified	4	0	RESIDUAL		0			B	MONDO:0001176	lens disorder	name	Congenital lens malformation, unspecified	1	
ICD10CM:Q13	Congenital malformations of anterior segment of eye	3	8	CONTAINER		0			-					0	
ICD10CM:Q13.0	Coloboma of iris	4	0	DISEASE		1	equivalentTo	MONDO:0020356	A	MONDO:0020356	coloboma of iris	name	Coloboma of iris	1	HP:0000612
ICD10CM:Q13.1	Absence of iris	4	0	DISEASE		1	equivalentTo	MONDO:0019172	A	MONDO:0019172	aniridia	name	Aniridia	1	
ICD10CM:Q13.2	Other congenital malformations of iris	4	0	RESIDUAL		0			B	MONDO:0002289	iris disorder	name	Other congenital malformations of iris	3	
ICD10CM:Q13.3	Congenital corneal opacity	4	0	PHENOTYPE		2	orphanet-specific;provenance-only:orphanet	MONDO:0015095;MONDO:0019629	-					0	HP:0007957
ICD10CM:Q13.4	Other congenital corneal malformations	4	0	RESIDUAL		1	equivalentTo	MONDO:0000733	B	MONDO:0000942	corneal disorder	name	Other congenital corneal malformations	1	
ICD10CM:Q13.5	Blue sclera	4	0	PHENOTYPE		0			-					0	HP:0000592
ICD10CM:Q13.8	Other congenital malformations of anterior segment of eye	4	2	RESIDUAL		8	provenance-only:doid;provenance-only:orphanet	MONDO:0007138;MONDO:0008386;MONDO:0011097;MONDO:0011233;MONDO:0015300	-					0	
ICD10CM:Q13.81	Rieger anomaly	5	0	DISEASE		1	provenance-only:doid	MONDO:0019187	A	MONDO:0019628	Rieger anomaly	name	Rieger anomaly	1	HP:0000558
ICD10CM:Q13.89	Other congenital malformations of anterior segment of eye	5	0	RESIDUAL		0			-					0	
ICD10CM:Q13.9	Congenital malformation of anterior segment of eye, unspecified	4	0	RESIDUAL		0			-					0	
ICD10CM:Q14	Congenital malformations of posterior segment of eye	3	6	CONTAINER		0			-					0	
ICD10CM:Q14.0	Congenital malformation of vitreous humor	4	0	CONTAINER		1	provenance-only:orphanet	MONDO:0019631	B	MONDO:0004860	disease of vitreous humor	EXACT	Congenital malformation of vitreous humor	1	
ICD10CM:Q14.1	Congenital malformation of retina	4	0	CONTAINER		4	provenance-only:orphanet	MONDO:0008373;MONDO:0010722;MONDO:0010725;MONDO:0020247	-					0	
ICD10CM:Q14.2	Congenital malformation of optic disc	4	0	CONTAINER		5	narrowerThanSource;provenance-only:orphanet	MONDO:0007354;MONDO:0018169	-					0	
ICD10CM:Q14.3	Congenital malformation of choroid	4	0	CONTAINER		0			B	MONDO:0001898	choroid disorder	EXACT	Congenital malformation of choroid	1	
ICD10CM:Q14.8	Other congenital malformations of posterior segment of eye	4	0	RESIDUAL		4	provenance-only:orphanet	MONDO:0007351;MONDO:0008927;MONDO:0018145;MONDO:0020354	-					0	
ICD10CM:Q14.9	Congenital malformation of posterior segment of eye, unspecified	4	0	RESIDUAL		0			-					0	
ICD10CM:Q15	Other congenital malformations of eye	3	3	RESIDUAL		0			B	MONDO:0005328	eye disorder	name	Other congenital malformations of eye	1	
ICD10CM:Q15.0	Congenital glaucoma	4	0	DISEASE		2	orphanet-specific;provenance-only:orphanet	MONDO:0020366;MONDO:0020368	A	MONDO:0005041	glaucoma	name	Congenital glaucoma	2	HP:0000501
ICD10CM:Q15.8	Other specified congenital malformations of eye	4	0	RESIDUAL		13	provenance-only:orphanet	MONDO:0007202;MONDO:0007992;MONDO:0010649;MONDO:0012216;MONDO:0012605	B	MONDO:0005328	eye disorder	name	Other specified congenital malformations of eye	1	
ICD10CM:Q15.9	Congenital malformation of eye, unspecified	4	0	RESIDUAL		0			B	MONDO:0005328	eye disorder	name	Congenital malformation of eye, unspecified	1	
ICD10CM:Q16	Congenital malformations of ear causing impairment of hearing	3	7	CONTAINER		0			-					0	
ICD10CM:Q16.0	Congenital absence of (ear) auricle	4	0	DISEASE		1	orphanet-specific	MONDO:0019780	-					0	
ICD10CM:Q16.1	Congenital absence, atresia and stricture of auditory canal (external)	4	0	CONTAINER		2	orphanet-specific	MONDO:0019780	-					0	
ICD10CM:Q16.2	Absence of eustachian tube	4	0	DISEASE		0			-					0	
ICD10CM:Q16.3	Congenital malformation of ear ossicles	4	0	CONTAINER		2	orphanet-btnt;orphanet-exact	MONDO:0015570;MONDO:0015604	-					0	
ICD10CM:Q16.4	Other congenital malformations of middle ear	4	0	RESIDUAL		1	orphanet-btnt	MONDO:0015604	B	MONDO:0003276	middle ear disorder	name	Other congenital malformations of middle ear	2	
ICD10CM:Q16.5	Congenital malformation of inner ear	4	0	CONTAINER		1	provenance-only:orphanet	MONDO:0012541	B	MONDO:0002467	inner ear disorder	name	Congenital malformation of inner ear	1	
ICD10CM:Q16.9	Congenital malformation of ear causing impairment of hearing, unspecified	4	0	RESIDUAL		0			-					0	
ICD10CM:Q17	Other congenital malformations of ear	3	8	RESIDUAL		0			B	MONDO:0007500	ear malformation	name	Other congenital malformations of ear	2	
ICD10CM:Q17.0	Accessory auricle	4	0	DISEASE		0			-					0	
ICD10CM:Q17.1	Macrotia	4	0	PHENOTYPE		0			-					0	HP:0000400
ICD10CM:Q17.2	Microtia	4	0	DISEASE		1	equivalentTo	MONDO:0010920	A	MONDO:0010920	microtia	name	Microtia	1	HP:0008551
ICD10CM:Q17.3	Other misshapen ear	4	0	RESIDUAL		0			-					0	
ICD10CM:Q17.4	Misplaced ear	4	0	DISEASE		0			-					0	
ICD10CM:Q17.5	Prominent ear	4	0	PHENOTYPE		0			-					0	HP:0000411
ICD10CM:Q17.8	Other specified congenital malformations of ear	4	0	RESIDUAL		0			B	MONDO:0007500	ear malformation	name	Other specified congenital malformations of ear	2	
ICD10CM:Q17.9	Congenital malformation of ear, unspecified	4	0	RESIDUAL		0			B	MONDO:0007500	ear malformation	name	Congenital malformation of ear, unspecified	2	
ICD10CM:Q18	Other congenital malformations of face and neck	3	10	RESIDUAL		0			-					0	
ICD10CM:Q18.0	Sinus, fistula and cyst of branchial cleft	4	0	CONTAINER		5	provenance-only:orphanet	MONDO:0007233;MONDO:0015376;MONDO:0015377;MONDO:0015378;MONDO:0015476	-					0	
ICD10CM:Q18.1	Preauricular sinus and cyst	4	0	DISEASE		0			-					0	
ICD10CM:Q18.2	Other branchial cleft malformations	4	0	RESIDUAL		1	provenance-only:doid	MONDO:0008740	B	MONDO:0007233	branchial cleft	EXACT	Other branchial cleft malformations	2	
ICD10CM:Q18.3	Webbing of neck	4	0	DISEASE		0			-					0	
ICD10CM:Q18.4	Macrostomia	4	0	DISEASE		1	equivalentTo	MONDO:0013300	A	MONDO:0013300	macrostomia	EXACT	Macrostomia	1	HP:0000154
ICD10CM:Q18.5	Microstomia	4	0	PHENOTYPE		0			-					0	HP:0000160
ICD10CM:Q18.6	Macrocheilia	4	0	DISEASE		0			-					0	
ICD10CM:Q18.7	Microcheilia	4	0	DISEASE		0			-					0	
ICD10CM:Q18.8	Other specified congenital malformations of face and neck	4	0	RESIDUAL		18	provenance-only:orphanet	MONDO:0007235;MONDO:0007904;MONDO:0010850;MONDO:0010921;MONDO:0015379	-					0	
ICD10CM:Q18.9	Congenital malformation of face and neck, unspecified	4	0	RESIDUAL		0			-					0	
ICD10CM:Q20	Congenital malformations of cardiac chambers and connections	3	9	CONTAINER		0			-					0	
ICD10CM:Q20-Q28	Congenital malformations of the circulatory system (Q20-Q28)	2	9	BLOCK		1	provenance-only:other	MONDO:0024239	-					0	
ICD10CM:Q20.0	Common arterial trunk	4	0	DISEASE		1	equivalentTo	MONDO:0018072	A	MONDO:0018072	common arterial trunk	EXACT	Common arterial trunk	1	HP:0001660
ICD10CM:Q20.1	Double outlet right ventricle	4	0	LATERALITY		1	equivalentTo	MONDO:0018089	A	MONDO:0018089	double outlet right ventricle	name	Double outlet right ventricle	1	HP:0001719
ICD10CM:Q20.2	Double outlet left ventricle	4	0	LATERALITY		1	equivalentTo	MONDO:0018090	A	MONDO:0018090	double outlet left ventricle	name	Double outlet left ventricle	1	HP:0011581
ICD10CM:Q20.3	Discordant ventriculoarterial connection	4	0	DISEASE		7	orphanet-btnt;provenance-only:doid;provenance-only:orphanet	MONDO:0000153;MONDO:0013463;MONDO:0016302;MONDO:0016303;MONDO:0019443	A	MONDO:0000153	transposition of great vessels	EXACT	Transposition of great vessels (complete)	1	
ICD10CM:Q20.4	Double inlet ventricle	4	0	DISEASE		2	orphanet-exact;provenance-only:orphanet	MONDO:0015451;MONDO:0020409	-					0	
ICD10CM:Q20.5	Discordant atrioventricular connection	4	0	PHENOTYPE		2	orphanet-btnt;orphanet-exact	MONDO:0000153;MONDO:0016301	A	MONDO:0016301	ventricular inversion	EXACT	Ventricular inversion	1	HP:0011553
ICD10CM:Q20.6	Isomerism of atrial appendages	4	0	DISEASE		1	provenance-only:orphanet	MONDO:0008832	-					0	
ICD10CM:Q20.8	Other congenital malformations of cardiac chambers and connections	4	0	RESIDUAL		8	provenance-only:orphanet	MONDO:0015666;MONDO:0018082;MONDO:0020410;MONDO:0020411;MONDO:0020431	-					0	
ICD10CM:Q20.9	Congenital malformation of cardiac chambers and connections, unspecified	4	0	RESIDUAL		0			-					0	
ICD10CM:Q21	Congenital malformations of cardiac septa	3	7	CONTAINER		1	provenance-only:doid	MONDO:0002078	-					0	
ICD10CM:Q21.0	Ventricular septal defect	4	0	DISEASE		1	equivalentTo	MONDO:0002070	A	MONDO:0002070	ventricular septal defect	name	Ventricular septal defect	1	HP:0001629
ICD10CM:Q21.1	Atrial septal defect	4	8	DISEASE		1	equivalentTo	MONDO:0006664	A	MONDO:0006664	atrial septal defect	name	Atrial septal defect	1	HP:0001631
ICD10CM:Q21.10	Atrial septal defect, unspecified	5	0	RESIDUAL		0			A	MONDO:0006664	atrial septal defect	name	Atrial septal defect, unspecified	1	HP:0001631
ICD10CM:Q21.11	Secundum atrial septal defect	5	0	PHENOTYPE		0			-					0	HP:0001684
ICD10CM:Q21.12	Patent foramen ovale	5	0	DISEASE		0			A	MONDO:0020439	patent foramen ovale	name	Patent foramen ovale	1	HP:0001655
ICD10CM:Q21.13	Coronary sinus atrial septal defect	5	0	PHENOTYPE		0			B	MONDO:0020435	atrial septal defect, coronary sinus type	name	Coronary sinus atrial septal defect	1	HP:0011643
ICD10CM:Q21.14	Superior sinus venosus atrial septal defect	5	0	DISEASE		0			-					0	
ICD10CM:Q21.15	Inferior sinus venosus atrial septal defect	5	0	DISEASE		0			-					0	
ICD10CM:Q21.16	Sinus venosus atrial septal defect, unspecified	5	0	RESIDUAL		0			B	MONDO:0020436	atrial septal defect, sinus venosus type	name	Sinus venosus atrial septal defect, unspecified	1	HP:0011567
ICD10CM:Q21.19	Other specified atrial septal defect	5	0	RESIDUAL		0			B	MONDO:0006664	atrial septal defect	name	Other specified atrial septal defect	1	
ICD10CM:Q21.2	Atrioventricular septal defect	4	4	DISEASE		1	equivalentTo	MONDO:0020290	A	MONDO:0859565	atrioventricular septal defect	name	Atrioventricular septal defect	2	HP:0006695
ICD10CM:Q21.20	Atrioventricular septal defect, unspecified as to partial or complete	5	0	RESIDUAL		0			B	MONDO:0020437	atrial septal defect, ostium primum type	name	Ostium primum atrial septal defect (type I) NOS	2	
ICD10CM:Q21.21	Partial atrioventricular septal defect	5	0	DISEASE		0			A	MONDO:0020437	partial atrioventricular septal defect	EXACT	Partial atrioventricular septal defect	1	HP:0011577
ICD10CM:Q21.22	Transitional atrioventricular septal defect	5	0	DISEASE		0			-					0	
ICD10CM:Q21.23	Complete atrioventricular septal defect	5	0	DISEASE		0			A	MONDO:0015273	complete atrioventricular septal defect	EXACT	Complete atrioventricular septal defect	1	HP:0001674
ICD10CM:Q21.3	Tetralogy of Fallot	4	0	DISEASE		1	equivalentTo	MONDO:0008542	A	MONDO:0008542	tetralogy of fallot	name	Tetralogy of Fallot	1	HP:0001636
ICD10CM:Q21.4	Aortopulmonary septal defect	4	0	DISEASE		1	equivalentTo	MONDO:0021902	A	MONDO:0016077	congenital aortopulmonary septal defect	EXACT	Aortopulmonary septal defect	2	
ICD10CM:Q21.8	Other congenital malformations of cardiac septa	4	0	RESIDUAL		0			-					0	
ICD10CM:Q21.9	Congenital malformation of cardiac septum, unspecified	4	0	RESIDUAL		1	provenance-only:doid	MONDO:0002078	A	MONDO:0002078	congenital septal defect	EXACT	Septal (heart) defect NOS	1	
ICD10CM:Q22	Congenital malformations of pulmonary and tricuspid valves	3	9	CONTAINER		0			-					0	
ICD10CM:Q22.0	Pulmonary valve atresia	4	0	PHENOTYPE		0			-					0	HP:0010882
ICD10CM:Q22.1	Congenital pulmonary valve stenosis	4	0	DISEASE		1	equivalentTo	MONDO:0017865	A	MONDO:0006936	pulmonary valve stenosis	name	Congenital pulmonary valve stenosis	2	HP:0001642
ICD10CM:Q22.2	Congenital pulmonary valve insufficiency	4	0	DISEASE		3	provenance-only:orphanet	MONDO:0015103;MONDO:0020064;MONDO:0020389	A	MONDO:0001927	pulmonary valve insufficiency	name	Congenital pulmonary valve insufficiency	1	HP:0010444
ICD10CM:Q22.3	Other congenital malformations of pulmonary valve	4	0	RESIDUAL		0			B	MONDO:0003628	pulmonary valve disorder	name	Other congenital malformations of pulmonary valve	1	
ICD10CM:Q22.4	Congenital tricuspid stenosis	4	0	DISEASE		1	equivalentTo	MONDO:0019813	A	MONDO:0019813	congenital tricuspid stenosis	name	Congenital tricuspid stenosis	2	HP:0010446
ICD10CM:Q22.5	Ebstein's anomaly	4	0	DISEASE		1	equivalentTo	MONDO:0009144	A	MONDO:0009144	Ebstein's anomaly	EXACT	Ebstein's anomaly	1	HP:0010316
ICD10CM:Q22.6	Hypoplastic right heart syndrome	4	0	DISEASE		1	equivalentTo	MONDO:0020291	A	MONDO:0020291	hypoplastic right heart syndrome	name	Hypoplastic right heart syndrome	1	HP:0010954
ICD10CM:Q22.8	Other congenital malformations of tricuspid valve	4	0	RESIDUAL		8	narrowerThanSource;orphanet-btnt;provenance-only:orphanet	MONDO:0007001;MONDO:0019814;MONDO:0019815;MONDO:0020289;MONDO:0020396	B	MONDO:0000471	tricuspid valve disorder	name	Other congenital malformations of tricuspid valve	1	
ICD10CM:Q22.9	Congenital malformation of tricuspid valve, unspecified	4	0	RESIDUAL		1	orphanet-btnt	MONDO:0020289	B	MONDO:0000471	tricuspid valve disorder	name	Congenital malformation of tricuspid valve, unspecified	1	
ICD10CM:Q23	Congenital malformations of aortic and mitral valves	3	7	CONTAINER		1	equivalentTo	MONDO:0019817	-					0	
ICD10CM:Q23.0	Congenital stenosis of aortic valve	4	0	DISEASE		4	orphanet-exact;provenance-only:doid;provenance-only:orphanet	MONDO:0015097;MONDO:0017735;MONDO:0019808;MONDO:0042981	B	MONDO:0017735	congenital aortic valve stenosis	name	Congenital stenosis of aortic valve	2	
ICD10CM:Q23.1	Congenital insufficiency of aortic valve	4	0	DISEASE		1	equivalentTo	MONDO:0019809	A	MONDO:0019809	congenital insufficiency of aortic valve	EXACT	Congenital insufficiency of aortic valve	2	
ICD10CM:Q23.2	Congenital mitral stenosis	4	0	DISEASE		1	equivalentTo	MONDO:0020398	A	MONDO:0020398	congenital mitral stenosis	name	Congenital mitral stenosis	2	HP:0001718;HP:0011570
ICD10CM:Q23.3	Congenital mitral insufficiency	4	0	DISEASE		1	equivalentTo	MONDO:0001298	A	MONDO:0001298	congenital mitral insufficiency	EXACT	Congenital mitral insufficiency	2	HP:0001653
ICD10CM:Q23.4	Hypoplastic left heart syndrome	4	0	DISEASE		1	equivalentTo	MONDO:0004933	A	MONDO:0004933	hypoplastic left heart syndrome	name	Hypoplastic left heart syndrome	1	
ICD10CM:Q23.8	Other congenital malformations of aortic and mitral valves	4	3	RESIDUAL		6	provenance-only:orphanet	MONDO:0010574;MONDO:0015109;MONDO:0019819;MONDO:0020402;MONDO:0020404	-					0	
ICD10CM:Q23.81	Bicuspid aortic valve	5	0	PHENOTYPE		0			-					0	HP:0001647
ICD10CM:Q23.82	Congenital mitral valve cleft leaflet	5	0	DISEASE		0			-					0	
ICD10CM:Q23.88	Other congenital malformations of aortic and mitral valves	5	0	RESIDUAL		0			-					0	
ICD10CM:Q23.9	Congenital malformation of aortic and mitral valves, unspecified	4	0	RESIDUAL		0			-					0	
ICD10CM:Q24	Other congenital malformations of heart	3	9	RESIDUAL		0			B	MONDO:0005267	heart disorder	name	Other congenital malformations of heart	3	
ICD10CM:Q24.0	Dextrocardia	4	0	DISEASE		1	equivalentTo	MONDO:0015661	A	MONDO:0015661	dextrocardia	name	Dextrocardia	1	HP:0001651
ICD10CM:Q24.1	Levocardia	4	0	DISEASE		1	equivalentTo	MONDO:0019862	A	MONDO:0019862	levocardia	name	Levocardia	1	
ICD10CM:Q24.2	Cor triatriatum	4	0	DISEASE		1	equivalentTo	MONDO:0015450	A	MONDO:0015450	Cor Triatriatum	EXACT	Cor triatriatum	1	HP:0010774
ICD10CM:Q24.3	Pulmonary infundibular stenosis	4	0	DISEASE		1	equivalentTo	MONDO:0006935	A	MONDO:0006935	pulmonary infundibular stenosis	EXACT	Pulmonary infundibular stenosis	1	
ICD10CM:Q24.4	Congenital subaortic stenosis	4	0	PHENOTYPE		4	orphanet-exact;provenance-only:orphanet	MONDO:0017727;MONDO:0020393;MONDO:0020394	-					0	HP:0001682
ICD10CM:Q24.5	Malformation of coronary vessels	4	0	DISEASE		14	narrowerThanSource;orphanet-exact;provenance-only:orphanet	MONDO:0015203;MONDO:0016081;MONDO:0019825;MONDO:0020421;MONDO:0020422	A	MONDO:0006714	coronary aneurysm	name	Congenital coronary (artery) aneurysm	2	
ICD10CM:Q24.6	Congenital heart block	4	0	DISEASE		1	equivalentTo	MONDO:0009326	A	MONDO:0009326	congenital heart block	name	Congenital heart block	1	HP:0012722
ICD10CM:Q24.8	Other specified congenital malformations of heart	4	0	RESIDUAL		14	narrowerThanSource;provenance-only:doid;provenance-only:orphanet	MONDO:0007152;MONDO:0010753;MONDO:0015449;MONDO:0015677;MONDO:0016515	B	MONDO:0000474	pericardium disorder	name	Congenital malformation of pericardium	6	
ICD10CM:Q24.9	Congenital malformation of heart, unspecified	4	0	RESIDUAL		1	provenance-only:doid	MONDO:0005453	B	MONDO:0005267	heart disorder	name	Congenital malformation of heart, unspecified	3	
ICD10CM:Q25	Congenital malformations of great arteries	3	10	CONTAINER		0			B	MONDO:0020292	congenital anomaly of the great arteries	name	Congenital malformations of great arteries	1	
ICD10CM:Q25.0	Patent ductus arteriosus	4	0	DISEASE		1	equivalentTo	MONDO:0011827	A	MONDO:0011827	patent ductus arteriosus	name	Patent ductus arteriosus	1	HP:0001643
ICD10CM:Q25.1	Coarctation of aorta	4	0	PHENOTYPE		1	equivalentTo	MONDO:0007345	B	MONDO:0007345	aorta coarctation	name	Coarctation of aorta	1	HP:0001680
ICD10CM:Q25.2	Atresia of aorta	4	2	DISEASE		1	equivalentTo	MONDO:0001863	B	MONDO:0001863	aorta atresia	name	Atresia of aorta	1	
ICD10CM:Q25.21	Interruption of aortic arch	5	0	DISEASE		1	equivalentTo	MONDO:0009010	B	MONDO:0009010	aortic arch interruption	name	Interruption of aortic arch	1	
ICD10CM:Q25.29	Other atresia of aorta	5	0	RESIDUAL		0			B	MONDO:0001863	aorta atresia	name	Other atresia of aorta	1	
ICD10CM:Q25.3	Supravalvular aortic stenosis	4	0	DISEASE		1	equivalentTo	MONDO:0008504	A	MONDO:0008504	supravalvular aortic stenosis	name	Supravalvular aortic stenosis	1	HP:0004381
ICD10CM:Q25.4	Other congenital malformations of aorta	4	10	RESIDUAL		12	provenance-only:orphanet	MONDO:0009010;MONDO:0015197;MONDO:0015236;MONDO:0017991;MONDO:0019821	B	MONDO:0005561	aorta disease	EXACT	Other congenital malformations of aorta	1	
ICD10CM:Q25.40	Congenital malformation of aorta unspecified	5	0	RESIDUAL		0			B	MONDO:0005561	aorta disease	EXACT	Congenital malformation of aorta unspecified	1	
ICD10CM:Q25.41	Absence and aplasia of aorta	5	0	DISEASE		0			-					0	
ICD10CM:Q25.42	Hypoplasia of aorta	5	0	DISEASE		0			-					0	
ICD10CM:Q25.43	Congenital aneurysm of aorta	5	0	DISEASE		0			-					0	
ICD10CM:Q25.44	Congenital dilation of aorta	5	0	DISEASE		0			-					0	
ICD10CM:Q25.45	Double aortic arch	5	0	PHENOTYPE		0			-					0	HP:0011590
ICD10CM:Q25.46	Tortuous aortic arch	5	0	DISEASE		0			-					0	
ICD10CM:Q25.47	Right aortic arch	5	0	DISEASE		1	equivalentTo	MONDO:0020417	A	MONDO:0020417	right aortic arch	name	Right aortic arch	1	HP:0012020
ICD10CM:Q25.48	Anomalous origin of subclavian artery	5	0	DISEASE		0			-					0	
ICD10CM:Q25.49	Other congenital malformations of aorta	5	0	RESIDUAL		0			B	MONDO:0015236	aortic arch defects	name	Aortic arch	2	
ICD10CM:Q25.5	Atresia of pulmonary artery	4	0	DISEASE		1	provenance-only:orphanet	MONDO:0008343	-					0	
ICD10CM:Q25.6	Stenosis of pulmonary artery	4	0	DISEASE		2	orphanet-exact	MONDO:0017870;MONDO:0020420	A	MONDO:0017870	supravalvular pulmonary stenosis	name	Supravalvular pulmonary stenosis	1	
ICD10CM:Q25.7	Other congenital malformations of pulmonary artery	4	3	RESIDUAL		6	provenance-only:orphanet	MONDO:0015239;MONDO:0020007;MONDO:0020390;MONDO:0020391;MONDO:0020419	B	MONDO:0851102	pulmonary artery disease	name	Other congenital malformations of pulmonary artery	1	
ICD10CM:Q25.71	Coarctation of pulmonary artery	5	0	DISEASE		0			-					0	
ICD10CM:Q25.72	Congenital pulmonary arteriovenous malformation	5	0	PHENOTYPE		0			-					0	HP:0006548
ICD10CM:Q25.79	Other congenital malformations of pulmonary artery	5	0	RESIDUAL		0			B	MONDO:0020419	pulmonary artery hypoplasia	name	Hypoplasia of pulmonary artery	3	
ICD10CM:Q25.8	Other congenital malformations of other great arteries	4	0	RESIDUAL		2	provenance-only:orphanet	MONDO:0019823;MONDO:0020412	B	MONDO:0020292	congenital anomaly of the great arteries	name	Other congenital malformations of other great arteries	1	
ICD10CM:Q25.9	Congenital malformation of great arteries, unspecified	4	0	RESIDUAL		0			B	MONDO:0020292	congenital anomaly of the great arteries	name	Congenital malformation of great arteries, unspecified	1	
ICD10CM:Q26	Congenital malformations of great veins	3	9	CONTAINER		0			-					0	
ICD10CM:Q26.0	Congenital stenosis of vena cava	4	0	DISEASE		1	provenance-only:orphanet	MONDO:0020451	-					0	
ICD10CM:Q26.1	Persistent left superior vena cava	4	0	PHENOTYPE		2	provenance-only:orphanet	MONDO:0020440;MONDO:0020442	-					0	HP:0005301
ICD10CM:Q26.2	Total anomalous pulmonary venous connection	4	0	PHENOTYPE		2	orphanet-btnt;orphanet-exact	MONDO:0007130;MONDO:0017705	-					0	HP:0005160
ICD10CM:Q26.3	Partial anomalous pulmonary venous connection	4	0	DISEASE		1	equivalentTo	MONDO:0020453	A	MONDO:0020453	Partial anomalous pulmonary Venous connection	EXACT	Partial anomalous pulmonary venous connection	1	HP:0010773
ICD10CM:Q26.4	Anomalous pulmonary venous connection, unspecified	4	0	RESIDUAL		1	orphanet-btnt	MONDO:0017705	-					0	
ICD10CM:Q26.5	Anomalous portal venous connection	4	0	DISEASE		0			-					0	
ICD10CM:Q26.6	Portal vein-hepatic artery fistula	4	0	DISEASE		0			-					0	
ICD10CM:Q26.8	Other congenital malformations of great veins	4	0	RESIDUAL		11	provenance-only:doid;provenance-only:orphanet	MONDO:0007130;MONDO:0015987;MONDO:0019836;MONDO:0020441;MONDO:0020443	B	MONDO:0015987	scimitar syndrome	name	Scimitar syndrome	2	
ICD10CM:Q26.9	Congenital malformation of great vein, unspecified	4	0	RESIDUAL		2	provenance-only:orphanet	MONDO:0019829;MONDO:0019830	-					0	
ICD10CM:Q27	Other congenital malformations of peripheral vascular system	3	7	RESIDUAL		0			-					0	
ICD10CM:Q27.0	Congenital absence and hypoplasia of umbilical artery	4	0	DISEASE		0			-					0	
ICD10CM:Q27.1	Congenital renal artery stenosis	4	0	DISEASE		1	equivalentTo	MONDO:0019993	A	MONDO:0019993	congenital renal artery stenosis	name	Congenital renal artery stenosis	1	HP:0001920
ICD10CM:Q27.2	Other congenital malformations of renal artery	4	0	RESIDUAL		0			B	MONDO:0002286	renal artery disease	name	Other congenital malformations of renal artery	1	
ICD10CM:Q27.3	Arteriovenous malformation (peripheral)	4	6	PHENOTYPE		8	orphanet-exact;provenance-only:orphanet	MONDO:0012016;MONDO:0015400;MONDO:0015401;MONDO:0015402;MONDO:0015500	-					0	HP:0100026
ICD10CM:Q27.30	Arteriovenous malformation, site unspecified	5	0	RESIDUAL		0			-					0	
ICD10CM:Q27.31	Arteriovenous malformation of vessel of upper limb	5	0	DISEASE		0			-					0	
ICD10CM:Q27.32	Arteriovenous malformation of vessel of lower limb	5	0	DISEASE		0			-					0	
ICD10CM:Q27.33	Arteriovenous malformation of digestive system vessel	5	0	DISEASE		0			-					0	
ICD10CM:Q27.34	Arteriovenous malformation of renal vessel	5	0	DISEASE		0			-					0	
ICD10CM:Q27.39	Arteriovenous malformation, other site	5	0	DISEASE		0			-					0	
ICD10CM:Q27.4	Congenital phlebectasia	4	0	DISEASE		1	provenance-only:orphanet	MONDO:0016311	-					0	
ICD10CM:Q27.8	Other specified congenital malformations of peripheral vascular system	4	0	RESIDUAL		4	provenance-only:orphanet	MONDO:0007203;MONDO:0007672;MONDO:0010842	A	MONDO:0008638	varix	EXACT	Congenital varix	1	
ICD10CM:Q27.9	Congenital malformation of peripheral vascular system, unspecified	4	0	RESIDUAL		0			-					0	
ICD10CM:Q28	Other congenital malformations of circulatory system	3	6	RESIDUAL		0			-					0	
ICD10CM:Q28.0	Arteriovenous malformation of precerebral vessels	4	0	DISEASE		0			-					0	
ICD10CM:Q28.1	Other malformations of precerebral vessels	4	0	RESIDUAL		1	provenance-only:orphanet	MONDO:0020048	-					0	
ICD10CM:Q28.2	Arteriovenous malformation of cerebral vessels	4	0	DISEASE		6	provenance-only:orphanet	MONDO:0007154;MONDO:0015196;MONDO:0015405;MONDO:0015406;MONDO:0015407	B	MONDO:0007154	arteriovenous malformations of the brain	name	Arteriovenous malformation of brain NOS	1	
ICD10CM:Q28.3	Other malformations of cerebral vessels	4	0	RESIDUAL		4	provenance-only:doid;provenance-only:orphanet	MONDO:0011304;MONDO:0011305;MONDO:0019972;MONDO:0031037	-					0	
ICD10CM:Q28.8	Other specified congenital malformations of circulatory system	4	0	RESIDUAL		3	provenance-only:orphanet	MONDO:0011676;MONDO:0015296;MONDO:0018870	-					0	
ICD10CM:Q28.9	Congenital malformation of circulatory system, unspecified	4	0	RESIDUAL		0			-					0	
ICD10CM:Q30	Congenital malformations of nose	3	6	CONTAINER		0			B	MONDO:0002436	disease of nose	EXACT	Congenital malformations of nose	1	
ICD10CM:Q30-Q34	Congenital malformations of the respiratory system (Q30-Q34)	2	5	BLOCK		1	provenance-only:other	MONDO:0005087	B	MONDO:0005087	respiratory system disorder	name	Congenital malformations of the respiratory system (Q30-Q34)	1	
ICD10CM:Q30.0	Choanal atresia	4	0	DISEASE		1	equivalentTo	MONDO:0012155	A	MONDO:0012155	choanal atresia	name	Choanal atresia	1	HP:0000453
ICD10CM:Q30.1	Agenesis and underdevelopment of nose	4	0	DISEASE		2	orphanet-btnt;provenance-only:orphanet	MONDO:0015237	-					0	
ICD10CM:Q30.2	Fissured, notched and cleft nose	4	0	CONTAINER		2	orphanet-btnt;provenance-only:orphanet	MONDO:0000110	-					0	
ICD10CM:Q30.3	Congenital perforated nasal septum	4	0	DISEASE		1	orphanet-btnt		-					0	
ICD10CM:Q30.8	Other congenital malformations of nose	4	0	RESIDUAL		8	orphanet-btnt;provenance-only:orphanet	MONDO:0007398;MONDO:0015388;MONDO:0015389;MONDO:0015390;MONDO:0015568	B	MONDO:0002436	disease of nose	EXACT	Other congenital malformations of nose	1	
ICD10CM:Q30.9	Congenital malformation of nose, unspecified	4	0	RESIDUAL		1	orphanet-btnt		B	MONDO:0002436	disease of nose	EXACT	Congenital malformation of nose, unspecified	1	
ICD10CM:Q31	Congenital malformations of larynx	3	7	CONTAINER		0			B	MONDO:0004382	disease of larynx	EXACT	Congenital malformations of larynx	1	
ICD10CM:Q31.0	Web of larynx	4	0	DISEASE		2	orphanet-btnt;orphanet-specific	MONDO:0007880	-					0	
ICD10CM:Q31.1	Congenital subglottic stenosis	4	0	DISEASE		1	equivalentTo	MONDO:0015395	A	MONDO:0015395	congenital subglottic stenosis	name	Congenital subglottic stenosis	1	HP:0001607
ICD10CM:Q31.2	Laryngeal hypoplasia	4	0	PHENOTYPE		0			-					0	HP:0008749
ICD10CM:Q31.3	Laryngocele	4	0	DISEASE		1	equivalentTo	MONDO:0016530	A	MONDO:0016530	laryngocele	name	Laryngocele	1	
ICD10CM:Q31.5	Congenital laryngomalacia	4	0	DISEASE		1	equivalentTo	MONDO:0007878	A	MONDO:0007878	congenital laryngomalacia	name	Congenital laryngomalacia	1	HP:0001601
ICD10CM:Q31.8	Other congenital malformations of larynx	4	0	RESIDUAL		3	orphanet-btnt;provenance-only:orphanet	MONDO:0007879;MONDO:0015396	B	MONDO:0007879	larynx atresia	name	Atresia of larynx	3	
ICD10CM:Q31.9	Congenital malformation of larynx, unspecified	4	0	RESIDUAL		1	orphanet-btnt		B	MONDO:0004382	disease of larynx	EXACT	Congenital malformation of larynx, unspecified	1	
ICD10CM:Q32	Congenital malformations of trachea and bronchus	3	5	CONTAINER		0			-					0	
ICD10CM:Q32.0	Congenital tracheomalacia	4	0	DISEASE		1	orphanet-specific	MONDO:0019804	A	MONDO:0019804	congenital tracheomalacia	name	Congenital tracheomalacia	1	HP:0002779
ICD10CM:Q32.1	Other congenital malformations of trachea	4	0	RESIDUAL		8	provenance-only:orphanet	MONDO:0011340;MONDO:0016060;MONDO:0017220;MONDO:0018058;MONDO:0019761	B	MONDO:0002567	disease of trachea	EXACT	Other congenital malformations of trachea	1	
ICD10CM:Q32.2	Congenital bronchomalacia	4	0	PHENOTYPE		0			-					0	HP:0002780
ICD10CM:Q32.3	Congenital stenosis of bronchus	4	0	DISEASE		0			-					0	
ICD10CM:Q32.4	Other congenital malformations of bronchus	4	0	RESIDUAL		1	provenance-only:orphanet	MONDO:0016080	B	MONDO:0001358	bronchus disease	EXACT	Other congenital malformations of bronchus	1	
ICD10CM:Q33	Congenital malformations of lung	3	9	CONTAINER		0			B	MONDO:0005275	lung disorder	name	Congenital malformations of lung	1	
ICD10CM:Q33.0	Congenital cystic lung	4	0	DISEASE		6	provenance-only:orphanet	MONDO:0016580;MONDO:0017248;MONDO:0017249;MONDO:0017250;MONDO:0017251	B	MONDO:0009060	cystic disease of lung	name	Congenital cystic lung	2	
ICD10CM:Q33.1	Accessory lobe of lung	4	0	DISEASE		0			-					0	
ICD10CM:Q33.2	Sequestration of lung	4	0	DISEASE		4	orphanet-exact;provenance-only:orphanet	MONDO:0017245;MONDO:0017246;MONDO:0017247;MONDO:0017843	A	MONDO:0017843	congenital sequestration of lung	EXACT	Sequestration of lung	1	
ICD10CM:Q33.3	Agenesis of lung	4	0	DISEASE		1	equivalentTo	MONDO:0020110	A	MONDO:0020110	congenital absence of lung	EXACT	Congenital absence of lung (lobe)	1	
ICD10CM:Q33.4	Congenital bronchiectasis	4	0	DISEASE		1	provenance-only:orphanet	MONDO:0008888	A	MONDO:0004822	bronchiectasis	name	Congenital bronchiectasis	1	HP:0002110
ICD10CM:Q33.5	Ectopic tissue in lung	4	0	DISEASE		0			-					0	
ICD10CM:Q33.6	Congenital hypoplasia and dysplasia of lung	4	0	DISEASE		1	provenance-only:orphanet	MONDO:0009936	-					0	
ICD10CM:Q33.8	Other congenital malformations of lung	4	0	RESIDUAL		2	provenance-only:orphanet	MONDO:0007536;MONDO:0009933	B	MONDO:0005275	lung disorder	name	Other congenital malformations of lung	1	
ICD10CM:Q33.9	Congenital malformation of lung, unspecified	4	0	RESIDUAL		0			B	MONDO:0005275	lung disorder	name	Congenital malformation of lung, unspecified	1	
ICD10CM:Q34	Other congenital malformations of respiratory system	3	4	RESIDUAL		0			B	MONDO:0005087	respiratory system disorder	name	Other congenital malformations of respiratory system	1	
ICD10CM:Q34.0	Anomaly of pleura	4	0	DISEASE		0			B	MONDO:0002037	disease of pleura	EXACT	Anomaly of pleura	1	
ICD10CM:Q34.1	Congenital cyst of mediastinum	4	0	DISEASE		0			-					0	
ICD10CM:Q34.8	Other specified congenital malformations of respiratory system	4	0	RESIDUAL		33	provenance-only:doid;provenance-only:orphanet	MONDO:0009484;MONDO:0011718;MONDO:0012085;MONDO:0012087;MONDO:0012088	B	MONDO:0005087	respiratory system disorder	name	Other specified congenital malformations of respiratory system	1	
ICD10CM:Q34.9	Congenital malformation of respiratory system, unspecified	4	0	RESIDUAL		0			B	MONDO:0005087	respiratory system disorder	name	Congenital malformation of respiratory system, unspecified	1	
ICD10CM:Q35	Cleft palate	3	5	DISEASE		1	equivalentTo	MONDO:0016064	A	MONDO:0016064	cleft palate	name	Cleft palate	1	HP:0000175
ICD10CM:Q35-Q37	Cleft lip and cleft palate (Q35-Q37)	2	3	BLOCK		1	equivalentTo	MONDO:0016044	B	MONDO:0016044	cleft lip/palate	name	Cleft lip and cleft palate (Q35-Q37)	1	
ICD10CM:Q35.1	Cleft hard palate	4	0	DISEASE		1	equivalentTo	MONDO:0015092	A	MONDO:0015092	cleft hard palate	name	Cleft hard palate	1	HP:0410005
ICD10CM:Q35.3	Cleft soft palate	4	0	DISEASE		1	equivalentTo	MONDO:0007338	A	MONDO:0007338	cleft soft palate	name	Cleft soft palate	1	HP:0000185
ICD10CM:Q35.5	Cleft hard palate with cleft soft palate	4	0	DISEASE		2	orphanet-btnt;provenance-only:doid	MONDO:0007336;MONDO:0016064	B	MONDO:0971092	soft and hard cleft palate	name	Cleft hard palate with cleft soft palate	1	
ICD10CM:Q35.7	Cleft uvula	4	0	PHENOTYPE		3	orphanet-btnt;orphanet-exact;provenance-only:doid	MONDO:0007336;MONDO:0008637;MONDO:0016064	-					0	HP:0000193
ICD10CM:Q35.9	Cleft palate, unspecified	4	0	RESIDUAL		4	orphanet-btnt;provenance-only:doid;provenance-only:orphanet	MONDO:0007336;MONDO:0010560;MONDO:0015479;MONDO:0016064	A	MONDO:0016064	cleft palate	name	Cleft palate, unspecified	1	HP:0000175
ICD10CM:Q36	Cleft lip	3	3	DISEASE		1	equivalentTo	MONDO:0004747	A	MONDO:0004747	cleft lip	name	Cleft lip	1	HP:0410030
ICD10CM:Q36.0	Cleft lip, bilateral	4	0	LATERALITY		3	orphanet-btnt	MONDO:0015420;MONDO:0016043	-					0	
ICD10CM:Q36.1	Cleft lip, median	4	0	DISEASE		5	orphanet-btnt;provenance-only:orphanet	MONDO:0014388;MONDO:0015420;MONDO:0016043;MONDO:0016062	-					0	
ICD10CM:Q36.9	Cleft lip, unilateral	4	0	LATERALITY		4	orphanet-btnt;provenance-only:doid	MONDO:0004747;MONDO:0015420;MONDO:0016043	A	MONDO:0004747	cleft lip	name	Cleft lip NOS	1	
ICD10CM:Q37	Cleft palate with cleft lip	3	8	DISEASE		0			B	MONDO:0016044	cleft lip/palate	name	Cleft palate with cleft lip	1	
ICD10CM:Q37.0	Cleft hard palate with bilateral cleft lip	4	0	LATERALITY		2	orphanet-btnt	MONDO:0016044	-					0	
ICD10CM:Q37.1	Cleft hard palate with unilateral cleft lip	4	0	LATERALITY		2	orphanet-btnt	MONDO:0016044	-					0	
ICD10CM:Q37.2	Cleft soft palate with bilateral cleft lip	4	0	LATERALITY		2	orphanet-btnt	MONDO:0016044	-					0	
ICD10CM:Q37.3	Cleft soft palate with unilateral cleft lip	4	0	LATERALITY		2	orphanet-btnt	MONDO:0016044	-					0	
ICD10CM:Q37.4	Cleft hard and soft palate with bilateral cleft lip	4	0	LATERALITY		2	orphanet-btnt	MONDO:0016044	-					0	
ICD10CM:Q37.5	Cleft hard and soft palate with unilateral cleft lip	4	0	LATERALITY		2	orphanet-btnt	MONDO:0016044	-					0	
ICD10CM:Q37.8	Unspecified cleft palate with bilateral cleft lip	4	0	RESIDUAL		2	orphanet-btnt	MONDO:0016044	-					0	
ICD10CM:Q37.9	Unspecified cleft palate with unilateral cleft lip	4	0	RESIDUAL		2	orphanet-btnt	MONDO:0016044	B	MONDO:0016044	cleft lip/palate	name	Cleft palate with cleft lip NOS	1	
ICD10CM:Q38	Other congenital malformations of tongue, mouth and pharynx	3	9	RESIDUAL		0			-					0	
ICD10CM:Q38-Q45	Other congenital malformations of the digestive system (Q38-Q45)	2	8	BLOCK		1	provenance-only:other		B	MONDO:0004335	digestive system disorder	name	Other congenital malformations of the digestive system (Q38-Q45)	1	
ICD10CM:Q38.0	Congenital malformations of lips, not elsewhere classified	4	0	CONTAINER		3	provenance-only:orphanet	MONDO:0015381;MONDO:0015382;MONDO:0019508	B	MONDO:0004748	lip disorder	name	Congenital malformations of lips, not elsewhere classified	1	
ICD10CM:Q38.1	Ankyloglossia	4	0	DISEASE		1	equivalentTo	MONDO:0007125	A	MONDO:0007125	ankyloglossia	name	Ankyloglossia	1	HP:0010296
ICD10CM:Q38.2	Macroglossia	4	0	DISEASE		2	orphanet-specific;provenance-only:orphanet	MONDO:0007927;MONDO:0015496	A	MONDO:0007927	congenital macroglossia	name	Macroglossia	2	HP:0000158
ICD10CM:Q38.3	Other congenital malformations of tongue	4	0	RESIDUAL		6	narrowerThanSource;provenance-only:orphanet	MONDO:0013003;MONDO:0015384;MONDO:0015399;MONDO:0035410;MONDO:0035411	B	MONDO:0001165	tongue disorder	name	Other congenital malformations of tongue	2	
ICD10CM:Q38.4	Congenital malformations of salivary glands and ducts	4	0	CONTAINER		1	provenance-only:orphanet	MONDO:0008397	-					0	
ICD10CM:Q38.5	Congenital malformations of palate, not elsewhere classified	4	0	CONTAINER		0			-					0	
ICD10CM:Q38.6	Other congenital malformations of mouth	4	0	RESIDUAL		1	provenance-only:orphanet	MONDO:0015748	B	MONDO:0006858	mouth disorder	name	Other congenital malformations of mouth	1	
ICD10CM:Q38.7	Congenital pharyngeal pouch	4	0	DISEASE		0			-					0	
ICD10CM:Q38.8	Other congenital malformations of pharynx	4	0	RESIDUAL		0			B	MONDO:0020592	disorder of pharynx	name	Other congenital malformations of pharynx	1	
ICD10CM:Q39	Congenital malformations of esophagus	3	9	CONTAINER		0			B	MONDO:0003749	disease of esophagus	EXACT	Congenital malformations of esophagus	1	
ICD10CM:Q39.0	Atresia of esophagus without fistula	4	0	DISEASE		2	orphanet-exact;provenance-only:doid	MONDO:0001044;MONDO:0008586	A	MONDO:0001044	congenital atresia of esophagus	EXACT	Atresia of esophagus NOS	1	
ICD10CM:Q39.1	Atresia of esophagus with tracheo-esophageal fistula	4	0	DISEASE		1	orphanet-exact	MONDO:0008586	-					0	
ICD10CM:Q39.2	Congenital tracheo-esophageal fistula without atresia	4	0	DISEASE		1	orphanet-exact	MONDO:0018694	A	MONDO:0018694	tracheo-esophageal fistula	EXACT	Congenital tracheo-esophageal fistula NOS	1	
ICD10CM:Q39.3	Congenital stenosis and stricture of esophagus	4	0	DISEASE		0			-					0	
ICD10CM:Q39.4	Esophageal web	4	0	PHENOTYPE		0			-					0	HP:0100594
ICD10CM:Q39.5	Congenital dilatation of esophagus	4	0	DISEASE		1	provenance-only:orphanet	MONDO:0008699	A	MONDO:0008698	cardiospasm	EXACT	Congenital cardiospasm	1	
ICD10CM:Q39.6	Congenital diverticulum of esophagus	4	0	DISEASE		1	equivalentTo	MONDO:0019620	A	MONDO:0019620	congenital esophageal pouch	EXACT	Congenital esophageal pouch	1	
ICD10CM:Q39.8	Other congenital malformations of esophagus	4	0	RESIDUAL		3	provenance-only:orphanet	MONDO:0015050;MONDO:0015051	B	MONDO:0003749	disease of esophagus	EXACT	Other congenital malformations of esophagus	1	
ICD10CM:Q39.9	Congenital malformation of esophagus, unspecified	4	0	RESIDUAL		0			B	MONDO:0003749	disease of esophagus	EXACT	Congenital malformation of esophagus, unspecified	1	
ICD10CM:Q40	Other congenital malformations of upper alimentary tract	3	6	RESIDUAL		0			-					0	
ICD10CM:Q40.0	Congenital hypertrophic pyloric stenosis	4	0	DISEASE		1	equivalentTo	MONDO:0001560	A	MONDO:0001560	hypertrophic pyloric stenosis	name	Congenital hypertrophic pyloric stenosis	1	
ICD10CM:Q40.1	Congenital hiatus hernia	4	0	DISEASE		1	equivalentTo	MONDO:0001562	A	MONDO:0007721	hiatus hernia	name	Congenital hiatus hernia	2	HP:0002036
ICD10CM:Q40.2	Other specified congenital malformations of stomach	4	0	RESIDUAL		1	provenance-only:orphanet	MONDO:0016041	B	MONDO:0004298	stomach disorder	name	Other specified congenital malformations of stomach	2	
ICD10CM:Q40.3	Congenital malformation of stomach, unspecified	4	0	RESIDUAL		0			B	MONDO:0004298	stomach disorder	name	Congenital malformation of stomach, unspecified	1	
ICD10CM:Q40.8	Other specified congenital malformations of upper alimentary tract	4	0	RESIDUAL		0			-					0	
ICD10CM:Q40.9	Congenital malformation of upper alimentary tract, unspecified	4	0	RESIDUAL		0			-					0	
ICD10CM:Q41	Congenital absence, atresia and stenosis of small intestine	3	5	CONTAINER		0			-					0	
ICD10CM:Q41.0	Congenital absence, atresia and stenosis of duodenum	4	0	CONTAINER		3	orphanet-btnt;provenance-only:orphanet	MONDO:0009126;MONDO:0009476	-					0	
ICD10CM:Q41.1	Congenital absence, atresia and stenosis of jejunum	4	0	CONTAINER		2	orphanet-btnt;provenance-only:doid	MONDO:0001045;MONDO:0009476	A	MONDO:0009476	apple peel syndrome	EXACT	Apple peel syndrome	1	
ICD10CM:Q41.2	Congenital absence, atresia and stenosis of ileum	4	0	CONTAINER		1	orphanet-btnt	MONDO:0009476	-					0	
ICD10CM:Q41.8	Congenital absence, atresia and stenosis of other specified parts of small intestine	4	0	RESIDUAL		1	orphanet-btnt	MONDO:0009476	-					0	
ICD10CM:Q41.9	Congenital absence, atresia and stenosis of small intestine, part unspecified	4	0	RESIDUAL		1	orphanet-btnt	MONDO:0009476	-					0	
ICD10CM:Q42	Congenital absence, atresia and stenosis of large intestine	3	6	CONTAINER		0			-					0	
ICD10CM:Q42.0	Congenital absence, atresia and stenosis of rectum with fistula	4	0	CONTAINER		3	orphanet-specific;provenance-only:orphanet	MONDO:0015731;MONDO:0015732	-					0	
ICD10CM:Q42.1	Congenital absence, atresia and stenosis of rectum without fistula	4	0	CONTAINER		3	orphanet-specific;provenance-only:orphanet	MONDO:0015731;MONDO:0015732	-					0	
ICD10CM:Q42.2	Congenital absence, atresia and stenosis of anus with fistula	4	0	CONTAINER		2	orphanet-btnt;orphanet-specific	MONDO:0015733	-					0	
ICD10CM:Q42.3	Congenital absence, atresia and stenosis of anus without fistula	4	0	CONTAINER		1	equivalentTo	MONDO:0001046	A	MONDO:0001046	imperforate anus	name	Imperforate anus	1	
ICD10CM:Q42.8	Congenital absence, atresia and stenosis of other parts of large intestine	4	0	CONTAINER		0			-					0	
ICD10CM:Q42.9	Congenital absence, atresia and stenosis of large intestine, part unspecified	4	0	RESIDUAL		1	provenance-only:orphanet	MONDO:0010562	-					0	
ICD10CM:Q43	Other congenital malformations of intestine	3	10	RESIDUAL		0			B	MONDO:0005020	disease of intestine	EXACT	Other congenital malformations of intestine	1	
ICD10CM:Q43.0	Meckel's diverticulum (displaced) (hypertrophic)	4	0	DISEASE		1	equivalentTo	MONDO:0007955	A	MONDO:0007955	Meckel's diverticulum	EXACT	Meckel's diverticulum (displaced) (hypertrophic)	1	
ICD10CM:Q43.1	Hirschsprung's disease	4	0	DISEASE		1	equivalentTo	MONDO:0018309	A	MONDO:0018309	Hirschsprung's disease	EXACT	Hirschsprung's disease	1	
ICD10CM:Q43.2	Other congenital functional disorders of colon	4	0	RESIDUAL		0			-					0	
ICD10CM:Q43.3	Congenital malformations of intestinal fixation	4	0	CONTAINER		2	provenance-only:orphanet	MONDO:0016583;MONDO:0018962	A	MONDO:0018962	universal mesentery	EXACT	Universal mesentery	1	
ICD10CM:Q43.4	Duplication of intestine	4	0	DISEASE		2	provenance-only:orphanet	MONDO:0015734;MONDO:0015774	-					0	
ICD10CM:Q43.5	Ectopic anus	4	0	PHENOTYPE		0			-					0	HP:0004397
ICD10CM:Q43.6	Congenital fistula of rectum and anus	4	0	DISEASE		0			-					0	
ICD10CM:Q43.7	Persistent cloaca	4	0	PHENOTYPE		0			-					0	HP:0012621
ICD10CM:Q43.8	Other specified congenital malformations of intestine	4	0	RESIDUAL		3	provenance-only:orphanet	MONDO:0009465;MONDO:0014097;MONDO:0100354	B	MONDO:0001674	diverticulitis of colon	name	Congenital diverticulitis, colon	3	
ICD10CM:Q43.9	Congenital malformation of intestine, unspecified	4	0	RESIDUAL		0			B	MONDO:0005020	disease of intestine	EXACT	Congenital malformation of intestine, unspecified	1	
ICD10CM:Q44	Congenital malformations of gallbladder, bile ducts and liver	3	8	CONTAINER		0			-					0	
ICD10CM:Q44.0	Agenesis, aplasia and hypoplasia of gallbladder	4	0	CONTAINER		1	provenance-only:orphanet	MONDO:0007642	-					0	
ICD10CM:Q44.1	Other congenital malformations of gallbladder	4	0	RESIDUAL		0			B	MONDO:0005281	gallbladder disorder	name	Other congenital malformations of gallbladder	1	
ICD10CM:Q44.2	Atresia of bile ducts	4	0	DISEASE		1	equivalentTo	MONDO:0008867	A	MONDO:0008867	atresia of bile ducts	EXACT	Atresia of bile ducts	1	HP:0005912
ICD10CM:Q44.3	Congenital stenosis and stricture of bile ducts	4	0	DISEASE		0			-					0	
ICD10CM:Q44.4	Choledochal cyst	4	0	DISEASE		1	equivalentTo	MONDO:0018805	A	MONDO:0018805	choledochal cyst	EXACT	Choledochal cyst	1	HP:0100890
ICD10CM:Q44.5	Other congenital malformations of bile ducts	4	0	RESIDUAL		0			B	MONDO:0002887	bile duct disorder	name	Other congenital malformations of bile ducts	1	
ICD10CM:Q44.6	Cystic disease of liver	4	0	DISEASE		1	equivalentTo	MONDO:0000447	-					0	
ICD10CM:Q44.7	Other congenital malformations of liver	4	3	RESIDUAL		4	provenance-only:orphanet	MONDO:0007318;MONDO:0012439;MONDO:0016861;MONDO:0016862	B	MONDO:0005154	liver disorder	name	Other congenital malformations of liver	1	
ICD10CM:Q44.70	Other congenital malformation of liver, unspecified	5	0	RESIDUAL		0			B	MONDO:0005154	liver disorder	name	Other congenital malformation of liver, unspecified	1	
ICD10CM:Q44.71	Alagille syndrome	5	0	DISEASE		0			A	MONDO:0007318	Alagille syndrome	name	Alagille syndrome	1	
ICD10CM:Q44.79	Other congenital malformations of liver	5	0	RESIDUAL		0			B	MONDO:0005154	liver disorder	name	Other congenital malformations of liver	1	
ICD10CM:Q45	Other congenital malformations of digestive system	3	6	RESIDUAL		0			B	MONDO:0004335	digestive system disorder	name	Other congenital malformations of digestive system	1	
ICD10CM:Q45.0	Agenesis, aplasia and hypoplasia of pancreas	4	0	CONTAINER		1	provenance-only:orphanet	MONDO:0009832	-					0	
ICD10CM:Q45.1	Annular pancreas	4	0	DISEASE		1	equivalentTo	MONDO:0008183	A	MONDO:0008183	annular pancreas	name	Annular pancreas	1	HP:0001734
ICD10CM:Q45.2	Congenital pancreatic cyst	4	0	DISEASE		1	equivalentTo	MONDO:0017783	A	MONDO:0017783	congenital pancreatic cyst	name	Congenital pancreatic cyst	1	HP:0001737
ICD10CM:Q45.3	Other congenital malformations of pancreas and pancreatic duct	4	0	RESIDUAL		1	provenance-only:orphanet	MONDO:0019034	A	MONDO:0019034	accessory pancreas	name	Accessory pancreas	1	
ICD10CM:Q45.8	Other specified congenital malformations of digestive system	4	0	RESIDUAL		2	provenance-only:orphanet	MONDO:0016531;MONDO:0017400	B	MONDO:0004335	digestive system disorder	name	Other specified congenital malformations of digestive system	1	
ICD10CM:Q45.9	Congenital malformation of digestive system, unspecified	4	0	RESIDUAL		0			B	MONDO:0004335	digestive system disorder	name	Congenital malformation of digestive system, unspecified	1	
ICD10CM:Q50	Congenital malformations of ovaries, fallopian tubes and broad ligaments	3	7	CONTAINER		0			-					0	
ICD10CM:Q50-Q56	Congenital malformations of genital organs (Q50-Q56)	2	7	BLOCK		2	provenance-only:other	MONDO:0005039;MONDO:0019356	-					0	
ICD10CM:Q50.0	Congenital absence of ovary	4	2	DISEASE		0			-					0	
ICD10CM:Q50.01	Congenital absence of ovary, unilateral	5	0	LATERALITY		0			-					0	
ICD10CM:Q50.02	Congenital absence of ovary, bilateral	5	0	LATERALITY		0			-					0	
ICD10CM:Q50.1	Developmental ovarian cyst	4	0	DISEASE		0			-					0	
ICD10CM:Q50.2	Congenital torsion of ovary	4	0	DISEASE		0			-					0	
ICD10CM:Q50.3	Other congenital malformations of ovary	4	3	RESIDUAL		0			B	MONDO:0005558	disease of ovary	EXACT	Other congenital malformations of ovary	1	
ICD10CM:Q50.31	Accessory ovary	5	0	DISEASE		0			-					0	
ICD10CM:Q50.32	Ovarian streak	5	0	DISEASE		0			-					0	
ICD10CM:Q50.39	Other congenital malformation of ovary	5	0	RESIDUAL		0			B	MONDO:0005558	disease of ovary	EXACT	Other congenital malformation of ovary	1	
ICD10CM:Q50.4	Embryonic cyst of fallopian tube	4	0	DISEASE		1	equivalentTo	MONDO:0024652	A	MONDO:0024652	embryonic cyst of fallopian tube	name	Embryonic cyst of fallopian tube	1	
ICD10CM:Q50.5	Embryonic cyst of broad ligament	4	0	DISEASE		1	provenance-only:doid	MONDO:0002965	A	MONDO:0002965	parovarian cyst	name	Parovarian cyst	1	
ICD10CM:Q50.6	Other congenital malformations of fallopian tube and broad ligament	4	0	RESIDUAL		0			-					0	
ICD10CM:Q51	Congenital malformations of uterus and cervix	3	10	CONTAINER		0			-					0	
ICD10CM:Q51.0	Agenesis and aplasia of uterus	4	0	DISEASE		1	orphanet-exact	MONDO:0015844	-					0	
ICD10CM:Q51.1	Doubling of uterus with doubling of cervix and vagina	4	2	DISEASE	YES	3	orphanet-exact;provenance-only:orphanet	MONDO:0015834;MONDO:0015835;MONDO:0015836	-					0	
ICD10CM:Q51.10	Doubling of uterus with doubling of cervix and vagina without obstruction	5	0	DISEASE		0			-					0	
ICD10CM:Q51.11	Doubling of uterus with doubling of cervix and vagina with obstruction	5	0	DISEASE		0			-					0	
ICD10CM:Q51.2	Other doubling of uterus	4	3	RESIDUAL		4	provenance-only:orphanet	MONDO:0007698;MONDO:0015839;MONDO:0015840;MONDO:0015841	A	MONDO:0015839	septate uterus	name	Septate uterus	1	
ICD10CM:Q51.21	Complete doubling of uterus	5	0	DISEASE		0			A	MONDO:0015840	complete septate uterus	name	Complete septate uterus	1	
ICD10CM:Q51.22	Partial doubling of uterus	5	0	DISEASE		0			A	MONDO:0015841	partial septate uterus	name	Partial septate uterus	1	
ICD10CM:Q51.28	Other and unspecified doubling of uterus	5	0	RESIDUAL		0			A	MONDO:0015839	septate uterus	name	Septate uterus NOS	1	
ICD10CM:Q51.3	Bicornate uterus	4	0	DISEASE		3	orphanet-exact;provenance-only:orphanet	MONDO:0015838;MONDO:0015842	-					0	
ICD10CM:Q51.4	Unicornate uterus	4	0	DISEASE		3	orphanet-specific;provenance-only:orphanet	MONDO:0015831;MONDO:0015832;MONDO:0015833	-					0	
ICD10CM:Q51.5	Agenesis and aplasia of cervix	4	0	DISEASE		1	orphanet-exact	MONDO:0015845	-					0	
ICD10CM:Q51.6	Embryonic cyst of cervix	4	0	DISEASE		0			-					0	
ICD10CM:Q51.7	Congenital fistulae between uterus and digestive and urinary tracts	4	0	DISEASE		0			-					0	
ICD10CM:Q51.8	Other congenital malformations of uterus and cervix	4	2	RESIDUAL		5	provenance-only:orphanet	MONDO:0008019;MONDO:0010173;MONDO:0015830;MONDO:0015843;MONDO:0017771	-					0	
ICD10CM:Q51.81	Other congenital malformations of uterus	5	3	RESIDUAL		0			B	MONDO:0002654	disease of uterus	EXACT	Other congenital malformations of uterus	1	
ICD10CM:Q51.810	Arcuate uterus	6	0	DISEASE		0			B	MONDO:0015838	uterus arcuatus	EXACT	Arcuatus uterus	1	
ICD10CM:Q51.811	Hypoplasia of uterus	6	0	DISEASE		0			-					0	
ICD10CM:Q51.818	Other congenital malformations of uterus	6	0	RESIDUAL		0			B	MONDO:0002654	disease of uterus	EXACT	Other congenital malformations of uterus	1	
ICD10CM:Q51.82	Other congenital malformations of cervix	5	3	RESIDUAL		0			B	MONDO:0002256	cervix disorder	name	Other congenital malformations of cervix	1	
ICD10CM:Q51.820	Cervical duplication	6	0	PHENOTYPE		0			-					0	HP:6000414
ICD10CM:Q51.821	Hypoplasia of cervix	6	0	DISEASE		0			-					0	
ICD10CM:Q51.828	Other congenital malformations of cervix	6	0	RESIDUAL		0			B	MONDO:0002256	cervix disorder	name	Other congenital malformations of cervix	1	
ICD10CM:Q51.9	Congenital malformation of uterus and cervix, unspecified	4	0	RESIDUAL		0			-					0	
ICD10CM:Q52	Other congenital malformations of female genitalia	3	10	RESIDUAL		0			-					0	
ICD10CM:Q52.0	Congenital absence of vagina	4	0	DISEASE		1	equivalentTo	MONDO:0019932	A	MONDO:0019932	congenital absence of vagina	EXACT	Congenital absence of vagina	1	
ICD10CM:Q52.1	Doubling of vagina	4	3	DISEASE		3	provenance-only:orphanet	MONDO:0015849;MONDO:0015850	-					0	
ICD10CM:Q52.10	Doubling of vagina, unspecified	5	0	RESIDUAL		0			-					0	
ICD10CM:Q52.11	Transverse vaginal septum	5	0	DISEASE		1	equivalentTo	MONDO:0015850	A	MONDO:0015850	transverse vaginal septum	name	Transverse vaginal septum	1	HP:0000145
ICD10CM:Q52.12	Longitudinal vaginal septum	5	6	DISEASE		1	equivalentTo	MONDO:0015849	A	MONDO:0015849	longitudinal vaginal septum	name	Longitudinal vaginal septum	1	HP:0008740
ICD10CM:Q52.120	Longitudinal vaginal septum, nonobstructing	6	0	DISEASE		0			-					0	
ICD10CM:Q52.121	Longitudinal vaginal septum, obstructing, right side	6	0	LATERALITY		0			-					0	
ICD10CM:Q52.122	Longitudinal vaginal septum, obstructing, left side	6	0	LATERALITY		0			-					0	
ICD10CM:Q52.123	Longitudinal vaginal septum, microperforate, right side	6	0	LATERALITY		0			-					0	
ICD10CM:Q52.124	Longitudinal vaginal septum, microperforate, left side	6	0	LATERALITY		0			-					0	
ICD10CM:Q52.129	Other and unspecified longitudinal vaginal septum	6	0	RESIDUAL		0			B	MONDO:0015849	longitudinal vaginal septum	name	Other and unspecified longitudinal vaginal septum	1	
ICD10CM:Q52.2	Congenital rectovaginal fistula	4	0	PHENOTYPE		0			-					0	HP:0000143
ICD10CM:Q52.3	Imperforate hymen	4	0	PHENOTYPE		1	equivalentTo	MONDO:0009375	B	MONDO:0009375	hymen, imperforate	name	Imperforate hymen	1	HP:0030011
ICD10CM:Q52.4	Other congenital malformations of vagina	4	0	RESIDUAL		0			B	MONDO:0001433	disease of vagina	EXACT	Other congenital malformations of vagina	1	
ICD10CM:Q52.5	Fusion of labia	4	0	DISEASE		0			-					0	
ICD10CM:Q52.6	Congenital malformation of clitoris	4	0	CONTAINER		0			-					0	
ICD10CM:Q52.7	Other and unspecified congenital malformations of vulva	4	3	RESIDUAL		0			B	MONDO:0002187	disorder of vulva	EXACT	Other and unspecified congenital malformations of vulva	1	
ICD10CM:Q52.70	Unspecified congenital malformations of vulva	5	0	RESIDUAL		0			B	MONDO:0002187	disorder of vulva	EXACT	Unspecified congenital malformations of vulva	1	
ICD10CM:Q52.71	Congenital absence of vulva	5	0	DISEASE		0			-					0	
ICD10CM:Q52.79	Other congenital malformations of vulva	5	0	RESIDUAL		0			B	MONDO:0002187	disorder of vulva	EXACT	Other congenital malformations of vulva	1	
ICD10CM:Q52.8	Other specified congenital malformations of female genitalia	4	0	RESIDUAL		0			-					0	
ICD10CM:Q52.9	Congenital malformation of female genitalia, unspecified	4	0	RESIDUAL		0			-					0	
ICD10CM:Q53	Undescended and ectopic testicle	3	4	DISEASE	YES	0			-					0	
ICD10CM:Q53.0	Ectopic testis	4	3	PHENOTYPE		0			-					0	HP:6000460
ICD10CM:Q53.00	Ectopic testis, unspecified	5	0	RESIDUAL		0			-					0	HP:6000460
ICD10CM:Q53.01	Ectopic testis, unilateral	5	0	LATERALITY		0			-					0	
ICD10CM:Q53.02	Ectopic testes, bilateral	5	0	DISEASE		0			-					0	
ICD10CM:Q53.1	Undescended testicle, unilateral	4	4	LATERALITY		0			-					0	
ICD10CM:Q53.10	Unspecified undescended testicle, unilateral	5	0	RESIDUAL		0			-					0	
ICD10CM:Q53.11	Abdominal testis, unilateral	5	2	DISEASE		0			-					0	
ICD10CM:Q53.111	Unilateral intraabdominal testis	6	0	DISEASE		0			-					0	
ICD10CM:Q53.112	Unilateral inguinal testis	6	0	DISEASE		0			-					0	
ICD10CM:Q53.12	Ectopic perineal testis, unilateral	5	0	DISEASE		0			-					0	
ICD10CM:Q53.13	Unilateral high scrotal testis	5	0	DISEASE		0			-					0	
ICD10CM:Q53.2	Undescended testicle, bilateral	4	4	LATERALITY		0			-					0	
ICD10CM:Q53.20	Undescended testicle, unspecified, bilateral	5	0	RESIDUAL		0			-					0	
ICD10CM:Q53.21	Abdominal testis, bilateral	5	2	DISEASE		0			-					0	
ICD10CM:Q53.211	Bilateral intraabdominal testes	6	0	DISEASE		0			-					0	
ICD10CM:Q53.212	Bilateral inguinal testes	6	0	DISEASE		0			-					0	
ICD10CM:Q53.22	Ectopic perineal testis, bilateral	5	0	DISEASE		0			-					0	
ICD10CM:Q53.23	Bilateral high scrotal testes	5	0	DISEASE		0			-					0	
ICD10CM:Q53.9	Undescended testicle, unspecified	4	0	RESIDUAL		1	provenance-only:doid	MONDO:0009047	A	MONDO:0009047	undescended testicle	EXACT	Undescended testicle, unspecified	1	
ICD10CM:Q54	Hypospadias	3	7	DISEASE		1	equivalentTo	MONDO:0005345	A	MONDO:0005345	hypospadias	name	Hypospadias	1	HP:0000047
ICD10CM:Q54.0	Hypospadias, balanic	4	0	DISEASE		1	provenance-only:orphanet	MONDO:0005345	-					0	
ICD10CM:Q54.1	Hypospadias, penile	4	0	DISEASE		1	provenance-only:orphanet	MONDO:0005345	-					0	
ICD10CM:Q54.2	Hypospadias, penoscrotal	4	0	DISEASE		2	orphanet-btnt;provenance-only:orphanet	MONDO:0005345;MONDO:0019848	-					0	
ICD10CM:Q54.3	Hypospadias, perineal	4	0	DISEASE		2	orphanet-btnt;provenance-only:orphanet	MONDO:0005345;MONDO:0019848	-					0	
ICD10CM:Q54.4	Congenital chordee	4	0	PHENOTYPE		1	provenance-only:orphanet	MONDO:0005345	-					0	HP:0000041
ICD10CM:Q54.8	Other hypospadias	4	0	RESIDUAL		1	provenance-only:orphanet	MONDO:0005345	B	MONDO:0005345	hypospadias	name	Other hypospadias	1	
ICD10CM:Q54.9	Hypospadias, unspecified	4	0	RESIDUAL		1	provenance-only:orphanet	MONDO:0005345	A	MONDO:0005345	hypospadias	name	Hypospadias, unspecified	1	HP:0000047
ICD10CM:Q55	Other congenital malformations of male genital organs	3	10	RESIDUAL		0			-					0	
ICD10CM:Q55.0	Absence and aplasia of testis	4	0	DISEASE		2	orphanet-specific;provenance-only:orphanet	MONDO:0017967;MONDO:8000015	-					0	
ICD10CM:Q55.1	Hypoplasia of testis and scrotum	4	0	DISEASE		0			-					0	
ICD10CM:Q55.2	Other and unspecified congenital malformations of testis and scrotum	4	5	RESIDUAL		0			-					0	
ICD10CM:Q55.20	Unspecified congenital malformations of testis and scrotum	5	0	RESIDUAL		0			-					0	
ICD10CM:Q55.21	Polyorchism	5	0	DISEASE		0			-					0	
ICD10CM:Q55.22	Retractile testis	5	0	PHENOTYPE		0			-					0	HP:0012646
ICD10CM:Q55.23	Scrotal transposition	5	0	DISEASE		0			-					0	
ICD10CM:Q55.29	Other congenital malformations of testis and scrotum	5	0	RESIDUAL		0			-					0	
ICD10CM:Q55.3	Atresia of vas deferens	4	0	DISEASE		0			-					0	
ICD10CM:Q55.4	Other congenital malformations of vas deferens, epididymis, seminal vesicles and prostate	4	0	RESIDUAL		1	provenance-only:orphanet	MONDO:0018801	-					0	
ICD10CM:Q55.5	Congenital absence and aplasia of penis	4	0	DISEASE		1	orphanet-exact	MONDO:0018846	-					0	
ICD10CM:Q55.6	Other congenital malformations of penis	4	5	RESIDUAL		2	provenance-only:orphanet	MONDO:0016416;MONDO:0019849	B	MONDO:0002036	disease of penis	EXACT	Other congenital malformations of penis	1	
ICD10CM:Q55.61	Curvature of penis (lateral)	5	0	DISEASE		0			-					0	
ICD10CM:Q55.62	Hypoplasia of penis	5	0	PHENOTYPE		0			-					0	HP:0008736
ICD10CM:Q55.63	Congenital torsion of penis	5	0	DISEASE		0			-					0	
ICD10CM:Q55.64	Hidden penis	5	0	DISEASE		0			-					0	
ICD10CM:Q55.69	Other congenital malformation of penis	5	0	RESIDUAL		0			B	MONDO:0002036	disease of penis	EXACT	Other congenital malformation of penis	1	
ICD10CM:Q55.7	Congenital vasocutaneous fistula	4	0	DISEASE		0			-					0	
ICD10CM:Q55.8	Other specified congenital malformations of male genital organs	4	0	RESIDUAL		2	provenance-only:orphanet	MONDO:0009857;MONDO:0017285	-					0	
ICD10CM:Q55.9	Congenital malformation of male genital organ, unspecified	4	0	RESIDUAL		0			-					0	
ICD10CM:Q56	Indeterminate sex and pseudohermaphroditism	3	5	DISEASE	YES	1	equivalentTo	MONDO:0024665	B	MONDO:0024665	indeterminate sex and/or pseudohermaphroditism	name	Indeterminate sex and pseudohermaphroditism	1	
ICD10CM:Q56.0	Hermaphroditism, not elsewhere classified	4	0	CONTAINER		2	provenance-only:orphanet	MONDO:0012530;MONDO:0016281	A	MONDO:0002768	ovotestis	EXACT	Ovotestis	1	
ICD10CM:Q56.1	Male pseudohermaphroditism, not elsewhere classified	4	0	CONTAINER		8	provenance-only:orphanet	MONDO:0009223;MONDO:0009923;MONDO:0011766;MONDO:0013400;MONDO:0016674	-					0	HP:0000037
ICD10CM:Q56.2	Female pseudohermaphroditism, not elsewhere classified	4	0	CONTAINER		6	provenance-only:orphanet	MONDO:0009915;MONDO:0017573;MONDO:0017576	A	MONDO:0017576	female pseudohermaphroditism	EXACT	Female pseudohermaphroditism, not elsewhere classified	1	HP:0010458
ICD10CM:Q56.3	Pseudohermaphroditism, unspecified	4	0	RESIDUAL		2	other-mondo-qualifier:equivalentToOther;provenance-only:orphanet	MONDO:0005518;MONDO:0010824	A	MONDO:0005518	pseudohermaphroditism	name	Pseudohermaphroditism, unspecified	1	
ICD10CM:Q56.4	Indeterminate sex, unspecified	4	0	RESIDUAL		0			-					0	
ICD10CM:Q60	Renal agenesis and other reduction defects of kidney	3	7	RESIDUAL		0			-					0	
ICD10CM:Q60-Q64	Congenital malformations of the urinary system (Q60-Q64)	2	5	BLOCK		1	equivalentTo	MONDO:0019356	B	MONDO:0002118	urinary system disorder	name	Congenital malformations of the urinary system (Q60-Q64)	1	
ICD10CM:Q60.0	Renal agenesis, unilateral	4	0	LATERALITY		1	equivalentTo	MONDO:0019636	A	MONDO:0019636	renal agenesis, unilateral	name	Renal agenesis, unilateral	1	
ICD10CM:Q60.1	Renal agenesis, bilateral	4	0	LATERALITY		1	equivalentTo	MONDO:0015986	A	MONDO:0015986	Renal Agenesis, Bilateral	EXACT	Renal agenesis, bilateral	1	
ICD10CM:Q60.2	Renal agenesis, unspecified	4	0	RESIDUAL		1	orphanet-btnt	MONDO:0018470	A	MONDO:0018470	renal agenesis	name	Renal agenesis, unspecified	1	HP:0000104
ICD10CM:Q60.3	Renal hypoplasia, unilateral	4	0	LATERALITY		1	equivalentTo	MONDO:0019979	A	MONDO:0019979	renal hypoplasia, unilateral	name	Renal hypoplasia, unilateral	1	
ICD10CM:Q60.4	Renal hypoplasia, bilateral	4	0	LATERALITY		1	equivalentTo	MONDO:0019980	A	MONDO:0019980	renal hypoplasia, bilateral	name	Renal hypoplasia, bilateral	1	
ICD10CM:Q60.5	Renal hypoplasia, unspecified	4	0	RESIDUAL		1	orphanet-specific	MONDO:0019637	A	MONDO:0019637	renal hypoplasia	name	Renal hypoplasia, unspecified	1	HP:0000089
ICD10CM:Q60.6	Potter's syndrome	4	0	DISEASE		1	equivalentTo	MONDO:0001558	A	MONDO:0001558	Potter's syndrome	EXACT	Potter's syndrome	1	
ICD10CM:Q61	Cystic kidney disease	3	8	DISEASE		1	equivalentTo	MONDO:0002473	A	MONDO:0002473	cystic kidney disease	name	Cystic kidney disease	1	
ICD10CM:Q61.0	Congenital renal cyst	4	3	PHENOTYPE		0			-					0	HP:0000107
ICD10CM:Q61.00	Congenital renal cyst, unspecified	5	0	RESIDUAL		0			B	MONDO:0002473	kidney cyst	EXACT	Cyst of kidney NOS (congenital)	1	HP:0000107
ICD10CM:Q61.01	Congenital single renal cyst	5	0	DISEASE		0			-					0	
ICD10CM:Q61.02	Congenital multiple renal cysts	5	0	PHENOTYPE		0			-					0	HP:0005562
ICD10CM:Q61.1	Polycystic kidney, infantile type	4	2	DISEASE		1	orphanet-specific	MONDO:0009889	B	MONDO:0009889	autosomal recessive polycystic kidney disease	name	Polycystic kidney, autosomal recessive	1	
ICD10CM:Q61.11	Cystic dilatation of collecting ducts	5	0	DISEASE		0			-					0	
ICD10CM:Q61.19	Other polycystic kidney, infantile type	5	0	RESIDUAL		0			B	MONDO:0009889	polycystic kidney disease, infantile type	EXACT	Other polycystic kidney, infantile type	1	
ICD10CM:Q61.2	Polycystic kidney, adult type	4	0	DISEASE		0			B	MONDO:0004691	autosomal dominant polycystic kidney disease	name	Polycystic kidney, autosomal dominant	1	
ICD10CM:Q61.3	Polycystic kidney, unspecified	4	0	RESIDUAL		1	provenance-only:doid	MONDO:0004691	B	MONDO:0020642	polycystic kidney disease	name	Polycystic kidney, unspecified	1	HP:0000113
ICD10CM:Q61.4	Renal dysplasia	4	0	DISEASE		1	equivalentTo	MONDO:0019638	A	MONDO:0019638	renal dysplasia	name	Renal dysplasia	1	HP:0000110
ICD10CM:Q61.5	Medullary cystic kidney	4	0	DISEASE		10	orphanet-specific;provenance-only:orphanet	MONDO:0008073;MONDO:0008264;MONDO:0009728;MONDO:0012308;MONDO:0014158	A	MONDO:0019005	medullary cystic kidney	EXACT	Medullary cystic kidney	1	
ICD10CM:Q61.8	Other cystic kidney diseases	4	0	RESIDUAL		0			B	MONDO:0002473	cystic kidney disease	name	Other cystic kidney diseases	1	
ICD10CM:Q61.9	Cystic kidney disease, unspecified	4	0	RESIDUAL		9	provenance-only:doid;provenance-only:orphanet	MONDO:0009571;MONDO:0009966;MONDO:0011296;MONDO:0011821;MONDO:0012626	A	MONDO:0002473	cystic kidney disease	name	Cystic kidney disease, unspecified	1	
ICD10CM:Q62	Congenital obstructive defects of renal pelvis and congenital malformations of ureter	3	9	DISEASE	YES	0			-					0	
ICD10CM:Q62.0	Congenital hydronephrosis	4	0	DISEASE		1	equivalentTo	MONDO:0007741	A	MONDO:0005510	hydronephrosis	name	Congenital hydronephrosis	2	HP:0000126
ICD10CM:Q62.1	Congenital occlusion of ureter	4	3	DISEASE		0			-					0	
ICD10CM:Q62.10	Congenital occlusion of ureter, unspecified	5	0	RESIDUAL		0			-					0	
ICD10CM:Q62.11	Congenital occlusion of ureteropelvic junction	5	0	DISEASE		0			-					0	
ICD10CM:Q62.12	Congenital occlusion of ureterovesical orifice	5	0	DISEASE		0			-					0	
ICD10CM:Q62.2	Congenital megaureter	4	0	PHENOTYPE		6	narrowerThanSource;orphanet-specific;provenance-only:orphanet	MONDO:0016549;MONDO:0016550;MONDO:0016551;MONDO:0016552;MONDO:0018960	-					0	HP:0000072;HP:0008676
ICD10CM:Q62.3	Other obstructive defects of renal pelvis and ureter	4	3	RESIDUAL		0			-					0	
ICD10CM:Q62.31	Congenital ureterocele, orthotopic	5	0	DISEASE		0			-					0	
ICD10CM:Q62.32	Cecoureterocele	5	0	DISEASE		0			-					0	
ICD10CM:Q62.39	Other obstructive defects of renal pelvis and ureter	5	0	RESIDUAL		0			-					0	
ICD10CM:Q62.4	Agenesis of ureter	4	0	DISEASE		0			-					0	
ICD10CM:Q62.5	Duplication of ureter	4	0	DISEASE		0			-					0	
ICD10CM:Q62.6	Malposition of ureter	4	5	DISEASE		0			-					0	
ICD10CM:Q62.60	Malposition of ureter, unspecified	5	0	RESIDUAL		0			-					0	
ICD10CM:Q62.61	Deviation of ureter	5	0	DISEASE		0			-					0	
ICD10CM:Q62.62	Displacement of ureter	5	0	DISEASE		0			-					0	
ICD10CM:Q62.63	Anomalous implantation of ureter	5	0	DISEASE		0			-					0	
ICD10CM:Q62.69	Other malposition of ureter	5	0	RESIDUAL		0			-					0	
ICD10CM:Q62.7	Congenital vesico-uretero-renal reflux	4	0	DISEASE		1	provenance-only:orphanet	MONDO:0016548	-					0	
ICD10CM:Q62.8	Other congenital malformations of ureter	4	0	RESIDUAL		0			B	MONDO:0001926	disease of ureter	EXACT	Other congenital malformations of ureter	1	
ICD10CM:Q63	Other congenital malformations of kidney	3	6	RESIDUAL		0			B	MONDO:0005240	kidney disorder	name	Other congenital malformations of kidney	1	
ICD10CM:Q63.0	Accessory kidney	4	0	DISEASE		0			-					0	
ICD10CM:Q63.1	Lobulated, fused and horseshoe kidney	4	0	CONTAINER		0			-					0	
ICD10CM:Q63.2	Ectopic kidney	4	0	PHENOTYPE		0			-					0	HP:0000086
ICD10CM:Q63.3	Hyperplastic and giant kidney	4	0	DISEASE		0			-					0	
ICD10CM:Q63.8	Other specified congenital malformations of kidney	4	0	RESIDUAL		7	provenance-only:orphanet	MONDO:0009970;MONDO:0017609;MONDO:0019639;MONDO:0019646;MONDO:0019647	B	MONDO:0005240	kidney disorder	name	Other specified congenital malformations of kidney	2	
ICD10CM:Q63.9	Congenital malformation of kidney, unspecified	4	0	RESIDUAL		0			B	MONDO:0005240	kidney disorder	name	Congenital malformation of kidney, unspecified	1	
ICD10CM:Q64	Other congenital malformations of urinary system	3	10	RESIDUAL		0			B	MONDO:0002118	urinary system disorder	name	Other congenital malformations of urinary system	1	
ICD10CM:Q64.0	Epispadias	4	0	DISEASE		1	equivalentTo	MONDO:0019759	A	MONDO:0019759	epispadias	name	Epispadias	1	HP:0000039
ICD10CM:Q64.1	Exstrophy of urinary bladder	4	4	DISEASE		3	orphanet-specific;provenance-only:orphanet	MONDO:0009774;MONDO:0010805;MONDO:0017919	-					0	
ICD10CM:Q64.10	Exstrophy of urinary bladder, unspecified	5	0	RESIDUAL		0			A	MONDO:0010805	ectopia vesicae	EXACT	Ectopia vesicae	1	
ICD10CM:Q64.11	Supravesical fissure of urinary bladder	5	0	DISEASE		0			-					0	
ICD10CM:Q64.12	Cloacal exstrophy of urinary bladder	5	0	DISEASE		0			-					0	
ICD10CM:Q64.19	Other exstrophy of urinary bladder	5	0	RESIDUAL		0			-					0	
ICD10CM:Q64.2	Congenital posterior urethral valves	4	0	DISEASE		1	equivalentTo	MONDO:0019640	A	MONDO:0019640	posterior urethral valve	name	Congenital posterior urethral valves	1	HP:0010957
ICD10CM:Q64.3	Other atresia and stenosis of urethra and bladder neck	4	4	RESIDUAL		1	relatedTo	MONDO:0015195	-					0	
ICD10CM:Q64.31	Congenital bladder neck obstruction	5	0	DISEASE		0			A	MONDO:0006679	bladder neck obstruction	name	Congenital bladder neck obstruction	1	
ICD10CM:Q64.32	Congenital stricture of urethra	5	0	DISEASE		0			-					0	
ICD10CM:Q64.33	Congenital stricture of urinary meatus	5	0	DISEASE		0			-					0	
ICD10CM:Q64.39	Other atresia and stenosis of urethra and bladder neck	5	0	RESIDUAL		0			-					0	
ICD10CM:Q64.4	Malformation of urachus	4	0	DISEASE		4	provenance-only:orphanet	MONDO:0018551;MONDO:0018552;MONDO:0018553;MONDO:0018844	A	MONDO:0018551	patent urachus	name	Patent urachus	1	
ICD10CM:Q64.5	Congenital absence of bladder and urethra	4	0	DISEASE		0			-					0	
ICD10CM:Q64.6	Congenital diverticulum of bladder	4	0	DISEASE		0			A	MONDO:0007197	diverticulum of bladder	EXACT	Congenital diverticulum of bladder	1	
ICD10CM:Q64.7	Other and unspecified congenital malformations of bladder and urethra	4	7	RESIDUAL		2	provenance-only:orphanet	MONDO:0016529	-					0	
ICD10CM:Q64.70	Unspecified congenital malformation of bladder and urethra	5	0	RESIDUAL		0			-					0	
ICD10CM:Q64.71	Congenital prolapse of urethra	5	0	DISEASE		0			A	MONDO:0001514	prolapse of urethra	name	Congenital prolapse of urethra	1	
ICD10CM:Q64.72	Congenital prolapse of urinary meatus	5	0	DISEASE		0			-					0	
ICD10CM:Q64.73	Congenital urethrorectal fistula	5	0	PHENOTYPE		0			-					0	HP:0025407
ICD10CM:Q64.74	Double urethra	5	0	DISEASE		0			-					0	
ICD10CM:Q64.75	Double urinary meatus	5	0	DISEASE		0			-					0	
ICD10CM:Q64.79	Other congenital malformations of bladder and urethra	5	0	RESIDUAL		0			-					0	
ICD10CM:Q64.8	Other specified congenital malformations of urinary system	4	0	RESIDUAL		0			B	MONDO:0002118	urinary system disorder	name	Other specified congenital malformations of urinary system	1	
ICD10CM:Q64.9	Congenital malformation of urinary system, unspecified	4	0	RESIDUAL		0			B	MONDO:0002118	urinary system disorder	name	Congenital malformation of urinary system, unspecified	1	
ICD10CM:Q65	Congenital deformities of hip	3	9	CONTAINER		0			-					0	
ICD10CM:Q65-Q79	Congenital malformations and deformations of the musculoskeletal system (Q65-Q79)	2	15	BLOCK		1	provenance-only:other	MONDO:0002081	B	MONDO:0002081	musculoskeletal system disorder	name	Congenital malformations and deformations of the musculoskeletal system (Q65-Q79)	1	
ICD10CM:Q65.0	Congenital dislocation of hip, unilateral	4	3	LATERALITY		0			-					0	
ICD10CM:Q65.00	Congenital dislocation of unspecified hip, unilateral	5	0	RESIDUAL		0			-					0	
ICD10CM:Q65.01	Congenital dislocation of right hip, unilateral	5	0	LATERALITY		0			-					0	
ICD10CM:Q65.02	Congenital dislocation of left hip, unilateral	5	0	LATERALITY		0			-					0	
ICD10CM:Q65.1	Congenital dislocation of hip, bilateral	4	0	LATERALITY		0			-					0	
ICD10CM:Q65.2	Congenital dislocation of hip, unspecified	4	0	RESIDUAL		0			-					0	HP:0002827
ICD10CM:Q65.3	Congenital partial dislocation of hip, unilateral	4	3	LATERALITY		0			-					0	
ICD10CM:Q65.30	Congenital partial dislocation of unspecified hip, unilateral	5	0	RESIDUAL		0			-					0	
ICD10CM:Q65.31	Congenital partial dislocation of right hip, unilateral	5	0	LATERALITY		0			-					0	
ICD10CM:Q65.32	Congenital partial dislocation of left hip, unilateral	5	0	LATERALITY		0			-					0	
ICD10CM:Q65.4	Congenital partial dislocation of hip, bilateral	4	0	LATERALITY		0			-					0	
ICD10CM:Q65.5	Congenital partial dislocation of hip, unspecified	4	0	RESIDUAL		0			-					0	
ICD10CM:Q65.6	Congenital unstable hip	4	0	DISEASE		0			-					0	
ICD10CM:Q65.8	Other congenital deformities of hip	4	3	RESIDUAL		1	provenance-only:orphanet	MONDO:0007726	-					0	
ICD10CM:Q65.81	Congenital coxa valga	5	0	PHENOTYPE		0			-					0	HP:0002673
ICD10CM:Q65.82	Congenital coxa vara	5	0	DISEASE		0			A	MONDO:0007391	coxa vara	name	Congenital coxa vara	1	HP:0002812
ICD10CM:Q65.89	Other specified congenital deformities of hip	5	0	RESIDUAL		0			-					0	
ICD10CM:Q65.9	Congenital deformity of hip, unspecified	4	0	RESIDUAL		0			-					0	
ICD10CM:Q66	Congenital deformities of feet	3	10	CONTAINER		0			-					0	
ICD10CM:Q66.0	Congenital talipes equinovarus	4	3	DISEASE		1	equivalentTo	MONDO:0007342	A	MONDO:0007342	congenital talipes equinovarus	EXACT	Congenital talipes equinovarus	1	HP:0001762
ICD10CM:Q66.00	Congenital talipes equinovarus, unspecified foot	5	0	RESIDUAL		0			-					0	
ICD10CM:Q66.01	Congenital talipes equinovarus, right foot	5	0	LATERALITY		0			-					0	
ICD10CM:Q66.02	Congenital talipes equinovarus, left foot	5	0	LATERALITY		0			-					0	
ICD10CM:Q66.1	Congenital talipes calcaneovarus	4	3	PHENOTYPE		0			-					0	HP:0008124
ICD10CM:Q66.10	Congenital talipes calcaneovarus, unspecified foot	5	0	RESIDUAL		0			-					0	
ICD10CM:Q66.11	Congenital talipes calcaneovarus, right foot	5	0	LATERALITY		0			-					0	
ICD10CM:Q66.12	Congenital talipes calcaneovarus, left foot	5	0	LATERALITY		0			-					0	
ICD10CM:Q66.2	Congenital metatarsus (primus) varus	4	2	PHENOTYPE		0			-					0	HP:0001840
ICD10CM:Q66.21	Congenital metatarsus primus varus	5	3	DISEASE		0			-					0	
ICD10CM:Q66.211	Congenital metatarsus primus varus, right foot	6	0	LATERALITY		0			-					0	
ICD10CM:Q66.212	Congenital metatarsus primus varus, left foot	6	0	LATERALITY		0			-					0	
ICD10CM:Q66.219	Congenital metatarsus primus varus, unspecified foot	6	0	RESIDUAL		0			-					0	
ICD10CM:Q66.22	Congenital metatarsus adductus	5	3	PHENOTYPE		0			-					0	HP:0001840
ICD10CM:Q66.221	Congenital metatarsus adductus, right foot	6	0	LATERALITY		0			-					0	
ICD10CM:Q66.222	Congenital metatarsus adductus, left foot	6	0	LATERALITY		0			-					0	
ICD10CM:Q66.229	Congenital metatarsus adductus, unspecified foot	6	0	RESIDUAL		0			-					0	
ICD10CM:Q66.3	Other congenital varus deformities of feet	4	3	RESIDUAL		0			-					0	
ICD10CM:Q66.30	Other congenital varus deformities of feet, unspecified foot	5	0	RESIDUAL		0			-					0	
ICD10CM:Q66.31	Other congenital varus deformities of feet, right foot	5	0	RESIDUAL		0			-					0	
ICD10CM:Q66.32	Other congenital varus deformities of feet, left foot	5	0	RESIDUAL		0			-					0	
ICD10CM:Q66.4	Congenital talipes calcaneovalgus	4	3	PHENOTYPE		0			-					0	HP:0001884;HP:0005850
ICD10CM:Q66.40	Congenital talipes calcaneovalgus, unspecified foot	5	0	RESIDUAL		0			-					0	
ICD10CM:Q66.41	Congenital talipes calcaneovalgus, right foot	5	0	LATERALITY		0			-					0	
ICD10CM:Q66.42	Congenital talipes calcaneovalgus, left foot	5	0	LATERALITY		0			-					0	
ICD10CM:Q66.5	Congenital pes planus	4	3	PHENOTYPE		0			A	MONDO:0005293	flat Foot	EXACT	Congenital flat foot	1	HP:0001763
ICD10CM:Q66.50	Congenital pes planus, unspecified foot	5	0	RESIDUAL		0			-					0	
ICD10CM:Q66.51	Congenital pes planus, right foot	5	0	LATERALITY		0			-					0	
ICD10CM:Q66.52	Congenital pes planus, left foot	5	0	LATERALITY		0			-					0	
ICD10CM:Q66.6	Other congenital valgus deformities of feet	4	0	RESIDUAL		0			-					0	
ICD10CM:Q66.7	Congenital pes cavus	4	3	PHENOTYPE		0			-					0	HP:0001761
ICD10CM:Q66.70	Congenital pes cavus, unspecified foot	5	0	RESIDUAL		0			-					0	
ICD10CM:Q66.71	Congenital pes cavus, right foot	5	0	LATERALITY		0			-					0	
ICD10CM:Q66.72	Congenital pes cavus, left foot	5	0	LATERALITY		0			-					0	
ICD10CM:Q66.8	Other congenital deformities of feet	4	4	RESIDUAL		8	provenance-only:orphanet	MONDO:0008652;MONDO:0013329;MONDO:0016046;MONDO:0017382;MONDO:0017383	-					0	
ICD10CM:Q66.80	Congenital vertical talus deformity, unspecified foot	5	0	RESIDUAL		0			-					0	
ICD10CM:Q66.81	Congenital vertical talus deformity, right foot	5	0	LATERALITY		0			-					0	
ICD10CM:Q66.82	Congenital vertical talus deformity, left foot	5	0	LATERALITY		0			-					0	
ICD10CM:Q66.89	Other specified congenital deformities of feet	5	0	RESIDUAL		1	provenance-only:doid	MONDO:0007342	A	MONDO:0007342	clubfoot	name	Congenital clubfoot NOS	1	
ICD10CM:Q66.9	Congenital deformity of feet, unspecified	4	3	RESIDUAL		0			-					0	
ICD10CM:Q66.90	Congenital deformity of feet, unspecified, unspecified foot	5	0	RESIDUAL		0			-					0	
ICD10CM:Q66.91	Congenital deformity of feet, unspecified, right foot	5	0	RESIDUAL		0			-					0	
ICD10CM:Q66.92	Congenital deformity of feet, unspecified, left foot	5	0	RESIDUAL		0			-					0	
ICD10CM:Q67	Congenital musculoskeletal deformities of head, face, spine and chest	3	9	CONTAINER		0			-					0	
ICD10CM:Q67.0	Congenital facial asymmetry	4	0	PHENOTYPE		0			-					0	HP:0000324
ICD10CM:Q67.1	Congenital compression facies	4	0	DISEASE		0			-					0	
ICD10CM:Q67.2	Dolichocephaly	4	0	PHENOTYPE		0			-					0	HP:0000268
ICD10CM:Q67.3	Plagiocephaly	4	0	PHENOTYPE		1	orphanet-specific		-					0	HP:0001357
ICD10CM:Q67.4	Other congenital deformities of skull, face and jaw	4	0	RESIDUAL		4	provenance-only:orphanet	MONDO:0007590;MONDO:0007711;MONDO:0011723;MONDO:0015409	-					0	
ICD10CM:Q67.5	Congenital deformity of spine	4	0	CONTAINER		0			B	MONDO:0005392	scoliosis	name	Congenital scoliosis NOS	2	
ICD10CM:Q67.6	Pectus excavatum	4	0	DISEASE		1	equivalentTo	MONDO:0008213	A	MONDO:0008213	pectus excavatum	name	Pectus excavatum	1	HP:0000767
ICD10CM:Q67.7	Pectus carinatum	4	0	PHENOTYPE		0			-					0	HP:0000768
ICD10CM:Q67.8	Other congenital deformities of chest	4	0	RESIDUAL		0			-					0	
ICD10CM:Q68	Other congenital musculoskeletal deformities	3	8	RESIDUAL		0			-					0	
ICD10CM:Q68.0	Congenital deformity of sternocleidomastoid muscle	4	0	CONTAINER		0			A	MONDO:0008583	congenital torticollis	EXACT	Congenital (sternomastoid) torticollis	1	
ICD10CM:Q68.1	Congenital deformity of finger(s) and hand	4	0	CONTAINER		6	provenance-only:orphanet	MONDO:0007185;MONDO:0007250;MONDO:0007343;MONDO:0015272;MONDO:0017461	-					0	
ICD10CM:Q68.2	Congenital deformity of knee	4	0	CONTAINER		3	provenance-only:orphanet	MONDO:0017470;MONDO:0017560;MONDO:0017561	B	MONDO:0017470	congenital knee dislocation	name	Congenital dislocation of knee	2	
ICD10CM:Q68.3	Congenital bowing of femur	4	0	DISEASE		1	orphanet-btnt	MONDO:0008882	-					0	
ICD10CM:Q68.4	Congenital bowing of tibia and fibula	4	0	DISEASE		2	orphanet-btnt;provenance-only:orphanet	MONDO:0008882;MONDO:0017927	-					0	
ICD10CM:Q68.5	Congenital bowing of long bones of leg, unspecified	4	0	RESIDUAL		1	orphanet-btnt	MONDO:0008882	-					0	
ICD10CM:Q68.6	Discoid meniscus	4	0	DISEASE		0			-					0	
ICD10CM:Q68.8	Other specified congenital musculoskeletal deformities	4	0	RESIDUAL		24	orphanet-btnt;provenance-only:orphanet	MONDO:0007158;MONDO:0007159;MONDO:0007252;MONDO:0007363;MONDO:0007388	B	MONDO:0017468	congenital shoulder dislocation	name	Congenital dislocation of shoulder	2	
ICD10CM:Q69	Polydactyly	3	4	DISEASE		1	equivalentTo	MONDO:0021003	A	MONDO:0021003	polydactyly	name	Polydactyly	1	HP:0010442
ICD10CM:Q69.0	Accessory finger(s)	4	0	DISEASE		15	orphanet-btnt;provenance-only:orphanet	MONDO:0008271;MONDO:0011348;MONDO:0017426;MONDO:0017456;MONDO:0017527	-					0	
ICD10CM:Q69.1	Accessory thumb(s)	4	0	DISEASE		9	orphanet-btnt;orphanet-specific;provenance-only:orphanet	MONDO:0008269;MONDO:0008270;MONDO:0011348;MONDO:0017425;MONDO:0017523	-					0	
ICD10CM:Q69.2	Accessory toe(s)	4	0	DISEASE		11	orphanet-btnt;provenance-only:orphanet	MONDO:0011348;MONDO:0017457;MONDO:0017537;MONDO:0017538;MONDO:0021003	-					0	
ICD10CM:Q69.9	Polydactyly, unspecified	4	0	RESIDUAL		2	orphanet-btnt;provenance-only:orphanet	MONDO:0011348;MONDO:0021003	A	MONDO:0021003	polydactyly	name	Polydactyly, unspecified	1	HP:0010442
ICD10CM:Q70	Syndactyly	3	6	DISEASE		1	equivalentTo	MONDO:0021002	A	MONDO:0021002	syndactyly	name	Syndactyly	1	HP:0001159
ICD10CM:Q70.0	Fused fingers	4	4	DISEASE		12	orphanet-btnt;provenance-only:orphanet	MONDO:0008512;MONDO:0008513;MONDO:0008516;MONDO:0010669;MONDO:0011984	-					0	
ICD10CM:Q70.00	Fused fingers, unspecified hand	5	0	RESIDUAL		0			-					0	
ICD10CM:Q70.01	Fused fingers, right hand	5	0	LATERALITY		0			-					0	
ICD10CM:Q70.02	Fused fingers, left hand	5	0	LATERALITY		0			-					0	
ICD10CM:Q70.03	Fused fingers, bilateral	5	0	DISEASE		0			-					0	
ICD10CM:Q70.1	Webbed fingers	4	4	PHENOTYPE		7	orphanet-btnt;provenance-only:orphanet	MONDO:0008512;MONDO:0008514;MONDO:0017460;MONDO:0017543;MONDO:0017544	-					0	HP:0010554
ICD10CM:Q70.10	Webbed fingers, unspecified hand	5	0	RESIDUAL		0			-					0	
ICD10CM:Q70.11	Webbed fingers, right hand	5	0	LATERALITY		0			-					0	
ICD10CM:Q70.12	Webbed fingers, left hand	5	0	LATERALITY		0			-					0	
ICD10CM:Q70.13	Webbed fingers, bilateral	5	0	DISEASE		0			-					0	
ICD10CM:Q70.2	Fused toes	4	4	PHENOTYPE		11	orphanet-btnt;provenance-only:orphanet	MONDO:0008512;MONDO:0008513;MONDO:0008516;MONDO:0011984;MONDO:0012271	-					0	HP:0001770
ICD10CM:Q70.20	Fused toes, unspecified foot	5	0	RESIDUAL		0			-					0	
ICD10CM:Q70.21	Fused toes, right foot	5	0	LATERALITY		0			-					0	
ICD10CM:Q70.22	Fused toes, left foot	5	0	LATERALITY		0			-					0	
ICD10CM:Q70.23	Fused toes, bilateral	5	0	DISEASE		0			-					0	
ICD10CM:Q70.3	Webbed toes	4	4	PHENOTYPE		7	orphanet-btnt;provenance-only:orphanet	MONDO:0008512;MONDO:0012351;MONDO:0017543;MONDO:0017544;MONDO:0017545	-					0	HP:0001770
ICD10CM:Q70.30	Webbed toes, unspecified foot	5	0	RESIDUAL		0			-					0	
ICD10CM:Q70.31	Webbed toes, right foot	5	0	LATERALITY		0			-					0	
ICD10CM:Q70.32	Webbed toes, left foot	5	0	LATERALITY		0			-					0	
ICD10CM:Q70.33	Webbed toes, bilateral	5	0	DISEASE		0			-					0	
ICD10CM:Q70.4	Polysyndactyly, unspecified	4	0	RESIDUAL		7	orphanet-btnt;orphanet-specific;provenance-only:orphanet	MONDO:0008272;MONDO:0008286;MONDO:0008515;MONDO:0017529;MONDO:0017530	A	MONDO:0021651	polysyndactyly	EXACT	Polysyndactyly, unspecified	1	
ICD10CM:Q70.9	Syndactyly, unspecified	4	0	RESIDUAL		4	orphanet-btnt;provenance-only:orphanet	MONDO:0008509;MONDO:0008511;MONDO:0019530;MONDO:0021002	A	MONDO:0021002	syndactyly	name	Syndactyly, unspecified	1	HP:0001159
ICD10CM:Q71	Reduction defects of upper limb	3	9	DISEASE		0			-					0	
ICD10CM:Q71.0	Congenital complete absence of upper limb	4	4	DISEASE		4	orphanet-btnt;orphanet-specific;provenance-only:orphanet	MONDO:0017437;MONDO:0017478;MONDO:0017479;MONDO:0019713	-					0	
ICD10CM:Q71.00	Congenital complete absence of unspecified upper limb	5	0	RESIDUAL		0			-					0	
ICD10CM:Q71.01	Congenital complete absence of right upper limb	5	0	LATERALITY		0			-					0	
ICD10CM:Q71.02	Congenital complete absence of left upper limb	5	0	LATERALITY		0			-					0	
ICD10CM:Q71.03	Congenital complete absence of upper limb, bilateral	5	0	LATERALITY		0			-					0	
ICD10CM:Q71.1	Congenital absence of upper arm and forearm with hand present	4	4	DISEASE	YES	1	equivalentTo	MONDO:0017441	A	MONDO:0017441	congenital absence of upper arm and forearm with hand present	name	Congenital absence of upper arm and forearm with hand present	1	
ICD10CM:Q71.10	Congenital absence of unspecified upper arm and forearm with hand present	5	0	RESIDUAL		0			A	MONDO:0017441	congenital absence of upper arm and forearm with hand present	name	Congenital absence of unspecified upper arm and forearm with hand present	1	
ICD10CM:Q71.11	Congenital absence of right upper arm and forearm with hand present	5	0	LATERALITY		0			-					0	
ICD10CM:Q71.12	Congenital absence of left upper arm and forearm with hand present	5	0	LATERALITY		0			-					0	
ICD10CM:Q71.13	Congenital absence of upper arm and forearm with hand present, bilateral	5	0	LATERALITY		1	obsoleteEquivalent		-					0	
ICD10CM:Q71.2	Congenital absence of both forearm and hand	4	4	DISEASE	YES	1	equivalentTo	MONDO:0017443	A	MONDO:0017443	congenital absence of both forearm and hand	name	Congenital absence of both forearm and hand	1	
ICD10CM:Q71.20	Congenital absence of both forearm and hand, unspecified upper limb	5	0	RESIDUAL		0			-					0	
ICD10CM:Q71.21	Congenital absence of both forearm and hand, right upper limb	5	0	LATERALITY		0			-					0	
ICD10CM:Q71.22	Congenital absence of both forearm and hand, left upper limb	5	0	LATERALITY		0			-					0	
ICD10CM:Q71.23	Congenital absence of both forearm and hand, bilateral	5	0	DISEASE		1	equivalentTo	MONDO:0017499	A	MONDO:0017499	congenital absence of both forearm and hand, bilateral	name	Congenital absence of both forearm and hand, bilateral	1	
ICD10CM:Q71.3	Congenital absence of hand and finger	4	4	DISEASE	YES	11	orphanet-btnt;orphanet-specific;provenance-only:orphanet	MONDO:0007062;MONDO:0017445;MONDO:0017502;MONDO:0017503;MONDO:0019713	-					0	
ICD10CM:Q71.30	Congenital absence of unspecified hand and finger	5	0	RESIDUAL		0			-					0	
ICD10CM:Q71.31	Congenital absence of right hand and finger	5	0	LATERALITY		0			-					0	
ICD10CM:Q71.32	Congenital absence of left hand and finger	5	0	LATERALITY		0			-					0	
ICD10CM:Q71.33	Congenital absence of hand and finger, bilateral	5	0	LATERALITY		0			-					0	
ICD10CM:Q71.4	Longitudinal reduction defect of radius	4	4	DISEASE		1	equivalentTo	MONDO:0019671	A	MONDO:0019671	radial clubhand	EXACT	Radial clubhand	1	
ICD10CM:Q71.40	Longitudinal reduction defect of unspecified radius	5	0	RESIDUAL		0			-					0	
ICD10CM:Q71.41	Longitudinal reduction defect of right radius	5	0	LATERALITY		0			-					0	
ICD10CM:Q71.42	Longitudinal reduction defect of left radius	5	0	LATERALITY		0			-					0	
ICD10CM:Q71.43	Longitudinal reduction defect of radius, bilateral	5	0	LATERALITY		0			-					0	
ICD10CM:Q71.5	Longitudinal reduction defect of ulna	4	4	DISEASE		4	orphanet-btnt;orphanet-specific;provenance-only:orphanet	MONDO:0017488;MONDO:0017489;MONDO:0019670;MONDO:0019713	-					0	
ICD10CM:Q71.50	Longitudinal reduction defect of unspecified ulna	5	0	RESIDUAL		0			-					0	
ICD10CM:Q71.51	Longitudinal reduction defect of right ulna	5	0	LATERALITY		0			-					0	
ICD10CM:Q71.52	Longitudinal reduction defect of left ulna	5	0	LATERALITY		0			-					0	
ICD10CM:Q71.53	Longitudinal reduction defect of ulna, bilateral	5	0	LATERALITY		0			-					0	
ICD10CM:Q71.6	Lobster-claw hand	4	4	PHENOTYPE		12	orphanet-btnt;orphanet-specific;provenance-only:doid;provenance-only:orphanet	MONDO:0008464;MONDO:0009157;MONDO:0009525;MONDO:0010736;MONDO:0011535	-					0	HP:0100257
ICD10CM:Q71.60	Lobster-claw hand, unspecified hand	5	0	RESIDUAL		0			-					0	
ICD10CM:Q71.61	Lobster-claw right hand	5	0	LATERALITY		0			-					0	
ICD10CM:Q71.62	Lobster-claw left hand	5	0	LATERALITY		0			-					0	
ICD10CM:Q71.63	Lobster-claw hand, bilateral	5	0	LATERALITY		0			-					0	
ICD10CM:Q71.8	Other reduction defects of upper limb	4	2	RESIDUAL		10	orphanet-btnt;provenance-only:orphanet	MONDO:0007836;MONDO:0008411;MONDO:0016240;MONDO:0017440;MONDO:0017451	-					0	
ICD10CM:Q71.81	Congenital shortening of upper limb	5	4	DISEASE		0			-					0	
ICD10CM:Q71.811	Congenital shortening of right upper limb	6	0	LATERALITY		0			-					0	
ICD10CM:Q71.812	Congenital shortening of left upper limb	6	0	LATERALITY		0			-					0	
ICD10CM:Q71.813	Congenital shortening of upper limb, bilateral	6	0	LATERALITY		0			-					0	
ICD10CM:Q71.819	Congenital shortening of unspecified upper limb	6	0	RESIDUAL		0			-					0	
ICD10CM:Q71.89	Other reduction defects of upper limb	5	4	RESIDUAL		0			-					0	
ICD10CM:Q71.891	Other reduction defects of right upper limb	6	0	RESIDUAL		0			-					0	
ICD10CM:Q71.892	Other reduction defects of left upper limb	6	0	RESIDUAL		0			-					0	
ICD10CM:Q71.893	Other reduction defects of upper limb, bilateral	6	0	RESIDUAL		0			-					0	
ICD10CM:Q71.899	Other reduction defects of unspecified upper limb	6	0	RESIDUAL		0			-					0	
ICD10CM:Q71.9	Unspecified reduction defect of upper limb	4	4	RESIDUAL		1	orphanet-btnt	MONDO:0019713	-					0	
ICD10CM:Q71.90	Unspecified reduction defect of unspecified upper limb	5	0	RESIDUAL		0			-					0	
ICD10CM:Q71.91	Unspecified reduction defect of right upper limb	5	0	RESIDUAL		0			-					0	
ICD10CM:Q71.92	Unspecified reduction defect of left upper limb	5	0	RESIDUAL		0			-					0	
ICD10CM:Q71.93	Unspecified reduction defect of upper limb, bilateral	5	0	RESIDUAL		0			-					0	
ICD10CM:Q72	Reduction defects of lower limb	3	10	DISEASE		0			-					0	
ICD10CM:Q72.0	Congenital complete absence of lower limb	4	4	DISEASE		4	orphanet-btnt;orphanet-specific;provenance-only:orphanet	MONDO:0017438;MONDO:0017480;MONDO:0017481;MONDO:0019713	-					0	
ICD10CM:Q72.00	Congenital complete absence of unspecified lower limb	5	0	RESIDUAL		0			-					0	
ICD10CM:Q72.01	Congenital complete absence of right lower limb	5	0	LATERALITY		0			-					0	
ICD10CM:Q72.02	Congenital complete absence of left lower limb	5	0	LATERALITY		0			-					0	
ICD10CM:Q72.03	Congenital complete absence of lower limb, bilateral	5	0	LATERALITY		0			-					0	
ICD10CM:Q72.1	Congenital absence of thigh and lower leg with foot present	4	4	DISEASE	YES	1	equivalentTo	MONDO:0017442	A	MONDO:0017442	congenital absence of thigh and lower leg with foot present	name	Congenital absence of thigh and lower leg with foot present	1	
ICD10CM:Q72.10	Congenital absence of unspecified thigh and lower leg with foot present	5	0	RESIDUAL		0			A	MONDO:0017442	congenital absence of thigh and lower leg with foot present	name	Congenital absence of unspecified thigh and lower leg with foot present	1	
ICD10CM:Q72.11	Congenital absence of right thigh and lower leg with foot present	5	0	LATERALITY		0			-					0	
ICD10CM:Q72.12	Congenital absence of left thigh and lower leg with foot present	5	0	LATERALITY		0			-					0	
ICD10CM:Q72.13	Congenital absence of thigh and lower leg with foot present, bilateral	5	0	LATERALITY		1	equivalentTo	MONDO:0017497	A	MONDO:0017497	congenital absence of thigh and lower leg with foot present, bilateral	name	Congenital absence of thigh and lower leg with foot present, bilateral	1	
ICD10CM:Q72.2	Congenital absence of both lower leg and foot	4	4	DISEASE	YES	1	equivalentTo	MONDO:0017444	A	MONDO:0017444	congenital absence of both lower leg and foot	name	Congenital absence of both lower leg and foot	1	
ICD10CM:Q72.20	Congenital absence of both lower leg and foot, unspecified lower limb	5	0	RESIDUAL		0			-					0	
ICD10CM:Q72.21	Congenital absence of both lower leg and foot, right lower limb	5	0	LATERALITY		0			-					0	
ICD10CM:Q72.22	Congenital absence of both lower leg and foot, left lower limb	5	0	LATERALITY		0			-					0	
ICD10CM:Q72.23	Congenital absence of both lower leg and foot, bilateral	5	0	DISEASE		1	equivalentTo	MONDO:0017501	A	MONDO:0017501	congenital absence of both lower leg and foot, bilateral	name	Congenital absence of both lower leg and foot, bilateral	1	
ICD10CM:Q72.3	Congenital absence of foot and toe(s)	4	4	DISEASE	YES	4	orphanet-btnt;orphanet-specific;provenance-only:orphanet	MONDO:0017446;MONDO:0017504;MONDO:0017505;MONDO:0019713	-					0	
ICD10CM:Q72.30	Congenital absence of unspecified foot and toe(s)	5	0	RESIDUAL		0			-					0	
ICD10CM:Q72.31	Congenital absence of right foot and toe(s)	5	0	LATERALITY		0			-					0	
ICD10CM:Q72.32	Congenital absence of left foot and toe(s)	5	0	LATERALITY		0			-					0	
ICD10CM:Q72.33	Congenital absence of foot and toe(s), bilateral	5	0	LATERALITY		0			-					0	
ICD10CM:Q72.4	Longitudinal reduction defect of femur	4	4	DISEASE		4	orphanet-btnt;orphanet-specific;provenance-only:orphanet	MONDO:0016032;MONDO:0017484;MONDO:0017485;MONDO:0019713	A	MONDO:0859006	proximal femoral focal deficiency	name	Proximal femoral focal deficiency	1	
ICD10CM:Q72.40	Longitudinal reduction defect of unspecified femur	5	0	RESIDUAL		0			-					0	
ICD10CM:Q72.41	Longitudinal reduction defect of right femur	5	0	LATERALITY		0			-					0	
ICD10CM:Q72.42	Longitudinal reduction defect of left femur	5	0	LATERALITY		0			-					0	
ICD10CM:Q72.43	Longitudinal reduction defect of femur, bilateral	5	0	LATERALITY		0			-					0	
ICD10CM:Q72.5	Longitudinal reduction defect of tibia	4	4	DISEASE		4	orphanet-btnt;orphanet-specific;provenance-only:orphanet	MONDO:0010144;MONDO:0017490;MONDO:0017491;MONDO:0019713	-					0	
ICD10CM:Q72.50	Longitudinal reduction defect of unspecified tibia	5	0	RESIDUAL		0			-					0	
ICD10CM:Q72.51	Longitudinal reduction defect of right tibia	5	0	LATERALITY		0			-					0	
ICD10CM:Q72.52	Longitudinal reduction defect of left tibia	5	0	LATERALITY		0			-					0	
ICD10CM:Q72.53	Longitudinal reduction defect of tibia, bilateral	5	0	LATERALITY		0			-					0	
ICD10CM:Q72.6	Longitudinal reduction defect of fibula	4	4	DISEASE		4	orphanet-btnt;orphanet-specific;provenance-only:orphanet	MONDO:0017492;MONDO:0017493;MONDO:0019672;MONDO:0019713	-					0	
ICD10CM:Q72.60	Longitudinal reduction defect of unspecified fibula	5	0	RESIDUAL		0			-					0	
ICD10CM:Q72.61	Longitudinal reduction defect of right fibula	5	0	LATERALITY		0			-					0	
ICD10CM:Q72.62	Longitudinal reduction defect of left fibula	5	0	LATERALITY		0			-					0	
ICD10CM:Q72.63	Longitudinal reduction defect of fibula, bilateral	5	0	LATERALITY		0			-					0	
ICD10CM:Q72.7	Split foot	4	4	DISEASE		1	equivalentTo	MONDO:0017450	A	MONDO:0017450	split foot	name	Split foot	1	HP:0001839
ICD10CM:Q72.70	Split foot, unspecified lower limb	5	0	RESIDUAL		0			-					0	
ICD10CM:Q72.71	Split foot, right lower limb	5	0	LATERALITY		0			-					0	
ICD10CM:Q72.72	Split foot, left lower limb	5	0	LATERALITY		0			-					0	
ICD10CM:Q72.73	Split foot, bilateral	5	0	DISEASE		1	equivalentTo	MONDO:0017514	A	MONDO:0017514	split foot, bilateral	name	Split foot, bilateral	1	
ICD10CM:Q72.8	Other reduction defects of lower limb	4	2	RESIDUAL		8	orphanet-btnt;provenance-only:orphanet	MONDO:0016240;MONDO:0017452;MONDO:0017509;MONDO:0017510;MONDO:0017517	-					0	
ICD10CM:Q72.81	Congenital shortening of lower limb	5	4	DISEASE		0			-					0	
ICD10CM:Q72.811	Congenital shortening of right lower limb	6	0	LATERALITY		0			-					0	
ICD10CM:Q72.812	Congenital shortening of left lower limb	6	0	LATERALITY		0			-					0	
ICD10CM:Q72.813	Congenital shortening of lower limb, bilateral	6	0	LATERALITY		0			-					0	
ICD10CM:Q72.819	Congenital shortening of unspecified lower limb	6	0	RESIDUAL		0			-					0	
ICD10CM:Q72.89	Other reduction defects of lower limb	5	4	RESIDUAL		0			-					0	
ICD10CM:Q72.891	Other reduction defects of right lower limb	6	0	RESIDUAL		0			-					0	
ICD10CM:Q72.892	Other reduction defects of left lower limb	6	0	RESIDUAL		0			-					0	
ICD10CM:Q72.893	Other reduction defects of lower limb, bilateral	6	0	RESIDUAL		0			-					0	
ICD10CM:Q72.899	Other reduction defects of unspecified lower limb	6	0	RESIDUAL		0			-					0	
ICD10CM:Q72.9	Unspecified reduction defect of lower limb	4	4	RESIDUAL		1	orphanet-btnt	MONDO:0019713	-					0	
ICD10CM:Q72.90	Unspecified reduction defect of unspecified lower limb	5	0	RESIDUAL		0			-					0	
ICD10CM:Q72.91	Unspecified reduction defect of right lower limb	5	0	RESIDUAL		0			-					0	
ICD10CM:Q72.92	Unspecified reduction defect of left lower limb	5	0	RESIDUAL		0			-					0	
ICD10CM:Q72.93	Unspecified reduction defect of lower limb, bilateral	5	0	RESIDUAL		0			-					0	
ICD10CM:Q73	Reduction defects of unspecified limb	3	3	RESIDUAL		0			-					0	
ICD10CM:Q73.0	Congenital absence of unspecified limb(s)	4	0	RESIDUAL		4	orphanet-btnt;orphanet-specific;provenance-only:orphanet	MONDO:0011054;MONDO:0017419;MONDO:0017439;MONDO:0019713	-					0	
ICD10CM:Q73.1	Phocomelia, unspecified limb(s)	4	0	RESIDUAL		1	orphanet-btnt	MONDO:0019713	A	MONDO:0017441	phocomelia	EXACT	Phocomelia NOS	1	
ICD10CM:Q73.8	Other reduction defects of unspecified limb(s)	4	0	RESIDUAL		30	orphanet-btnt;provenance-only:orphanet	MONDO:0007211;MONDO:0007213;MONDO:0007214;MONDO:0007215;MONDO:0007216	-					0	
ICD10CM:Q74	Other congenital malformations of limb(s)	3	6	RESIDUAL		0			B	MONDO:0019054	congenital limb malformation	name	Other congenital malformations of limb(s)	1	
ICD10CM:Q74.0	Other congenital malformations of upper limb(s), including shoulder girdle	4	0	RESIDUAL		28	provenance-only:orphanet	MONDO:0007330;MONDO:0007340;MONDO:0007737;MONDO:0008198;MONDO:0008482	A	MONDO:0007340	cleidocranial dysostosis	EXACT	Cleidocranial dysostosis	1	
ICD10CM:Q74.1	Congenital malformation of knee	4	0	CONTAINER		7	provenance-only:orphanet	MONDO:0007841;MONDO:0008205;MONDO:0017471;MONDO:0017472;MONDO:0017473	B	MONDO:0017471	congenital patella dislocation	name	Congenital dislocation of patella	1	
ICD10CM:Q74.2	Other congenital malformations of lower limb(s), including pelvic girdle	4	0	RESIDUAL		9	provenance-only:orphanet	MONDO:0009321;MONDO:0017462;MONDO:0017463;MONDO:0017464;MONDO:0017467	-					0	
ICD10CM:Q74.3	Arthrogryposis multiplex congenita	4	0	DISEASE		1	equivalentTo	MONDO:0015168	A	MONDO:0015168	arthrogryposis multiplex congenita	name	Arthrogryposis multiplex congenita	1	HP:0002804
ICD10CM:Q74.8	Other specified congenital malformations of limb(s)	4	0	RESIDUAL		29	provenance-only:orphanet	MONDO:0007058;MONDO:0007227;MONDO:0007249;MONDO:0007489;MONDO:0007738	B	MONDO:0019054	congenital limb malformation	name	Other specified congenital malformations of limb(s)	1	
ICD10CM:Q74.9	Unspecified congenital malformation of limb(s)	4	0	RESIDUAL		0			B	MONDO:0019054	congenital limb malformation	name	Unspecified congenital malformation of limb(s)	1	
ICD10CM:Q75	Other congenital malformations of skull and face bones	3	8	RESIDUAL		0			-					0	
ICD10CM:Q75.0	Craniosynostosis	4	7	DISEASE		1	equivalentTo	MONDO:0015469	A	MONDO:0015469	craniosynostosis	name	Craniosynostosis	1	HP:0001363
ICD10CM:Q75.00	Craniosynostosis unspecified	5	3	RESIDUAL		0			A	MONDO:0015469	craniosynostosis	name	Craniosynostosis unspecified	1	HP:0001363
ICD10CM:Q75.001	Craniosynostosis unspecified, unilateral	6	0	RESIDUAL		0			-					0	
ICD10CM:Q75.002	Craniosynostosis unspecified, bilateral	6	0	RESIDUAL		0			-					0	
ICD10CM:Q75.009	Craniosynostosis unspecified	6	0	RESIDUAL		0			A	MONDO:0015469	craniosynostosis	name	Craniosynostosis unspecified	1	HP:0001363
ICD10CM:Q75.01	Sagittal craniosynostosis	5	0	PHENOTYPE		0			-					0	HP:0004442
ICD10CM:Q75.02	Coronal craniosynostosis	5	3	PHENOTYPE		0			-					0	HP:0004440
ICD10CM:Q75.021	Coronal craniosynostosis unilateral	6	0	LATERALITY		0			-					0	
ICD10CM:Q75.022	Coronal craniosynostosis bilateral	6	0	LATERALITY		0			-					0	
ICD10CM:Q75.029	Coronal craniosynostosis unspecified	6	0	RESIDUAL		0			-					0	HP:0004440
ICD10CM:Q75.03	Metopic craniosynostosis	5	0	PHENOTYPE		0			A	MONDO:0000156	trigonocephaly	name	Trigonocephaly	1	HP:0011330
ICD10CM:Q75.04	Lambdoid craniosynostosis	5	3	DISEASE		0			-					0	
ICD10CM:Q75.041	Lambdoid craniosynostosis, unilateral	6	0	LATERALITY		0			-					0	
ICD10CM:Q75.042	Lambdoid craniosynostosis, bilateral	6	0	LATERALITY		0			-					0	
ICD10CM:Q75.049	Lambdoid craniosynostosis, unspecified	6	0	RESIDUAL		0			-					0	
ICD10CM:Q75.05	Multi-suture craniosynostosis	5	3	DISEASE		0			-					0	
ICD10CM:Q75.051	Cloverleaf skull	6	0	PHENOTYPE		0			-					0	HP:0002676
ICD10CM:Q75.052	Pansynostosis	6	0	PHENOTYPE		0			-					0	HP:0011325
ICD10CM:Q75.058	Other multi-suture craniosynostosis	6	0	RESIDUAL		0			-					0	
ICD10CM:Q75.08	Other single-suture craniosynostosis	5	0	RESIDUAL		0			-					0	
ICD10CM:Q75.1	Craniofacial dysostosis	4	0	DISEASE		4	provenance-only:orphanet	MONDO:0007405;MONDO:0008715;MONDO:0012833;MONDO:0015824	A	MONDO:0007405	craniofacial dysostosis	EXACT	Craniofacial dysostosis	1	HP:0004439;HP:0008497
ICD10CM:Q75.2	Hypertelorism	4	0	PHENOTYPE		0			-					0	HP:0000316
ICD10CM:Q75.3	Macrocephaly	4	0	PHENOTYPE		1	provenance-only:orphanet	MONDO:0014289	-					0	HP:0000256;HP:0004488
ICD10CM:Q75.4	Mandibulofacial dysostosis	4	0	DISEASE		1	equivalentTo	MONDO:0015483	A	MONDO:0015483	mandibulofacial dysostosis	name	Mandibulofacial dysostosis	1	HP:0005321
ICD10CM:Q75.5	Oculomandibular dysostosis	4	0	DISEASE		0			-					0	
ICD10CM:Q75.8	Other specified congenital malformations of skull and face bones	4	0	RESIDUAL		15	provenance-only:orphanet	MONDO:0000107;MONDO:0007188;MONDO:0007636;MONDO:0007712;MONDO:0007953	-					0	
ICD10CM:Q75.9	Congenital malformation of skull and face bones, unspecified	4	0	RESIDUAL		0			B	MONDO:0024654	skull disorder	name	Congenital anomaly of skull NOS	1	
ICD10CM:Q76	Congenital malformations of spine and bony thorax	3	10	CONTAINER		0			-					0	
ICD10CM:Q76.0	Spina bifida occulta	4	0	DISEASE		1	equivalentTo	MONDO:0000859	A	MONDO:0000859	spina bifida occulta	name	Spina bifida occulta	1	HP:0003298
ICD10CM:Q76.1	Klippel-Feil syndrome	4	0	DISEASE		1	equivalentTo	MONDO:0001029	A	MONDO:0001029	Klippel-Feil syndrome	name	Klippel-Feil syndrome	1	HP:0004602
ICD10CM:Q76.2	Congenital spondylolisthesis	4	0	DISEASE		0			A	MONDO:0008475	spondylolisthesis	name	Congenital spondylolisthesis	1	HP:0003302
ICD10CM:Q76.3	Congenital scoliosis due to congenital bony malformation	4	0	DISEASE		5	provenance-only:orphanet	MONDO:0007232;MONDO:0011018;MONDO:0013360;MONDO:0015262;MONDO:0018662	-					0	
ICD10CM:Q76.4	Other congenital malformations of spine, not associated with scoliosis	4	3	RESIDUAL		3	provenance-only:orphanet	MONDO:0010094;MONDO:0015826;MONDO:0016622	-					0	
ICD10CM:Q76.41	Congenital kyphosis	5	6	PHENOTYPE		0			-					0	HP:0002808
ICD10CM:Q76.411	Congenital kyphosis, occipito-atlanto-axial region	6	0	DISEASE		0			-					0	
ICD10CM:Q76.412	Congenital kyphosis, cervical region	6	0	DISEASE		0			-					0	
ICD10CM:Q76.413	Congenital kyphosis, cervicothoracic region	6	0	DISEASE		0			-					0	
ICD10CM:Q76.414	Congenital kyphosis, thoracic region	6	0	DISEASE		0			-					0	
ICD10CM:Q76.415	Congenital kyphosis, thoracolumbar region	6	0	DISEASE		0			-					0	
ICD10CM:Q76.419	Congenital kyphosis, unspecified region	6	0	RESIDUAL		0			-					0	
ICD10CM:Q76.42	Congenital lordosis	5	5	PHENOTYPE		0			-					0	HP:0003307
ICD10CM:Q76.425	Congenital lordosis, thoracolumbar region	6	0	DISEASE		0			-					0	
ICD10CM:Q76.426	Congenital lordosis, lumbar region	6	0	DISEASE		0			-					0	
ICD10CM:Q76.427	Congenital lordosis, lumbosacral region	6	0	DISEASE		0			-					0	
ICD10CM:Q76.428	Congenital lordosis, sacral and sacrococcygeal region	6	0	CONTAINER		0			-					0	
ICD10CM:Q76.429	Congenital lordosis, unspecified region	6	0	RESIDUAL		0			-					0	
ICD10CM:Q76.49	Other congenital malformations of spine, not associated with scoliosis	5	0	RESIDUAL		0			B	MONDO:0000812	disease of spine	EXACT	Congenital malformation of spine NOS	1	
ICD10CM:Q76.5	Cervical rib	4	0	DISEASE		1	equivalentTo	MONDO:0007303	A	MONDO:0007303	cervical rib	EXACT	Cervical rib	1	HP:0000891
ICD10CM:Q76.6	Other congenital malformations of ribs	4	0	RESIDUAL		0			-					0	
ICD10CM:Q76.7	Congenital malformation of sternum	4	0	CONTAINER		2	provenance-only:orphanet	MONDO:0016066	A	MONDO:0016066	sternum bifidum	EXACT	Sternum bifidum	1	
ICD10CM:Q76.8	Other congenital malformations of bony thorax	4	0	RESIDUAL		1	provenance-only:orphanet	MONDO:0010180	-					0	
ICD10CM:Q76.9	Congenital malformation of bony thorax, unspecified	4	0	RESIDUAL		0			-					0	
ICD10CM:Q77	Osteochondrodysplasia with defects of growth of tubular bones and spine	3	10	DISEASE	YES	0			-					0	
ICD10CM:Q77.0	Achondrogenesis	4	0	DISEASE		1	equivalentTo	MONDO:0019648	A	MONDO:0019648	achondrogenesis	name	Achondrogenesis	1	
ICD10CM:Q77.1	Thanatophoric short stature	4	0	DISEASE		3	orphanet-specific;provenance-only:orphanet	MONDO:0008546;MONDO:0008547;MONDO:0017042	-					0	
ICD10CM:Q77.2	Short rib syndrome	4	0	DISEASE		19	orphanet-specific;provenance-only:doid;provenance-only:orphanet	MONDO:0008551;MONDO:0008831;MONDO:0009894;MONDO:0010024;MONDO:0010116	-					0	
ICD10CM:Q77.3	Chondrodysplasia punctata	4	0	DISEASE		1	equivalentTo	MONDO:0019701	A	MONDO:0019701	chondrodysplasia punctata	name	Chondrodysplasia punctata	1	
ICD10CM:Q77.4	Achondroplasia	4	0	DISEASE		1	equivalentTo	MONDO:0007037	A	MONDO:0007037	achondroplasia	name	Achondroplasia	1	
ICD10CM:Q77.5	Diastrophic dysplasia	4	0	DISEASE		1	equivalentTo	MONDO:0009107	A	MONDO:0009107	diastrophic dysplasia	name	Diastrophic dysplasia	1	
ICD10CM:Q77.6	Chondroectodermal dysplasia	4	0	DISEASE		1	equivalentTo	MONDO:0009162	A	MONDO:0009162	Chondroectodermal dysplasia	EXACT	Chondroectodermal dysplasia	1	
ICD10CM:Q77.7	Spondyloepiphyseal dysplasia	4	0	DISEASE		1	equivalentTo	MONDO:0016761	A	MONDO:0016761	spondyloepiphyseal dysplasia	name	Spondyloepiphyseal dysplasia	2	HP:0002655
ICD10CM:Q77.8	Other osteochondrodysplasia with defects of growth of tubular bones and spine	4	0	RESIDUAL		34	provenance-only:orphanet	MONDO:0007055;MONDO:0007209;MONDO:0007341;MONDO:0007481;MONDO:0007895	-					0	
ICD10CM:Q77.9	Osteochondrodysplasia with defects of growth of tubular bones and spine, unspecified	4	0	RESIDUAL		0			-					0	
ICD10CM:Q78	Other osteochondrodysplasias	3	9	RESIDUAL		0			B	MONDO:0005516	osteochondrodysplasia	name	Other osteochondrodysplasias	1	
ICD10CM:Q78.0	Osteogenesis imperfecta	4	0	DISEASE		1	equivalentTo	MONDO:0019019	A	MONDO:0019019	osteogenesis imperfecta	name	Osteogenesis imperfecta	1	
ICD10CM:Q78.1	Polyostotic fibrous dysplasia	4	0	DISEASE		1	equivalentTo	MONDO:0008274	A	MONDO:0008274	polyostotic fibrous dysplasia	name	Polyostotic fibrous dysplasia	1	HP:0010735
ICD10CM:Q78.2	Osteopetrosis	4	0	DISEASE		1	equivalentTo	MONDO:0017198	A	MONDO:0017198	osteopetrosis	name	Osteopetrosis	1	HP:0011002
ICD10CM:Q78.3	Progressive diaphyseal dysplasia	4	0	DISEASE		1	equivalentTo	MONDO:0007542	A	MONDO:0007542	progressive diaphyseal dysplasia	EXACT	Progressive diaphyseal dysplasia	1	
ICD10CM:Q78.4	Enchondromatosis	4	0	DISEASE		1	equivalentTo	MONDO:0008145	A	MONDO:0008145	Ollier's disease	EXACT	Ollier's disease	1	
ICD10CM:Q78.5	Metaphyseal dysplasia	4	0	PHENOTYPE		1	equivalentTo	MONDO:0009943	A	MONDO:0009943	Pyle's syndrome	EXACT	Pyle's syndrome	1	HP:0100255
ICD10CM:Q78.6	Multiple congenital exostoses	4	0	PHENOTYPE		1	orphanet-specific	MONDO:0005508	B	MONDO:0005508	exostoses, multiple	EXACT	Multiple congenital exostoses	1	HP:0002762
ICD10CM:Q78.8	Other specified osteochondrodysplasias	4	0	RESIDUAL		45	provenance-only:doid;provenance-only:orphanet	MONDO:0001414;MONDO:0007114;MONDO:0007167;MONDO:0007168;MONDO:0007396	B	MONDO:0001414	osteopoikilosis	name	Osteopoikilosis	2	
ICD10CM:Q78.9	Osteochondrodysplasia, unspecified	4	0	RESIDUAL		1	provenance-only:doid	MONDO:0005516	A	MONDO:0005516	osteochondrodysplasia	name	Osteochondrodysplasia, unspecified	1	
ICD10CM:Q79	Congenital malformations of musculoskeletal system, not elsewhere classified	3	9	CONTAINER		0			B	MONDO:0002081	musculoskeletal system disorder	name	Congenital malformations of musculoskeletal system, not elsewhere classified	1	
ICD10CM:Q79.0	Congenital diaphragmatic hernia	4	0	DISEASE		1	equivalentTo	MONDO:0005711	A	MONDO:0005711	congenital diaphragmatic hernia	name	Congenital diaphragmatic hernia	1	HP:0000776
ICD10CM:Q79.1	Other congenital malformations of diaphragm	4	0	RESIDUAL		1	provenance-only:doid	MONDO:0006726	B	MONDO:0005728	diaphragm disorder	name	Other congenital malformations of diaphragm	1	
ICD10CM:Q79.2	Exomphalos	4	0	DISEASE		3	provenance-only:doid;provenance-only:orphanet	MONDO:0008425;MONDO:0019015	A	MONDO:0019015	exomphalos	EXACT	Exomphalos	1	HP:0001539
ICD10CM:Q79.3	Gastroschisis	4	0	DISEASE		1	equivalentTo	MONDO:0009264	A	MONDO:0009264	gastroschisis	name	Gastroschisis	1	HP:0001543
ICD10CM:Q79.4	Prune belly syndrome	4	0	DISEASE		1	equivalentTo	MONDO:0007032	A	MONDO:0007032	prune belly syndrome	name	Prune belly syndrome	1	
ICD10CM:Q79.5	Other congenital malformations of abdominal wall	4	2	RESIDUAL		0			B	MONDO:0100298	abdominal wall malformation	name	Other congenital malformations of abdominal wall	1	
ICD10CM:Q79.51	Congenital hernia of bladder	5	0	DISEASE		0			-					0	
ICD10CM:Q79.59	Other congenital malformations of abdominal wall	5	0	RESIDUAL		0			B	MONDO:0100298	abdominal wall malformation	name	Other congenital malformations of abdominal wall	1	
ICD10CM:Q79.6	Ehlers-Danlos syndromes	4	5	DISEASE		1	equivalentTo	MONDO:0020066	A	MONDO:0020066	Ehlers-Danlos syndrome	name	Ehlers-Danlos syndromes	1	
ICD10CM:Q79.60	Ehlers-Danlos syndrome, unspecified	5	0	RESIDUAL		0			A	MONDO:0020066	Ehlers-Danlos syndrome	name	Ehlers-Danlos syndrome, unspecified	1	
ICD10CM:Q79.61	Classical Ehlers-Danlos syndrome	5	0	DISEASE		0			-					0	
ICD10CM:Q79.62	Hypermobile Ehlers-Danlos syndrome	5	0	DISEASE		0			B	MONDO:0007523	Ehlers-Danlos syndrome, hypermobile type	EXACT	Hypermobile Ehlers-Danlos syndrome	1	
ICD10CM:Q79.63	Vascular Ehlers-Danlos syndrome	5	0	DISEASE		0			B	MONDO:0017314	Ehlers-Danlos syndrome, vascular type	name	Vascular Ehlers-Danlos syndrome	1	
ICD10CM:Q79.69	Other Ehlers-Danlos syndromes	5	0	RESIDUAL		0			B	MONDO:0020066	Ehlers-Danlos syndrome	name	Other Ehlers-Danlos syndromes	1	
ICD10CM:Q79.8	Other congenital malformations of musculoskeletal system	4	0	RESIDUAL		9	provenance-only:orphanet	MONDO:0008262;MONDO:0008338;MONDO:0009668;MONDO:0009926;MONDO:0010716	B	MONDO:0002081	musculoskeletal system disorder	name	Other congenital malformations of musculoskeletal system	2	
ICD10CM:Q79.9	Congenital malformation of musculoskeletal system, unspecified	4	0	RESIDUAL		0			B	MONDO:0002081	musculoskeletal system disorder	name	Congenital malformation of musculoskeletal system, unspecified	1	
ICD10CM:Q80	Congenital ichthyosis	3	7	DISEASE		1	equivalentTo	MONDO:0015947	A	MONDO:0019269	ichthyosis	name	Congenital ichthyosis	1	HP:0007431;HP:0008064
ICD10CM:Q80-Q89	Other congenital malformations (Q80-Q89)	2	9	BLOCK		1	provenance-only:other	MONDO:0019755	-					0	
ICD10CM:Q80.0	Ichthyosis vulgaris	4	0	DISEASE		1	equivalentTo	MONDO:0007810	A	MONDO:0024304	ichthyosis vulgaris	name	Ichthyosis vulgaris	1	
ICD10CM:Q80.1	X-linked ichthyosis	4	0	DISEASE		1	equivalentTo	MONDO:0010622	A	MONDO:0010622	X-linked ichthyosis	EXACT	X-linked ichthyosis	1	
ICD10CM:Q80.2	Lamellar ichthyosis	4	0	DISEASE		1	equivalentTo	MONDO:0017778	A	MONDO:0017778	lamellar ichthyosis	name	Lamellar ichthyosis	1	HP:0007479
ICD10CM:Q80.3	Congenital bullous ichthyosiform erythroderma	4	0	DISEASE		2	orphanet-specific;provenance-only:orphanet	MONDO:0007239;MONDO:0011870	A	MONDO:0007239	bullous congenital ichthyosiform erythroderma	EXACT	Congenital bullous ichthyosiform erythroderma	1	HP:0007475
ICD10CM:Q80.4	Harlequin fetus	4	0	DISEASE		1	orphanet-specific	MONDO:0009443	-					0	
ICD10CM:Q80.8	Other congenital ichthyosis	4	0	RESIDUAL		14	provenance-only:doid;provenance-only:orphanet	MONDO:0007808;MONDO:0007813;MONDO:0007850;MONDO:0009735;MONDO:0010033	B	MONDO:0019269	ichthyosis	name	Other congenital ichthyosis	1	
ICD10CM:Q80.9	Congenital ichthyosis, unspecified	4	0	RESIDUAL		0			A	MONDO:0019269	ichthyosis	name	Congenital ichthyosis, unspecified	1	HP:0007431;HP:0008064
ICD10CM:Q81	Epidermolysis bullosa	3	5	DISEASE		1	equivalentTo	MONDO:0006541	A	MONDO:0006541	epidermolysis bullosa	name	Epidermolysis bullosa	1	
ICD10CM:Q81.0	Epidermolysis bullosa simplex	4	0	DISEASE		1	equivalentTo	MONDO:0017610	A	MONDO:0017610	epidermolysis bullosa simplex	name	Epidermolysis bullosa simplex	1	
ICD10CM:Q81.1	Epidermolysis bullosa letalis	4	0	DISEASE		1	equivalentTo	MONDO:0009182	A	MONDO:0009182	epidermolysis bullosa letalis	EXACT	Epidermolysis bullosa letalis	1	
ICD10CM:Q81.2	Epidermolysis bullosa dystrophica	4	0	DISEASE		1	equivalentTo	MONDO:0006543	A	MONDO:0006543	epidermolysis bullosa dystrophica	name	Epidermolysis bullosa dystrophica	1	
ICD10CM:Q81.8	Other epidermolysis bullosa	4	0	RESIDUAL		11	provenance-only:orphanet	MONDO:0008260;MONDO:0009177;MONDO:0009180;MONDO:0009183;MONDO:0009513	B	MONDO:0006541	epidermolysis bullosa	name	Other epidermolysis bullosa	1	
ICD10CM:Q81.9	Epidermolysis bullosa, unspecified	4	0	RESIDUAL		2	provenance-only:doid;provenance-only:orphanet	MONDO:0006541;MONDO:0019276	A	MONDO:0006541	epidermolysis bullosa	name	Epidermolysis bullosa, unspecified	1	
ICD10CM:Q82	Other congenital malformations of skin	3	9	RESIDUAL		0			B	MONDO:0005093	skin disorder	name	Other congenital malformations of skin	1	
ICD10CM:Q82.0	Hereditary lymphedema	4	0	DISEASE		1	equivalentTo	MONDO:0019313	A	MONDO:0007919	congenital hereditary lymphedema	EXACT	Hereditary lymphedema	2	
ICD10CM:Q82.1	Xeroderma pigmentosum	4	0	DISEASE		1	equivalentTo	MONDO:0019600	A	MONDO:0019600	xeroderma pigmentosum	name	Xeroderma pigmentosum	1	
ICD10CM:Q82.2	Congenital cutaneous mastocytosis	4	0	DISEASE		13	orphanet-btnt;orphanet-exact;other-mondo-qualifier:directSiblingOf;provenance-only:orphanet;relatedTo	MONDO:0007950;MONDO:0008876;MONDO:0009569;MONDO:0015554;MONDO:0015555	A	MONDO:0019023	cutaneous mastocytosis	name	Congenital cutaneous mastocytosis	1	HP:0200151
ICD10CM:Q82.3	Incontinentia pigmenti	4	0	DISEASE		1	equivalentTo	MONDO:0010631	A	MONDO:0010631	incontinentia pigmenti	name	Incontinentia pigmenti	1	
ICD10CM:Q82.4	Ectodermal dysplasia (anhidrotic)	4	0	DISEASE		20	orphanet-specific;provenance-only:doid;provenance-only:orphanet	MONDO:0007095;MONDO:0007124;MONDO:0007207;MONDO:0007445;MONDO:0007449	A	MONDO:0019287	ectodermal dysplasia	EXACT	Ectodermal dysplasia (anhidrotic)	1	HP:0000968
ICD10CM:Q82.5	Congenital non-neoplastic nevus	4	0	DISEASE		11	provenance-only:doid;provenance-only:orphanet	MONDO:0002407;MONDO:0008094;MONDO:0011605;MONDO:0014873;MONDO:0015635	A	MONDO:0022749	non-neoplastic nevus	name	Congenital non-neoplastic nevus	1	
ICD10CM:Q82.6	Congenital sacral dimple	4	0	PHENOTYPE		0			-					0	HP:0000960
ICD10CM:Q82.8	Other specified congenital malformations of skin	4	0	RESIDUAL		123	provenance-only:doid;provenance-only:orphanet	MONDO:0000136;MONDO:0006602;MONDO:0007047;MONDO:0007048;MONDO:0007083	B	MONDO:0005093	skin disorder	name	Other specified congenital malformations of skin	4	
ICD10CM:Q82.9	Congenital malformation of skin, unspecified	4	0	RESIDUAL		0			B	MONDO:0005093	skin disorder	name	Congenital malformation of skin, unspecified	1	
ICD10CM:Q83	Congenital malformations of breast	3	6	CONTAINER		0			B	MONDO:0002657	breast disorder	name	Congenital malformations of breast	1	
ICD10CM:Q83.0	Congenital absence of breast with absent nipple	4	0	DISEASE		1	orphanet-specific	MONDO:0015855	-					0	
ICD10CM:Q83.1	Accessory breast	4	0	DISEASE		1	orphanet-exact	MONDO:0015854	A	MONDO:0015854	accessory breasts	EXACT	Accessory breast	1	
ICD10CM:Q83.2	Absent nipple	4	0	PHENOTYPE		0			-					0	HP:0002561
ICD10CM:Q83.3	Accessory nipple	4	0	PHENOTYPE		1	provenance-only:orphanet	MONDO:0008101	-					0	HP:0002558
ICD10CM:Q83.8	Other congenital malformations of breast	4	0	RESIDUAL		0			B	MONDO:0002657	breast disorder	name	Other congenital malformations of breast	1	
ICD10CM:Q83.9	Congenital malformation of breast, unspecified	4	0	RESIDUAL		0			B	MONDO:0002657	breast disorder	name	Congenital malformation of breast, unspecified	1	
ICD10CM:Q84	Other congenital malformations of integument	3	9	RESIDUAL		0			-					0	
ICD10CM:Q84.0	Congenital alopecia	4	0	DISEASE		1	equivalentTo	MONDO:0010229	A	MONDO:0004907	alopecia	name	Congenital alopecia	2	HP:0001596
ICD10CM:Q84.1	Congenital morphological disturbances of hair, not elsewhere classified	4	0	CONTAINER		5	provenance-only:orphanet	MONDO:0008009;MONDO:0008388;MONDO:0008621;MONDO:0008686;MONDO:0009870	A	MONDO:0008009	monilethrix	name	Monilethrix	1	
ICD10CM:Q84.2	Other congenital malformations of hair	4	0	RESIDUAL		4	provenance-only:orphanet	MONDO:0007693;MONDO:0007787;MONDO:0010614;MONDO:0016381	B	MONDO:0019278	hair anomaly	name	Other congenital malformations of hair	3	
ICD10CM:Q84.3	Anonychia	4	0	PHENOTYPE		3	orphanet-specific;provenance-only:orphanet	MONDO:0008798;MONDO:0019211;MONDO:0019577	-					0	HP:0001798
ICD10CM:Q84.4	Congenital leukonychia	4	0	PHENOTYPE		1	provenance-only:orphanet	MONDO:0016557	-					0	HP:0001820
ICD10CM:Q84.5	Enlarged and hypertrophic nails	4	0	DISEASE		1	provenance-only:orphanet	MONDO:0016471	-					0	
ICD10CM:Q84.6	Other congenital malformations of nails	4	0	RESIDUAL		4	narrowerThanSource;provenance-only:orphanet	MONDO:0007134;MONDO:0008060;MONDO:0011595	B	MONDO:0002884	nail disorder	name	Other congenital malformations of nails	2	
ICD10CM:Q84.8	Other specified congenital malformations of integument	4	0	RESIDUAL		6	provenance-only:orphanet	MONDO:0007145;MONDO:0010876;MONDO:0010988;MONDO:0018259;MONDO:0018260	A	MONDO:0007145	aplasia cutis congenita	name	Aplasia cutis congenita	1	
ICD10CM:Q84.9	Congenital malformation of integument, unspecified	4	0	RESIDUAL		0			-					0	
ICD10CM:Q85	Phakomatoses, not elsewhere classified	3	4	CONTAINER		0			-					0	
ICD10CM:Q85.0	Neurofibromatosis (nonmalignant)	4	5	DISEASE		1	equivalentTo	MONDO:0021061	A	MONDO:0021061	neurofibromatosis	name	Neurofibromatosis (nonmalignant)	1	HP:0001067
ICD10CM:Q85.00	Neurofibromatosis, unspecified	5	0	RESIDUAL		1	provenance-only:doid	MONDO:0021061	A	MONDO:0021061	neurofibromatosis	name	Neurofibromatosis, unspecified	1	HP:0001067
ICD10CM:Q85.01	Neurofibromatosis, type 1	5	0	DISEASE		1	equivalentTo	MONDO:0018975	A	MONDO:0018975	neurofibromatosis type 1	name	Neurofibromatosis, type 1	2	
ICD10CM:Q85.02	Neurofibromatosis, type 2	5	0	DISEASE		1	equivalentTo	MONDO:0007039	A	MONDO:0007039	neurofibromatosis type 2	EXACT	Neurofibromatosis, type 2	1	
ICD10CM:Q85.03	Schwannomatosis	5	0	DISEASE		1	equivalentTo	MONDO:0008075	A	MONDO:0008075	schwannomatosis	name	Schwannomatosis	1	
ICD10CM:Q85.09	Other neurofibromatosis	5	0	RESIDUAL		0			B	MONDO:0021061	neurofibromatosis	name	Other neurofibromatosis	1	
ICD10CM:Q85.1	Tuberous sclerosis	4	0	DISEASE		1	equivalentTo	MONDO:0001734	A	MONDO:0001734	tuberous sclerosis	name	Tuberous sclerosis	1	
ICD10CM:Q85.8	Other phakomatoses, not elsewhere classified	4	4	RESIDUAL		12	provenance-only:orphanet	MONDO:0008097;MONDO:0008280;MONDO:0008501;MONDO:0008667;MONDO:0016063	-					0	
ICD10CM:Q85.81	PTEN hamartoma tumor syndrome	5	0	DISEASE		0			A	MONDO:0017623	PTEN hamartoma tumor syndrome	name	PTEN hamartoma tumor syndrome	1	
ICD10CM:Q85.82	Other Cowden syndrome	5	0	RESIDUAL		0			B	MONDO:0016063	Cowden syndrome	EXACT	Other Cowden syndrome	1	
ICD10CM:Q85.83	Von Hippel-Lindau syndrome	5	0	DISEASE		0			A	MONDO:0008667	Von Hippel-Lindau syndrome	EXACT	Von Hippel-Lindau syndrome	1	
ICD10CM:Q85.89	Other phakomatoses, not elsewhere classified	5	0	RESIDUAL		0			A	MONDO:0008280	Peutz-Jeghers syndrome	name	Peutz-Jeghers syndrome	1	
ICD10CM:Q85.9	Phakomatosis, unspecified	4	0	RESIDUAL		1	provenance-only:orphanet	MONDO:0018298	-					0	
ICD10CM:Q86	Congenital malformation syndromes due to known exogenous causes, not elsewhere classified	3	4	CONTAINER		0			-					0	
ICD10CM:Q86.0	Fetal alcohol syndrome (dysmorphic)	4	0	DISEASE		1	equivalentTo	MONDO:0016011	A	MONDO:0016011	fetal alcohol syndrome	name	Fetal alcohol syndrome (dysmorphic)	1	
ICD10CM:Q86.1	Fetal hydantoin syndrome	4	0	DISEASE		1	equivalentTo	MONDO:0016008	A	MONDO:0016008	fetal hydantoin syndrome	name	Fetal hydantoin syndrome	1	
ICD10CM:Q86.2	Dysmorphism due to warfarin	4	0	DISEASE		1	provenance-only:orphanet	MONDO:0016010	-					0	
ICD10CM:Q86.8	Other congenital malformation syndromes due to known exogenous causes	4	0	RESIDUAL		17	provenance-only:orphanet	MONDO:0012275;MONDO:0016004;MONDO:0016005;MONDO:0016007;MONDO:0016009	-					0	
ICD10CM:Q87	Other specified congenital malformation syndromes affecting multiple systems	3	7	RESIDUAL		0			-					0	
ICD10CM:Q87.0	Congenital malformation syndromes predominantly affecting facial appearance	4	0	CONTAINER		133	orphanet-specific;provenance-only:doid;provenance-only:orphanet	MONDO:0007040;MONDO:0007041;MONDO:0007042;MONDO:0007043;MONDO:0007051	A	MONDO:0000078	acrocephalopolysyndactyly	name	Acrocephalopolysyndactyly	1	
ICD10CM:Q87.1	Congenital malformation syndromes predominantly associated with short stature	4	2	CONTAINER		94	orphanet-exact;provenance-only:doid;provenance-only:orphanet;provenance-only:other	MONDO:0000127;MONDO:0007030;MONDO:0007208;MONDO:0007230;MONDO:0007251	-					0	
ICD10CM:Q87.11	Prader-Willi syndrome	5	0	DISEASE		1	equivalentTo	MONDO:0008300	A	MONDO:0008300	Prader-Willi syndrome	name	Prader-Willi syndrome	3	
ICD10CM:Q87.19	Other congenital malformation syndromes predominantly associated with short stature	5	0	RESIDUAL		0			A	MONDO:0021005	Aarskog syndrome	NARROW	Aarskog syndrome	1	
ICD10CM:Q87.2	Congenital malformation syndromes predominantly involving limbs	4	0	CONTAINER		63	orphanet-exact;provenance-only:orphanet	MONDO:0007034;MONDO:0007059;MONDO:0007072;MONDO:0007073;MONDO:0007212	A	MONDO:0007732	Holt-Oram syndrome	name	Holt-Oram syndrome	1	
ICD10CM:Q87.3	Congenital malformation syndromes involving early overgrowth	4	0	CONTAINER		30	narrowerThanSource;orphanet-specific;provenance-only:orphanet	MONDO:0007534;MONDO:0008008;MONDO:0008318;MONDO:0009331;MONDO:0009406	A	MONDO:0007534	Beckwith-Wiedemann syndrome	name	Beckwith-Wiedemann syndrome	1	
ICD10CM:Q87.4	Marfan syndrome	4	4	DISEASE		1	equivalentTo	MONDO:0007947	A	MONDO:0007947	Marfan syndrome	name	Marfan syndrome	1	
ICD10CM:Q87.40	Marfan syndrome, unspecified	5	0	RESIDUAL		1	provenance-only:doid	MONDO:0007947	A	MONDO:0007947	Marfan syndrome	name	Marfan syndrome, unspecified	1	
ICD10CM:Q87.41	Marfan syndrome with cardiovascular manifestations	5	2	DISEASE		0			-					0	
ICD10CM:Q87.410	Marfan syndrome with aortic dilation	6	0	DISEASE		0			-					0	
ICD10CM:Q87.418	Marfan syndrome with other cardiovascular manifestations	6	0	DISEASE		0			-					0	
ICD10CM:Q87.42	Marfan syndrome with ocular manifestations	5	0	DISEASE		0			-					0	
ICD10CM:Q87.43	Marfan syndrome with skeletal manifestation	5	0	DISEASE		0			-					0	
ICD10CM:Q87.5	Other congenital malformation syndromes with other skeletal changes	4	0	RESIDUAL		38	provenance-only:doid;provenance-only:orphanet	MONDO:0007160;MONDO:0007177;MONDO:0007537;MONDO:0007584;MONDO:0007683	-					0	
ICD10CM:Q87.8	Other specified congenital malformation syndromes, not elsewhere classified	4	7	RESIDUAL		430	orphanet-btnt;orphanet-specific;other-mondo-qualifier:mondoSubClassOfSource;provenance-only:doid;provenance-only:orphanet;unqualified	MONDO:0000179;MONDO:0000200;MONDO:0006037;MONDO:0007029;MONDO:0007085	B	MONDO:0002254	syndrome	EXACT	Other specified congenital malformation syndromes, not elsewhere classified	2	
ICD10CM:Q87.81	Alport syndrome	5	0	DISEASE		1	equivalentTo	MONDO:0018965	A	MONDO:0018965	Alport syndrome	name	Alport syndrome	1	
ICD10CM:Q87.82	Arterial tortuosity syndrome	5	0	DISEASE		1	equivalentTo	MONDO:0008818	A	MONDO:0008818	arterial tortuosity syndrome	name	Arterial tortuosity syndrome	1	
ICD10CM:Q87.83	Bardet-Biedl syndrome	5	0	DISEASE		0			A	MONDO:0015229	Bardet-Biedl syndrome	name	Bardet-Biedl syndrome	1	
ICD10CM:Q87.84	Laurence-Moon syndrome	5	0	DISEASE		0			A	MONDO:0009514	Laurence-Moon syndrome	name	Laurence-Moon syndrome	1	
ICD10CM:Q87.85	MED13L syndrome	5	0	DISEASE		0			A	MONDO:0014773	MED13L syndrome	EXACT	MED13L syndrome	1	
ICD10CM:Q87.86	Kleefstra syndrome	5	0	DISEASE		0			A	MONDO:0012455	Kleefstra syndrome	name	Kleefstra syndrome	1	
ICD10CM:Q87.89	Other specified congenital malformation syndromes, not elsewhere classified	5	0	RESIDUAL		20	provenance-only:doid	MONDO:0008854;MONDO:0010832;MONDO:0011523;MONDO:0014432;MONDO:0014433	B	MONDO:0002254	syndrome	EXACT	Other specified congenital malformation syndromes, not elsewhere classified	2	
ICD10CM:Q89	Other congenital malformations, not elsewhere classified	3	8	RESIDUAL		0			-					0	
ICD10CM:Q89.0	Congenital absence and malformations of spleen	4	2	CONTAINER		2	provenance-only:orphanet	MONDO:0010066;MONDO:0018703	-					0	
ICD10CM:Q89.01	Asplenia (congenital)	5	0	PHENOTYPE		0			-					0	HP:0001746
ICD10CM:Q89.09	Congenital malformations of spleen	5	0	CONTAINER		0			B	MONDO:0002332	disease of spleen	EXACT	Congenital malformations of spleen	1	
ICD10CM:Q89.1	Congenital malformations of adrenal gland	4	0	CONTAINER		0			B	MONDO:0005495	adrenal gland disorder	name	Congenital malformations of adrenal gland	1	
ICD10CM:Q89.2	Congenital malformations of other endocrine glands	4	0	CONTAINER		3	provenance-only:orphanet	MONDO:0008565;MONDO:0017808	-					0	
ICD10CM:Q89.3	Situs inversus	4	0	DISEASE		1	equivalentTo	MONDO:0010029	A	MONDO:0010029	situs inversus	name	Situs inversus	1	
ICD10CM:Q89.4	Conjoined twins	4	0	DISEASE		1	equivalentTo	MONDO:0958083	A	MONDO:0958083	conjoined twins	name	Conjoined twins	1	
ICD10CM:Q89.7	Multiple congenital malformations, not elsewhere classified	4	0	CONTAINER		2	provenance-only:orphanet	MONDO:0010742;MONDO:0017123	-					0	
ICD10CM:Q89.8	Other specified congenital malformations	4	0	RESIDUAL		1	provenance-only:doid	MONDO:0008965	-					0	
ICD10CM:Q89.9	Congenital malformation, unspecified	4	0	RESIDUAL		0			-					0	
ICD10CM:Q90	Down syndrome	3	4	DISEASE		1	equivalentTo	MONDO:0008608	A	MONDO:0008608	Down syndrome	name	Down syndrome	1	
ICD10CM:Q90-Q99	Chromosomal abnormalities, not elsewhere classified (Q90-Q99)	2	9	BLOCK		1	equivalentTo	MONDO:0019040	-					0	
ICD10CM:Q90.0	Trisomy 21, nonmosaicism (meiotic nondisjunction)	4	0	DISEASE		1	orphanet-btnt	MONDO:0008608	-					0	
ICD10CM:Q90.1	Trisomy 21, mosaicism (mitotic nondisjunction)	4	0	DISEASE		1	orphanet-btnt	MONDO:0008608	-					0	
ICD10CM:Q90.2	Trisomy 21, translocation	4	0	DISEASE		1	orphanet-btnt	MONDO:0008608	-					0	
ICD10CM:Q90.9	Down syndrome, unspecified	4	0	RESIDUAL		1	orphanet-btnt	MONDO:0008608	A	MONDO:0008608	Down syndrome	name	Down syndrome, unspecified	1	
ICD10CM:Q91	Trisomy 18 and Trisomy 13	3	8	DISEASE	YES	0			-					0	
ICD10CM:Q91.0	Trisomy 18, nonmosaicism (meiotic nondisjunction)	4	0	DISEASE		1	orphanet-btnt	MONDO:0018071	-					0	
ICD10CM:Q91.1	Trisomy 18, mosaicism (mitotic nondisjunction)	4	0	DISEASE		1	orphanet-btnt	MONDO:0018071	-					0	
ICD10CM:Q91.2	Trisomy 18, translocation	4	0	DISEASE		1	orphanet-btnt	MONDO:0018071	-					0	
ICD10CM:Q91.3	Trisomy 18, unspecified	4	0	RESIDUAL		1	orphanet-btnt	MONDO:0018071	A	MONDO:0018071	trisomy 18	name	Trisomy 18, unspecified	1	
ICD10CM:Q91.4	Trisomy 13, nonmosaicism (meiotic nondisjunction)	4	0	DISEASE		1	orphanet-btnt	MONDO:0018068	-					0	
ICD10CM:Q91.5	Trisomy 13, mosaicism (mitotic nondisjunction)	4	0	DISEASE		1	orphanet-btnt	MONDO:0018068	A	MONDO:0700034	trisomy 13 mosaicism	EXACT	Trisomy 13, mosaicism (mitotic nondisjunction)	1	
ICD10CM:Q91.6	Trisomy 13, translocation	4	0	DISEASE		1	orphanet-btnt	MONDO:0018068	-					0	
ICD10CM:Q91.7	Trisomy 13, unspecified	4	0	RESIDUAL		1	orphanet-btnt	MONDO:0018068	A	MONDO:0018068	trisomy 13	name	Trisomy 13, unspecified	1	
ICD10CM:Q92	Other trisomies and partial trisomies of the autosomes, not elsewhere classified	3	8	RESIDUAL		0			-					0	
ICD10CM:Q92.0	Whole chromosome trisomy, nonmosaicism (meiotic nondisjunction)	4	0	DISEASE		0			-					0	
ICD10CM:Q92.1	Whole chromosome trisomy, mosaicism (mitotic nondisjunction)	4	0	DISEASE		16	provenance-only:orphanet	MONDO:0015060;MONDO:0015706;MONDO:0015718;MONDO:0015725;MONDO:0015727	-					0	
ICD10CM:Q92.2	Partial trisomy	4	0	DISEASE		10	provenance-only:orphanet	MONDO:0015740;MONDO:0015761;MONDO:0015767;MONDO:0015768;MONDO:0015772	-					0	
ICD10CM:Q92.5	Duplications with other complex rearrangements	4	0	DISEASE		0			-					0	
ICD10CM:Q92.6	Marker chromosomes	4	2	DISEASE		1	provenance-only:orphanet	MONDO:0012176	-					0	
ICD10CM:Q92.61	Marker chromosomes in normal individual	5	0	DISEASE		0			-					0	
ICD10CM:Q92.62	Marker chromosomes in abnormal individual	5	0	DISEASE		0			-					0	
ICD10CM:Q92.7	Triploidy and polyploidy	4	0	DISEASE		3	orphanet-specific;provenance-only:orphanet	MONDO:0018026;MONDO:0018067;MONDO:0019934	-					0	
ICD10CM:Q92.8	Other specified trisomies and partial trisomies of autosomes	4	0	RESIDUAL		1	provenance-only:orphanet	MONDO:0007276	-					0	
ICD10CM:Q92.9	Trisomy and partial trisomy of autosomes, unspecified	4	0	RESIDUAL		0			-					0	
ICD10CM:Q93	Monosomies and deletions from the autosomes, not elsewhere classified	3	9	CONTAINER		0			-					0	
ICD10CM:Q93.0	Whole chromosome monosomy, nonmosaicism (meiotic nondisjunction)	4	0	DISEASE		4	orphanet-btnt;provenance-only:orphanet	MONDO:0018930;MONDO:0019891	-					0	
ICD10CM:Q93.1	Whole chromosome monosomy, mosaicism (mitotic nondisjunction)	4	0	DISEASE		2	orphanet-btnt		-					0	
ICD10CM:Q93.2	Chromosome replaced with ring, dicentric or isochromosome	4	0	DISEASE		24	orphanet-btnt;provenance-only:orphanet	MONDO:0014708;MONDO:0015430;MONDO:0015431;MONDO:0015432;MONDO:0015433	-					0	
ICD10CM:Q93.3	Deletion of short arm of chromosome 4	4	0	DISEASE		1	equivalentTo	MONDO:0022762	B	MONDO:0022762	chromosome 4 short arm deletion	name	Deletion of short arm of chromosome 4	1	
ICD10CM:Q93.4	Deletion of short arm of chromosome 5	4	0	DISEASE		4	orphanet-btnt;orphanet-specific;provenance-only:orphanet	MONDO:0007404;MONDO:0016887	A	MONDO:0007404	Cri-du-chat syndrome	name	Cri-du-chat syndrome	1	
ICD10CM:Q93.5	Other deletions of part of a chromosome	4	3	RESIDUAL		170	orphanet-btnt;provenance-only:orphanet	MONDO:0007113;MONDO:0007800;MONDO:0007838;MONDO:0008013;MONDO:0008434	-					0	
ICD10CM:Q93.51	Angelman syndrome	5	0	DISEASE		1	equivalentTo	MONDO:0007113	A	MONDO:0007113	Angelman syndrome	name	Angelman syndrome	1	
ICD10CM:Q93.52	Phelan-McDermid syndrome	5	0	DISEASE		0			A	MONDO:0011652	Phelan-McDermid syndrome	name	Phelan-McDermid syndrome	1	
ICD10CM:Q93.59	Other deletions of part of a chromosome	5	0	RESIDUAL		0			-					0	
ICD10CM:Q93.7	Deletions with other complex rearrangements	4	0	DISEASE		1	orphanet-btnt		-					0	
ICD10CM:Q93.8	Other deletions from the autosomes	4	4	RESIDUAL		1	orphanet-btnt		-					0	
ICD10CM:Q93.81	Velo-cardio-facial syndrome	5	0	DISEASE		1	provenance-only:doid	MONDO:0008644	-					0	
ICD10CM:Q93.82	Williams syndrome	5	0	DISEASE		1	equivalentTo	MONDO:0008678	A	MONDO:0008678	Williams syndrome	name	Williams syndrome	1	
ICD10CM:Q93.88	Other microdeletions	5	0	RESIDUAL		0			A	MONDO:0009532	Miller-Dieker syndrome	EXACT	Miller-Dieker syndrome	1	
ICD10CM:Q93.89	Other deletions from the autosomes	5	0	RESIDUAL		0			-					0	
ICD10CM:Q93.9	Deletion from autosomes, unspecified	4	0	RESIDUAL		1	orphanet-btnt		-					0	
ICD10CM:Q95	Balanced rearrangements and structural markers, not elsewhere classified	3	7	CONTAINER		0			-					0	
ICD10CM:Q95.0	Balanced translocation and insertion in normal individual	4	0	DISEASE		0			-					0	
ICD10CM:Q95.1	Chromosome inversion in normal individual	4	0	DISEASE		0			-					0	
ICD10CM:Q95.2	Balanced autosomal rearrangement in abnormal individual	4	0	DISEASE		1	provenance-only:orphanet	MONDO:0007519	-					0	
ICD10CM:Q95.3	Balanced sex/autosomal rearrangement in abnormal individual	4	0	DISEASE		0			-					0	
ICD10CM:Q95.5	Individual with autosomal fragile site	4	0	DISEASE		0			-					0	
ICD10CM:Q95.8	Other balanced rearrangements and structural markers	4	0	RESIDUAL		0			-					0	
ICD10CM:Q95.9	Balanced rearrangement and structural marker, unspecified	4	0	RESIDUAL		0			-					0	
ICD10CM:Q96	Turner's syndrome	3	7	DISEASE		1	provenance-only:doid	MONDO:0019499	-					0	
ICD10CM:Q96.0	Karyotype 45, X	4	0	DISEASE		1	equivalentTo	MONDO:0019499	A	MONDO:0019499	karyotype 45, X	EXACT	Karyotype 45, X	1	
ICD10CM:Q96.1	Karyotype 46, X iso (Xq)	4	0	DISEASE		2	orphanet-btnt	MONDO:0019499;MONDO:0020472	-					0	
ICD10CM:Q96.2	Karyotype 46, X with abnormal sex chromosome, except iso (Xq)	4	0	DISEASE		2	orphanet-btnt	MONDO:0019499;MONDO:0020472	-					0	
ICD10CM:Q96.3	Mosaicism, 45, X/46, XX or XY	4	0	DISEASE		2	orphanet-btnt	MONDO:0019499;MONDO:0020467	-					0	
ICD10CM:Q96.4	Mosaicism, 45, X/other cell line(s) with abnormal sex chromosome	4	0	DISEASE		2	orphanet-btnt	MONDO:0019499;MONDO:0020467	-					0	
ICD10CM:Q96.8	Other variants of Turner's syndrome	4	0	RESIDUAL		2	orphanet-btnt;provenance-only:orphanet	MONDO:0014520;MONDO:0019499	-					0	
ICD10CM:Q96.9	Turner's syndrome, unspecified	4	0	RESIDUAL		2	orphanet-btnt;provenance-only:orphanet	MONDO:0019499;MONDO:0020466	-					0	
ICD10CM:Q97	Other sex chromosome abnormalities, female phenotype, not elsewhere classified	3	6	RESIDUAL		0			-					0	
ICD10CM:Q97.0	Karyotype 47, XXX	4	0	DISEASE		1	orphanet-specific	MONDO:0018066	-					0	
ICD10CM:Q97.1	Female with more than three X chromosomes	4	0	DISEASE		2	provenance-only:orphanet	MONDO:0015228;MONDO:0019525	-					0	
ICD10CM:Q97.2	Mosaicism, lines with various numbers of X chromosomes	4	0	DISEASE		0			-					0	
ICD10CM:Q97.3	Female with 46, XY karyotype	4	0	DISEASE		0			-					0	
ICD10CM:Q97.8	Other specified sex chromosome abnormalities, female phenotype	4	0	RESIDUAL		0			-					0	
ICD10CM:Q97.9	Sex chromosome abnormality, female phenotype, unspecified	4	0	RESIDUAL		0			-					0	
ICD10CM:Q98	Other sex chromosome abnormalities, male phenotype, not elsewhere classified	3	9	RESIDUAL		0			-					0	
ICD10CM:Q98.0	Klinefelter syndrome karyotype 47, XXY	4	0	DISEASE		1	provenance-only:doid	MONDO:0006823	-					0	
ICD10CM:Q98.1	Klinefelter syndrome, male with more than two X chromosomes	4	0	DISEASE		2	provenance-only:orphanet	MONDO:0019928;MONDO:0019929	-					0	
ICD10CM:Q98.3	Other male with 46, XX karyotype	4	0	RESIDUAL		0			-					0	
ICD10CM:Q98.4	Klinefelter syndrome, unspecified	4	0	RESIDUAL		1	provenance-only:doid	MONDO:0006823	A	MONDO:0006823	Klinefelter syndrome	name	Klinefelter syndrome, unspecified	1	
ICD10CM:Q98.5	Karyotype 47, XYY	4	0	DISEASE		1	orphanet-specific	MONDO:0019339	-					0	
ICD10CM:Q98.6	Male with structurally abnormal sex chromosome	4	0	DISEASE		6	provenance-only:orphanet	MONDO:0015607;MONDO:0016853;MONDO:0019935;MONDO:0020304;MONDO:0020305	-					0	
ICD10CM:Q98.7	Male with sex chromosome mosaicism	4	0	DISEASE		1	provenance-only:orphanet	MONDO:0015779	-					0	
ICD10CM:Q98.8	Other specified sex chromosome abnormalities, male phenotype	4	0	RESIDUAL		5	provenance-only:orphanet	MONDO:0015028;MONDO:0016854;MONDO:0020469;MONDO:0020470	-					0	
ICD10CM:Q98.9	Sex chromosome abnormality, male phenotype, unspecified	4	0	RESIDUAL		0			-					0	
ICD10CM:Q99	Other chromosome abnormalities, not elsewhere classified	3	5	RESIDUAL		0			-					0	
ICD10CM:Q99.0	Chimera 46, XX/46, XY	4	0	DISEASE		1	orphanet-specific	MONDO:0016045	-					0	
ICD10CM:Q99.1	46, XX true hermaphrodite	4	0	DISEASE		4	orphanet-exact;orphanet-specific;provenance-only:orphanet	MONDO:0009299;MONDO:0009302;MONDO:0010765;MONDO:0100249	-					0	
ICD10CM:Q99.2	Fragile X chromosome	4	0	DISEASE		2	orphanet-specific;provenance-only:orphanet	MONDO:0010383;MONDO:0018670	A	MONDO:0010383	fragile X syndrome	name	Fragile X syndrome	1	
ICD10CM:Q99.8	Other specified chromosome abnormalities	4	0	RESIDUAL		53	provenance-only:orphanet	MONDO:0000141;MONDO:0008365;MONDO:0010283;MONDO:0010399;MONDO:0010428	-					0	
ICD10CM:Q99.9	Chromosomal abnormality, unspecified	4	0	RESIDUAL		0			-					0	
