icd	icd_label	bucket	mondo	mondo_label	predicate	cardinality	lexical	verdict	rationale	qualifier
ICD10CM:Q00-Q07	Congenital malformations of the nervous system (Q00-Q07)	BLOCK	MONDO:0020022	central nervous system malformation	equivalentTo	1	no	DEMOTE->broadMatch	ICD code is BLOCK; cannot be an exact equivalent	"{source=""https://github.com/monarch-initiative/mondo/issues/4536"", source=""MONDO:equivalentTo"", source=""https://orcid.org/0000-0001-5208-3432"", source=""https://orcid.org/0000-0002-4142-7153""}"
ICD10CM:Q00-Q99	Congenital malformations, deformations and chromosomal abnormalities (Q00-Q99)	BLOCK	MONDO:0021147	disorder of development or morphogenesis	equivalentTo	1	no	DEMOTE->broadMatch	ICD code is BLOCK; cannot be an exact equivalent	"{source=""https://github.com/monarch-initiative/mondo/issues/4536"", source=""MONDO:equivalentTo"", source=""https://orcid.org/0000-0001-5208-3432"", source=""https://orcid.org/0000-0002-4142-7153""}"
ICD10CM:Q13.4	Other congenital corneal malformations	RESIDUAL	MONDO:0000733	cornea plana	equivalentTo	1	no	DEMOTE->broadMatch	ICD code is RESIDUAL; cannot be an exact equivalent	"{source=""DOID:0060287"", source=""MONDO:equivalentTo"", source=""Orphanet:53691""}"
ICD10CM:Q23	Congenital malformations of aortic and mitral valves	CONTAINER	MONDO:0019817	congenital mitral valve insufficiency and/or stenosis	equivalentTo	1	no	DEMOTE->broadMatch	ICD code is CONTAINER; cannot be an exact equivalent	"{source=""MONDO:equivalentTo""}"
ICD10CM:Q35-Q37	Cleft lip and cleft palate (Q35-Q37)	BLOCK	MONDO:0016044	cleft lip/palate	equivalentTo	1	no	DEMOTE->broadMatch	ICD code is BLOCK; cannot be an exact equivalent	"{source=""https://github.com/monarch-initiative/mondo/issues/4536"", source=""MONDO:equivalentTo"", source=""https://orcid.org/0000-0001-5208-3432"", source=""https://orcid.org/0000-0002-4142-7153""}"
ICD10CM:Q42.3	Congenital absence, atresia and stenosis of anus without fistula	CONTAINER	MONDO:0001046	imperforate anus	equivalentTo	1	no	DEMOTE->broadMatch	ICD code is CONTAINER; cannot be an exact equivalent	"{source=""DOID:10488"", source=""https://orcid.org/0009-0001-6494-4831"", source=""MONDO:equivalentTo"", source=""https://orcid.org/0000-0002-5002-8648""}"
ICD10CM:Q60-Q64	Congenital malformations of the urinary system (Q60-Q64)	BLOCK	MONDO:0019356	urogenital tract malformation	equivalentTo	1	no	DEMOTE->broadMatch	ICD code is BLOCK; cannot be an exact equivalent	"{source=""https://github.com/monarch-initiative/mondo/issues/4536"", source=""MONDO:equivalentTo"", source=""https://orcid.org/0000-0001-5208-3432"", source=""https://orcid.org/0000-0002-4142-7153""}"
ICD10CM:Q90-Q99	Chromosomal abnormalities, not elsewhere classified (Q90-Q99)	BLOCK	MONDO:0019040	chromosomal disorder	equivalentTo	1	no	DEMOTE->broadMatch	ICD code is BLOCK; cannot be an exact equivalent	"{source=""https://github.com/monarch-initiative/mondo/issues/4536"", source=""MONDO:equivalentTo"", source=""https://orcid.org/0000-0001-5208-3432"", source=""https://orcid.org/0000-0002-4142-7153""}"
ICD10CM:Q01.8	Encephalocele of other sites	DISEASE	MONDO:0016057	isolated encephalocele	orphanet-btnt	5	no	KEEP-as-broadMatch	5 Mondo terms share this code; Mondo is narrower	"{source=""Orphanet:199647/specific"", source=""Orphanet:199647/btnt"", source=""Orphanet:199647""}"
ICD10CM:Q01.8	Encephalocele of other sites	DISEASE	MONDO:0017078	cephalocele	provenance-only:orphanet	5	no	KEEP-as-broadMatch	5 Mondo terms share this code; Mondo is narrower	"{source=""Orphanet:268817""}"
ICD10CM:Q01.8	Encephalocele of other sites	DISEASE	MONDO:0017079	meningoencephalocele	provenance-only:orphanet	5	no	KEEP-as-broadMatch	5 Mondo terms share this code; Mondo is narrower	"{source=""Orphanet:268820/inclusion"", source=""Orphanet:268820""}"
ICD10CM:Q01.8	Encephalocele of other sites	DISEASE	MONDO:0017081	parietal encephalocele	provenance-only:orphanet	5	no	KEEP-as-broadMatch	5 Mondo terms share this code; Mondo is narrower	"{source=""Orphanet:268826""}"
ICD10CM:Q01.8	Encephalocele of other sites	DISEASE	MONDO:0017082	basal encephalocele	provenance-only:orphanet	5	no	KEEP-as-broadMatch	5 Mondo terms share this code; Mondo is narrower	"{source=""Orphanet:268829""}"
ICD10CM:Q01.9	Encephalocele, unspecified	RESIDUAL	MONDO:0016057	isolated encephalocele	orphanet-btnt	3	no	KEEP-as-broadMatch	ICD code is RESIDUAL; cannot be an exact equivalent	"{source=""Orphanet:199647/specific"", source=""Orphanet:199647/btnt"", source=""Orphanet:199647""}"
ICD10CM:Q01.9	Encephalocele, unspecified	RESIDUAL	MONDO:0017078	cephalocele	provenance-only:orphanet	3	syn-match	KEEP-as-broadMatch	ICD code is RESIDUAL; cannot be an exact equivalent	"{source=""Orphanet:268817""}"
ICD10CM:Q01.9	Encephalocele, unspecified	RESIDUAL	MONDO:0017079	meningoencephalocele	provenance-only:orphanet	3	no	KEEP-as-broadMatch	ICD code is RESIDUAL; cannot be an exact equivalent	"{source=""Orphanet:268820/inclusion"", source=""Orphanet:268820""}"
ICD10CM:Q03.0	Malformations of aqueduct of Sylvius	DISEASE	MONDO:0010611	X-linked hydrocephalus with stenosis of the aqueduct of Sylvius	provenance-only:orphanet	2	no	KEEP-as-broadMatch	2 Mondo terms share this code; Mondo is narrower	"{source=""Orphanet:2182/inclusion"", source=""Orphanet:2182""}"
ICD10CM:Q03.0	Malformations of aqueduct of Sylvius	DISEASE	MONDO:0016349	congenital hydrocephalus	orphanet-btnt	2	no	KEEP-as-broadMatch	2 Mondo terms share this code; Mondo is narrower	"{source=""Orphanet:2185/specific"", source=""Orphanet:2185/btnt"", source=""Orphanet:2185""}"
ICD10CM:Q03.1	Atresia of foramina of Magendie and Luschka	DISEASE	MONDO:0007401	craniosynostosis-Dandy-Walker malformation-hydrocephalus syndrome	provenance-only:orphanet	7	no	KEEP-as-broadMatch	7 Mondo terms share this code; Mondo is narrower	"{source=""Orphanet:1538""}"
ICD10CM:Q03.1	Atresia of foramina of Magendie and Luschka	DISEASE	MONDO:0009072	Dandy-Walker syndrome	provenance-only:orphanet	7	no	KEEP-as-broadMatch	7 Mondo terms share this code; Mondo is narrower	"{source=""Orphanet:217/inclusion"", source=""DOID:2785"", source=""Orphanet:217""}"
ICD10CM:Q03.1	Atresia of foramina of Magendie and Luschka	DISEASE	MONDO:0016349	congenital hydrocephalus	orphanet-btnt	7	no	KEEP-as-broadMatch	7 Mondo terms share this code; Mondo is narrower	"{source=""Orphanet:2185/specific"", source=""Orphanet:2185/btnt"", source=""Orphanet:2185""}"
ICD10CM:Q03.1	Atresia of foramina of Magendie and Luschka	DISEASE	MONDO:0017110	isolated Dandy-Walker malformation with hydrocephalus	provenance-only:orphanet	7	no	KEEP-as-broadMatch	7 Mondo terms share this code; Mondo is narrower	"{source=""Orphanet:269212""}"
ICD10CM:Q03.1	Atresia of foramina of Magendie and Luschka	DISEASE	MONDO:0017111	isolated Dandy-Walker malformation without hydrocephalus	provenance-only:orphanet	7	no	KEEP-as-broadMatch	7 Mondo terms share this code; Mondo is narrower	"{source=""Orphanet:269215""}"
ICD10CM:Q03.1	Atresia of foramina of Magendie and Luschka	DISEASE	MONDO:0017117	congenital non-communicating hydrocephalus	orphanet-btnt	7	no	KEEP-as-broadMatch	7 Mondo terms share this code; Mondo is narrower	"{source=""Orphanet:269510"", source=""Orphanet:269510/btnt"", source=""Orphanet:269510/specific""}"
ICD10CM:Q03.1	Atresia of foramina of Magendie and Luschka	DISEASE	MONDO:0020351	Blake pouch cyst	provenance-only:orphanet	7	no	KEEP-as-broadMatch	7 Mondo terms share this code; Mondo is narrower	"{source=""Orphanet:98922""}"
ICD10CM:Q03.8	Other congenital hydrocephalus	RESIDUAL	MONDO:0016349	congenital hydrocephalus	orphanet-btnt	3	no	KEEP-as-broadMatch	ICD code is RESIDUAL; cannot be an exact equivalent	"{source=""Orphanet:2185/specific"", source=""Orphanet:2185/btnt"", source=""Orphanet:2185""}"
ICD10CM:Q03.8	Other congenital hydrocephalus	RESIDUAL	MONDO:0017116	congenital communicating hydrocephalus	provenance-only:orphanet	3	no	KEEP-as-broadMatch	ICD code is RESIDUAL; cannot be an exact equivalent	"{source=""Orphanet:269505""}"
ICD10CM:Q03.8	Other congenital hydrocephalus	RESIDUAL	MONDO:0017117	congenital non-communicating hydrocephalus	orphanet-btnt	3	no	KEEP-as-broadMatch	ICD code is RESIDUAL; cannot be an exact equivalent	"{source=""Orphanet:269510"", source=""Orphanet:269510/btnt"", source=""Orphanet:269510/specific""}"
ICD10CM:Q03.9	Congenital hydrocephalus, unspecified	RESIDUAL	MONDO:0016349	congenital hydrocephalus	orphanet-btnt	1	match	KEEP-as-broadMatch	ICD code is RESIDUAL; cannot be an exact equivalent	"{source=""Orphanet:2185/specific"", source=""Orphanet:2185/btnt"", source=""Orphanet:2185""}"
ICD10CM:Q04.0	Congenital malformations of corpus callosum	CONTAINER	MONDO:0008708	acrocallosal syndrome	provenance-only:orphanet	3	no	KEEP-as-broadMatch	ICD code is CONTAINER; cannot be an exact equivalent	"{source=""Orphanet:36""}"
ICD10CM:Q04.0	Congenital malformations of corpus callosum	CONTAINER	MONDO:0010568	Aicardi syndrome	provenance-only:orphanet	3	no	KEEP-as-broadMatch	ICD code is CONTAINER; cannot be an exact equivalent	"{source=""Orphanet:50""}"
ICD10CM:Q04.0	Congenital malformations of corpus callosum	CONTAINER	MONDO:0018725	corpus callosum agenesis-macrocephaly-hypertelorism syndrome	provenance-only:orphanet	3	no	KEEP-as-broadMatch	ICD code is CONTAINER; cannot be an exact equivalent	"{source=""Orphanet:459074""}"
ICD10CM:Q04.3	Other reduction deformities of brain	RESIDUAL	MONDO:0000087	polymicrogyria	provenance-only:orphanet	80	no	KEEP-as-broadMatch	ICD code is RESIDUAL; cannot be an exact equivalent	"{source=""Orphanet:35981/inclusion"", source=""Orphanet:35981""}"
ICD10CM:Q04.3	Other reduction deformities of brain	RESIDUAL	MONDO:0000171	muscular dystrophy-dystroglycanopathy, type A	provenance-only:orphanet	80	no	KEEP-as-broadMatch	ICD code is RESIDUAL; cannot be an exact equivalent	"{source=""Orphanet:899""}"
ICD10CM:Q04.3	Other reduction deformities of brain	RESIDUAL	MONDO:0008811	XK aprosencephaly	provenance-only:orphanet	80	no	KEEP-as-broadMatch	ICD code is RESIDUAL; cannot be an exact equivalent	"{source=""Orphanet:3469""}"
ICD10CM:Q04.3	Other reduction deformities of brain	RESIDUAL	MONDO:0008939	isolated cerebellar hypoplasia/agenesis	provenance-only:orphanet	80	no	KEEP-as-broadMatch	ICD code is RESIDUAL; cannot be an exact equivalent	"{source=""Orphanet:1398""}"
ICD10CM:Q04.3	Other reduction deformities of brain	RESIDUAL	MONDO:0009042	craniotelencephalic dysplasia	provenance-only:orphanet	80	no	KEEP-as-broadMatch	ICD code is RESIDUAL; cannot be an exact equivalent	"{source=""Orphanet:1528""}"
ICD10CM:Q04.3	Other reduction deformities of brain	RESIDUAL	MONDO:0009166	pontocerebellar hypoplasia type 4	provenance-only:orphanet	80	no	KEEP-as-broadMatch	ICD code is RESIDUAL; cannot be an exact equivalent	"{source=""Orphanet:166063""}"
ICD10CM:Q04.3	Other reduction deformities of brain	RESIDUAL	MONDO:0009480	Joubert syndrome with oculorenal defect	provenance-only:orphanet	80	no	KEEP-as-broadMatch	ICD code is RESIDUAL; cannot be an exact equivalent	"{source=""Orphanet:2318""}"
ICD10CM:Q04.3	Other reduction deformities of brain	RESIDUAL	MONDO:0009532	Miller-Dieker lissencephaly syndrome	provenance-only:orphanet	80	no	KEEP-as-broadMatch	ICD code is RESIDUAL; cannot be an exact equivalent	"{source=""DOID:0060469"", source=""Orphanet:531/inclusion"", source=""Orphanet:531""}"
ICD10CM:Q04.3	Other reduction deformities of brain	RESIDUAL	MONDO:0009627	Galloway-Mowat syndrome	provenance-only:orphanet	80	no	KEEP-as-broadMatch	ICD code is RESIDUAL; cannot be an exact equivalent	"{source=""Orphanet:2065""}"
ICD10CM:Q04.3	Other reduction deformities of brain	RESIDUAL	MONDO:0009760	Norman-Roberts syndrome	provenance-only:orphanet	80	no	KEEP-as-broadMatch	ICD code is RESIDUAL; cannot be an exact equivalent	"{source=""Orphanet:89844"", source=""DOID:0060902""}"
ICD10CM:Q04.3	Other reduction deformities of brain	RESIDUAL	MONDO:0010176	orofaciodigital syndrome type 6	provenance-only:orphanet	80	no	KEEP-as-broadMatch	ICD code is RESIDUAL; cannot be an exact equivalent	"{source=""Orphanet:2754""}"
ICD10CM:Q04.3	Other reduction deformities of brain	RESIDUAL	MONDO:0010239	lissencephaly type 1 due to doublecortin gene mutation	provenance-only:orphanet	80	no	KEEP-as-broadMatch	ICD code is RESIDUAL; cannot be an exact equivalent	"{source=""Orphanet:2148""}"
ICD10CM:Q04.3	Other reduction deformities of brain	RESIDUAL	MONDO:0010268	X-linked lissencephaly with abnormal genitalia	provenance-only:orphanet	80	no	KEEP-as-broadMatch	ICD code is RESIDUAL; cannot be an exact equivalent	"{source=""Orphanet:452""}"
ICD10CM:Q04.3	Other reduction deformities of brain	RESIDUAL	MONDO:0010337	X-linked intellectual disability-cerebellar hypoplasia syndrome	provenance-only:orphanet	80	no	KEEP-as-broadMatch	ICD code is RESIDUAL; cannot be an exact equivalent	"{source=""Orphanet:137831""}"
ICD10CM:Q04.3	Other reduction deformities of brain	RESIDUAL	MONDO:0010417	syndromic X-linked intellectual disability Najm type	provenance-only:orphanet	80	no	KEEP-as-broadMatch	ICD code is RESIDUAL; cannot be an exact equivalent	"{source=""Orphanet:163937"", source=""DOID:0060807""}"
ICD10CM:Q04.3	Other reduction deformities of brain	RESIDUAL	MONDO:0010612	hydrocephaly-cerebellar agenesis syndrome	provenance-only:orphanet	80	no	KEEP-as-broadMatch	ICD code is RESIDUAL; cannot be an exact equivalent	"{source=""Orphanet:1397""}"
ICD10CM:Q04.3	Other reduction deformities of brain	RESIDUAL	MONDO:0011004	lissencephaly type 3-metacarpal bone dysplasia syndrome	provenance-only:orphanet	80	no	KEEP-as-broadMatch	ICD code is RESIDUAL; cannot be an exact equivalent	"{source=""Orphanet:86822""}"
ICD10CM:Q04.3	Other reduction deformities of brain	RESIDUAL	MONDO:0011062	aprosencephaly cerebellar dysgenesis	provenance-only:orphanet	80	no	KEEP-as-broadMatch	ICD code is RESIDUAL; cannot be an exact equivalent	"{source=""Orphanet:1126""}"
ICD10CM:Q04.3	Other reduction deformities of brain	RESIDUAL	MONDO:0011738	bilateral frontoparietal polymicrogyria	provenance-only:orphanet	80	no	KEEP-as-broadMatch	ICD code is RESIDUAL; cannot be an exact equivalent	"{source=""Orphanet:101070""}"
ICD10CM:Q04.3	Other reduction deformities of brain	RESIDUAL	MONDO:0011830	lissencephaly due to LIS1 mutation	provenance-only:orphanet	80	no	KEEP-as-broadMatch	ICD code is RESIDUAL; cannot be an exact equivalent	"{source=""Orphanet:95232""}"
ICD10CM:Q04.3	Other reduction deformities of brain	RESIDUAL	MONDO:0011948	pontocerebellar hypoplasia type 3	provenance-only:orphanet	80	no	KEEP-as-broadMatch	ICD code is RESIDUAL; cannot be an exact equivalent	"{source=""Orphanet:97249""}"
ICD10CM:Q04.3	Other reduction deformities of brain	RESIDUAL	MONDO:0012308	Joubert syndrome with renal defect	provenance-only:orphanet	80	no	KEEP-as-broadMatch	ICD code is RESIDUAL; cannot be an exact equivalent	"{source=""Orphanet:220497""}"
ICD10CM:Q04.3	Other reduction deformities of brain	RESIDUAL	MONDO:0012399	complex cortical dysplasia with other brain malformations 7	provenance-only:orphanet	80	no	KEEP-as-broadMatch	ICD code is RESIDUAL; cannot be an exact equivalent	"{source=""Orphanet:300573"", source=""DOID:0090132""}"
ICD10CM:Q04.3	Other reduction deformities of brain	RESIDUAL	MONDO:0012438	pontocerebellar hypoplasia type 5	provenance-only:orphanet	80	no	KEEP-as-broadMatch	ICD code is RESIDUAL; cannot be an exact equivalent	"{source=""Orphanet:166068""}"
ICD10CM:Q04.3	Other reduction deformities of brain	RESIDUAL	MONDO:0012462	autosomal recessive frontotemporal pachygyria	provenance-only:orphanet	80	no	KEEP-as-broadMatch	ICD code is RESIDUAL; cannot be an exact equivalent	"{source=""Orphanet:329329""}"
ICD10CM:Q04.3	Other reduction deformities of brain	RESIDUAL	MONDO:0012683	pontocerebellar hypoplasia type 6	provenance-only:orphanet	80	no	KEEP-as-broadMatch	ICD code is RESIDUAL; cannot be an exact equivalent	"{source=""Orphanet:166073""}"
ICD10CM:Q04.3	Other reduction deformities of brain	RESIDUAL	MONDO:0012703	lissencephaly due to TUBA1A mutation	provenance-only:orphanet	80	no	KEEP-as-broadMatch	ICD code is RESIDUAL; cannot be an exact equivalent	"{source=""Orphanet:171680""}"
ICD10CM:Q04.3	Other reduction deformities of brain	RESIDUAL	MONDO:0012986	bilateral parasagittal parieto-occipital polymicrogyria	provenance-only:orphanet	80	no	KEEP-as-broadMatch	ICD code is RESIDUAL; cannot be an exact equivalent	"{source=""Orphanet:208441""}"
ICD10CM:Q04.3	Other reduction deformities of brain	RESIDUAL	MONDO:0013351	infantile cerebral and cerebellar atrophy with postnatal progressive microcephaly	provenance-only:orphanet	80	no	KEEP-as-broadMatch	ICD code is RESIDUAL; cannot be an exact equivalent	"{source=""Orphanet:402364""}"
ICD10CM:Q04.3	Other reduction deformities of brain	RESIDUAL	MONDO:0013438	pontocerebellar hypoplasia type 2D	provenance-only:doid	80	no	KEEP-as-broadMatch	ICD code is RESIDUAL; cannot be an exact equivalent	"{source=""DOID:0060270""}"
ICD10CM:Q04.3	Other reduction deformities of brain	RESIDUAL	MONDO:0013541	complex cortical dysplasia with other brain malformations 1	provenance-only:orphanet	80	no	KEEP-as-broadMatch	ICD code is RESIDUAL; cannot be an exact equivalent	"{source=""DOID:0090137"", source=""Orphanet:300570""}"
ICD10CM:Q04.3	Other reduction deformities of brain	RESIDUAL	MONDO:0013583	occipital pachygyria and polymicrogyria	provenance-only:orphanet	80	no	KEEP-as-broadMatch	ICD code is RESIDUAL; cannot be an exact equivalent	"{source=""Orphanet:280640""}"
ICD10CM:Q04.3	Other reduction deformities of brain	RESIDUAL	MONDO:0013907	bilateral generalized polymicrogyria	provenance-only:orphanet	80	no	KEEP-as-broadMatch	ICD code is RESIDUAL; cannot be an exact equivalent	"{source=""Orphanet:208447""}"
ICD10CM:Q04.3	Other reduction deformities of brain	RESIDUAL	MONDO:0013990	pontocerebellar hypoplasia type 8	provenance-only:orphanet	80	no	KEEP-as-broadMatch	ICD code is RESIDUAL; cannot be an exact equivalent	"{source=""DOID:0060277"", source=""Orphanet:324569""}"
ICD10CM:Q04.3	Other reduction deformities of brain	RESIDUAL	MONDO:0013993	pontocerebellar hypoplasia type 7	provenance-only:orphanet	80	no	KEEP-as-broadMatch	ICD code is RESIDUAL; cannot be an exact equivalent	"{source=""DOID:0060276"", source=""Orphanet:284339""}"
ICD10CM:Q04.3	Other reduction deformities of brain	RESIDUAL	MONDO:0014077	cobblestone lissencephaly without muscular or ocular involvement	provenance-only:orphanet	80	no	KEEP-as-broadMatch	ICD code is RESIDUAL; cannot be an exact equivalent	"{source=""Orphanet:352682""}"
ICD10CM:Q04.3	Other reduction deformities of brain	RESIDUAL	MONDO:0014349	pontocerebellar hypoplasia type 10	provenance-only:orphanet	80	no	KEEP-as-broadMatch	ICD code is RESIDUAL; cannot be an exact equivalent	"{source=""Orphanet:411493""}"
ICD10CM:Q04.3	Other reduction deformities of brain	RESIDUAL	MONDO:0014351	pontocerebellar hypoplasia type 9	provenance-only:orphanet	80	no	KEEP-as-broadMatch	ICD code is RESIDUAL; cannot be an exact equivalent	"{source=""Orphanet:369920"", source=""DOID:0060278""}"
ICD10CM:Q04.3	Other reduction deformities of brain	RESIDUAL	MONDO:0014688	short-rib thoracic dysplasia 14 with polydactyly	provenance-only:doid	80	no	KEEP-as-broadMatch	ICD code is RESIDUAL; cannot be an exact equivalent	"{source=""DOID:0110096""}"
ICD10CM:Q04.3	Other reduction deformities of brain	RESIDUAL	MONDO:0015034	lissencephaly with cerebellar hypoplasia type A	provenance-only:orphanet	80	no	KEEP-as-broadMatch	ICD code is RESIDUAL; cannot be an exact equivalent	"{source=""Orphanet:100011""}"
ICD10CM:Q04.3	Other reduction deformities of brain	RESIDUAL	MONDO:0015035	lissencephaly with cerebellar hypoplasia type B	provenance-only:orphanet	80	no	KEEP-as-broadMatch	ICD code is RESIDUAL; cannot be an exact equivalent	"{source=""Orphanet:100012""}"
ICD10CM:Q04.3	Other reduction deformities of brain	RESIDUAL	MONDO:0015036	lissencephaly with cerebellar hypoplasia type C	provenance-only:orphanet	80	no	KEEP-as-broadMatch	ICD code is RESIDUAL; cannot be an exact equivalent	"{source=""Orphanet:100013""}"
ICD10CM:Q04.3	Other reduction deformities of brain	RESIDUAL	MONDO:0015037	lissencephaly with cerebellar hypoplasia type D	provenance-only:orphanet	80	no	KEEP-as-broadMatch	ICD code is RESIDUAL; cannot be an exact equivalent	"{source=""Orphanet:100014""}"
ICD10CM:Q04.3	Other reduction deformities of brain	RESIDUAL	MONDO:0015038	lissencephaly with cerebellar hypoplasia type E	provenance-only:orphanet	80	no	KEEP-as-broadMatch	ICD code is RESIDUAL; cannot be an exact equivalent	"{source=""Orphanet:100015""}"
ICD10CM:Q04.3	Other reduction deformities of brain	RESIDUAL	MONDO:0015039	lissencephaly with cerebellar hypoplasia type F	provenance-only:orphanet	80	no	KEEP-as-broadMatch	ICD code is RESIDUAL; cannot be an exact equivalent	"{source=""Orphanet:100016""}"
ICD10CM:Q04.3	Other reduction deformities of brain	RESIDUAL	MONDO:0015099	unilateral hemispheric polymicrogyria	provenance-only:orphanet	80	no	KEEP-as-broadMatch	ICD code is RESIDUAL; cannot be an exact equivalent	"{source=""Orphanet:101071""}"
ICD10CM:Q04.3	Other reduction deformities of brain	RESIDUAL	MONDO:0015146	classic lissencephaly	provenance-only:orphanet	80	no	KEEP-as-broadMatch	ICD code is RESIDUAL; cannot be an exact equivalent	"{source=""Orphanet:102009/inclusion"", source=""Orphanet:102009""}"
ICD10CM:Q04.3	Other reduction deformities of brain	RESIDUAL	MONDO:0015148	lissencephaly type 3	provenance-only:orphanet	80	no	KEEP-as-broadMatch	ICD code is RESIDUAL; cannot be an exact equivalent	"{source=""Orphanet:102011/inclusion"", source=""Orphanet:102011""}"
ICD10CM:Q04.3	Other reduction deformities of brain	RESIDUAL	MONDO:0015204	microlissencephaly	provenance-only:orphanet	80	no	KEEP-as-broadMatch	ICD code is RESIDUAL; cannot be an exact equivalent	"{source=""Orphanet:1083/inclusion"", source=""Orphanet:1083""}"
ICD10CM:Q04.3	Other reduction deformities of brain	RESIDUAL	MONDO:0015205	isolated lissencephaly type 1 without known genetic defects	provenance-only:orphanet	80	no	KEEP-as-broadMatch	ICD code is RESIDUAL; cannot be an exact equivalent	"{source=""Orphanet:1084""}"
ICD10CM:Q04.3	Other reduction deformities of brain	RESIDUAL	MONDO:0015745	microcephaly-polymicrogyria-corpus callosum agenesis syndrome	provenance-only:orphanet	80	no	KEEP-as-broadMatch	ICD code is RESIDUAL; cannot be an exact equivalent	"{source=""Orphanet:171703""}"
ICD10CM:Q04.3	Other reduction deformities of brain	RESIDUAL	MONDO:0016053	isolated cerebellar vermis hypoplasia	provenance-only:orphanet	80	no	KEEP-as-broadMatch	ICD code is RESIDUAL; cannot be an exact equivalent	"{source=""Orphanet:199630""}"
ICD10CM:Q04.3	Other reduction deformities of brain	RESIDUAL	MONDO:0016162	bilateral frontal polymicrogyria	provenance-only:orphanet	80	no	KEEP-as-broadMatch	ICD code is RESIDUAL; cannot be an exact equivalent	"{source=""Orphanet:208444""}"
ICD10CM:Q04.3	Other reduction deformities of brain	RESIDUAL	MONDO:0016344	hydranencephaly	provenance-only:orphanet	80	no	KEEP-as-broadMatch	ICD code is RESIDUAL; cannot be an exact equivalent	"{source=""Orphanet:2177"", source=""DOID:4626"", source=""Orphanet:2177/inclusion""}"
ICD10CM:Q04.3	Other reduction deformities of brain	RESIDUAL	MONDO:0016364	Joubert syndrome with ocular defect	provenance-only:orphanet	80	no	KEEP-as-broadMatch	ICD code is RESIDUAL; cannot be an exact equivalent	"{source=""Orphanet:220493""}"
ICD10CM:Q04.3	Other reduction deformities of brain	RESIDUAL	MONDO:0016392	cerebellar hypoplasia-tapetoretinal degeneration syndrome	provenance-only:orphanet	80	no	KEEP-as-broadMatch	ICD code is RESIDUAL; cannot be an exact equivalent	"{source=""Orphanet:2246""}"
ICD10CM:Q04.3	Other reduction deformities of brain	RESIDUAL	MONDO:0016396	pontocerebellar hypoplasia type 1	provenance-only:orphanet	80	no	KEEP-as-broadMatch	ICD code is RESIDUAL; cannot be an exact equivalent	"{source=""Orphanet:2254""}"
ICD10CM:Q04.3	Other reduction deformities of brain	RESIDUAL	MONDO:0016759	pontocerebellar hypoplasia type 2	provenance-only:orphanet	80	no	KEEP-as-broadMatch	ICD code is RESIDUAL; cannot be an exact equivalent	"{source=""Orphanet:2524""}"
ICD10CM:Q04.3	Other reduction deformities of brain	RESIDUAL	MONDO:0017091	bilateral polymicrogyria	provenance-only:orphanet	80	no	KEEP-as-broadMatch	ICD code is RESIDUAL; cannot be an exact equivalent	"{source=""Orphanet:268940""}"
ICD10CM:Q04.3	Other reduction deformities of brain	RESIDUAL	MONDO:0017092	unilateral polymicrogyria	provenance-only:orphanet	80	no	KEEP-as-broadMatch	ICD code is RESIDUAL; cannot be an exact equivalent	"{source=""Orphanet:268943""}"
ICD10CM:Q04.3	Other reduction deformities of brain	RESIDUAL	MONDO:0017093	unilateral focal polymicrogyria	provenance-only:orphanet	80	no	KEEP-as-broadMatch	ICD code is RESIDUAL; cannot be an exact equivalent	"{source=""Orphanet:268947""}"
ICD10CM:Q04.3	Other reduction deformities of brain	RESIDUAL	MONDO:0017107	isolated cerebellar vermis agenesis	provenance-only:orphanet	80	no	KEEP-as-broadMatch	ICD code is RESIDUAL; cannot be an exact equivalent	"{source=""Orphanet:269203""}"
ICD10CM:Q04.3	Other reduction deformities of brain	RESIDUAL	MONDO:0017108	isolated total cerebellar vermis agenesis	provenance-only:orphanet	80	no	KEEP-as-broadMatch	ICD code is RESIDUAL; cannot be an exact equivalent	"{source=""Orphanet:269206""}"
ICD10CM:Q04.3	Other reduction deformities of brain	RESIDUAL	MONDO:0017109	isolated partial cerebellar vermis agenesis	provenance-only:orphanet	80	no	KEEP-as-broadMatch	ICD code is RESIDUAL; cannot be an exact equivalent	"{source=""Orphanet:269209""}"
ICD10CM:Q04.3	Other reduction deformities of brain	RESIDUAL	MONDO:0017112	isolated unilateral hemispheric cerebellar hypoplasia	provenance-only:orphanet	80	no	KEEP-as-broadMatch	ICD code is RESIDUAL; cannot be an exact equivalent	"{source=""Orphanet:269218""}"
ICD10CM:Q04.3	Other reduction deformities of brain	RESIDUAL	MONDO:0017113	isolated bilateral hemispheric cerebellar hypoplasia	provenance-only:orphanet	80	no	KEEP-as-broadMatch	ICD code is RESIDUAL; cannot be an exact equivalent	"{source=""Orphanet:269221""}"
ICD10CM:Q04.3	Other reduction deformities of brain	RESIDUAL	MONDO:0018342	Joubert syndrome with Jeune asphyxiating thoracic dystrophy	provenance-only:orphanet	80	no	KEEP-as-broadMatch	ICD code is RESIDUAL; cannot be an exact equivalent	"{source=""Orphanet:397715""}"
ICD10CM:Q04.3	Other reduction deformities of brain	RESIDUAL	MONDO:0018430	partial corpus callosum agenesis-cerebellar vermis hypoplasia with posterior fossa cysts syndrome	provenance-only:orphanet	80	no	KEEP-as-broadMatch	ICD code is RESIDUAL; cannot be an exact equivalent	"{source=""Orphanet:401959""}"
ICD10CM:Q04.3	Other reduction deformities of brain	RESIDUAL	MONDO:0018772	Joubert syndrome	provenance-only:orphanet	80	no	KEEP-as-broadMatch	ICD code is RESIDUAL; cannot be an exact equivalent	"{source=""DOID:0050777"", source=""Orphanet:475""}"
ICD10CM:Q04.3	Other reduction deformities of brain	RESIDUAL	MONDO:0018838	lissencephaly spectrum disorders	provenance-only:orphanet	80	no	KEEP-as-broadMatch	ICD code is RESIDUAL; cannot be an exact equivalent	"{source=""Orphanet:48471/inclusion"", source=""DOID:0050453"", source=""Orphanet:48471""}"
ICD10CM:Q04.3	Other reduction deformities of brain	RESIDUAL	MONDO:0018860	microlissencephaly-micromelia syndrome	provenance-only:orphanet	80	no	KEEP-as-broadMatch	ICD code is RESIDUAL; cannot be an exact equivalent	"{source=""Orphanet:50810""}"
ICD10CM:Q04.3	Other reduction deformities of brain	RESIDUAL	MONDO:0018869	cobblestone lissencephaly	provenance-only:orphanet	80	no	KEEP-as-broadMatch	ICD code is RESIDUAL; cannot be an exact equivalent	"{source=""Orphanet:51577/inclusion"", source=""Orphanet:51577""}"
ICD10CM:Q04.3	Other reduction deformities of brain	RESIDUAL	MONDO:0018939	muscle-eye-brain disease	provenance-only:orphanet	80	no	KEEP-as-broadMatch	ICD code is RESIDUAL; cannot be an exact equivalent	"{source=""Orphanet:588""}"
ICD10CM:Q04.3	Other reduction deformities of brain	RESIDUAL	MONDO:0018946	rhombencephalosynapsis	provenance-only:orphanet	80	no	KEEP-as-broadMatch	ICD code is RESIDUAL; cannot be an exact equivalent	"{source=""Orphanet:59315""}"
ICD10CM:Q04.3	Other reduction deformities of brain	RESIDUAL	MONDO:0019449	lissencephaly type 3-familial fetal akinesia sequence syndrome	provenance-only:orphanet	80	no	KEEP-as-broadMatch	ICD code is RESIDUAL; cannot be an exact equivalent	"{source=""Orphanet:86821""}"
ICD10CM:Q04.3	Other reduction deformities of brain	RESIDUAL	MONDO:0019450	lissencephaly with cerebellar hypoplasia	provenance-only:orphanet	80	no	KEEP-as-broadMatch	ICD code is RESIDUAL; cannot be an exact equivalent	"{source=""Orphanet:86823""}"
ICD10CM:Q04.3	Other reduction deformities of brain	RESIDUAL	MONDO:0020135	pontocerebellar hypoplasia	provenance-only:orphanet	80	no	KEEP-as-broadMatch	ICD code is RESIDUAL; cannot be an exact equivalent	"{source=""Orphanet:98523""}"
ICD10CM:Q04.3	Other reduction deformities of brain	RESIDUAL	MONDO:0020340	bilateral perisylvian polymicrogyria	provenance-only:orphanet	80	no	KEEP-as-broadMatch	ICD code is RESIDUAL; cannot be an exact equivalent	"{source=""Orphanet:98889""}"
ICD10CM:Q04.3	Other reduction deformities of brain	RESIDUAL	MONDO:0020491	subcortical band heterotopia	provenance-only:orphanet	80	no	KEEP-as-broadMatch	ICD code is RESIDUAL; cannot be an exact equivalent	"{source=""Orphanet:99796""}"
ICD10CM:Q04.3	Other reduction deformities of brain	RESIDUAL	MONDO:0800103	COACH syndrome 1	provenance-only:orphanet	80	no	KEEP-as-broadMatch	ICD code is RESIDUAL; cannot be an exact equivalent	"{source=""Orphanet:1454""}"
ICD10CM:Q04.6	Congenital cerebral cysts	DISEASE	MONDO:0010011	schizencephaly	provenance-only:orphanet	3	no	KEEP-as-broadMatch	3 Mondo terms share this code; Mondo is narrower	"{source=""Orphanet:799/inclusion"", source=""Orphanet:799""}"
ICD10CM:Q04.6	Congenital cerebral cysts	DISEASE	MONDO:0017410	porencephaly	provenance-only:orphanet	3	no	KEEP-as-broadMatch	3 Mondo terms share this code; Mondo is narrower	"{source=""DOID:0060263"", source=""Orphanet:2940"", source=""Orphanet:2940/index""}"
ICD10CM:Q04.6	Congenital cerebral cysts	DISEASE	MONDO:0020496	familial porencephaly	provenance-only:orphanet	3	no	KEEP-as-broadMatch	3 Mondo terms share this code; Mondo is narrower	"{source=""Orphanet:99810/inclusion"", source=""Orphanet:99810""}"
ICD10CM:Q04.8	Other specified congenital malformations of brain	RESIDUAL	MONDO:0008428	septooptic dysplasia	provenance-only:orphanet	28	no	KEEP-as-broadMatch	ICD code is RESIDUAL; cannot be an exact equivalent	"{source=""Orphanet:3157"", source=""DOID:0060857""}"
ICD10CM:Q04.8	Other specified congenital malformations of brain	RESIDUAL	MONDO:0009167	Bonnemann-Meinecke-Reich syndrome	provenance-only:orphanet	28	no	KEEP-as-broadMatch	ICD code is RESIDUAL; cannot be an exact equivalent	"{source=""Orphanet:1261""}"
ICD10CM:Q04.8	Other specified congenital malformations of brain	RESIDUAL	MONDO:0010569	X-linked complicated corpus callosum dysgenesis	provenance-only:orphanet	28	no	KEEP-as-broadMatch	ICD code is RESIDUAL; cannot be an exact equivalent	"{source=""Orphanet:1497""}"
ICD10CM:Q04.8	Other specified congenital malformations of brain	RESIDUAL	MONDO:0011504	NDE1-related microhydranencephaly	provenance-only:orphanet	28	no	KEEP-as-broadMatch	ICD code is RESIDUAL; cannot be an exact equivalent	"{source=""Orphanet:443162""}"
ICD10CM:Q04.8	Other specified congenital malformations of brain	RESIDUAL	MONDO:0011818	isolated focal cortical dysplasia type II	provenance-only:orphanet	28	no	KEEP-as-broadMatch	ICD code is RESIDUAL; cannot be an exact equivalent	"{source=""Orphanet:268994""}"
ICD10CM:Q04.8	Other specified congenital malformations of brain	RESIDUAL	MONDO:0012400	cortical dysplasia-focal epilepsy syndrome	provenance-only:orphanet	28	no	KEEP-as-broadMatch	ICD code is RESIDUAL; cannot be an exact equivalent	"{source=""Orphanet:163681"", source=""DOID:0090130""}"
ICD10CM:Q04.8	Other specified congenital malformations of brain	RESIDUAL	MONDO:0013858	pontine tegmental cap dysplasia	provenance-only:orphanet	28	no	KEEP-as-broadMatch	ICD code is RESIDUAL; cannot be an exact equivalent	"{source=""Orphanet:269229""}"
ICD10CM:Q04.8	Other specified congenital malformations of brain	RESIDUAL	MONDO:0015093	sub-cortical nodular heterotopia	provenance-only:orphanet	28	no	KEEP-as-broadMatch	ICD code is RESIDUAL; cannot be an exact equivalent	"{source=""Orphanet:101029""}"
ICD10CM:Q04.8	Other specified congenital malformations of brain	RESIDUAL	MONDO:0015094	subependymal nodular heterotopia	provenance-only:orphanet	28	no	KEEP-as-broadMatch	ICD code is RESIDUAL; cannot be an exact equivalent	"{source=""Orphanet:101030""}"
ICD10CM:Q04.8	Other specified congenital malformations of brain	RESIDUAL	MONDO:0016161	cerebral gigantism-jaw cysts syndrome	provenance-only:orphanet	28	no	KEEP-as-broadMatch	ICD code is RESIDUAL; cannot be an exact equivalent	"{source=""Orphanet:2081""}"
ICD10CM:Q04.8	Other specified congenital malformations of brain	RESIDUAL	MONDO:0016292	nodular neuronal heterotopia	provenance-only:orphanet	28	no	KEEP-as-broadMatch	ICD code is RESIDUAL; cannot be an exact equivalent	"{source=""Orphanet:2149""}"
ICD10CM:Q04.8	Other specified congenital malformations of brain	RESIDUAL	MONDO:0016572	central bilateral macrogyria	provenance-only:orphanet	28	no	KEEP-as-broadMatch	ICD code is RESIDUAL; cannot be an exact equivalent	"{source=""Orphanet:2431""}"
ICD10CM:Q04.8	Other specified congenital malformations of brain	RESIDUAL	MONDO:0017094	cerebral cortical dysplasia	provenance-only:orphanet	28	no	KEEP-as-broadMatch	ICD code is RESIDUAL; cannot be an exact equivalent	"{source=""Orphanet:268950""}"
ICD10CM:Q04.8	Other specified congenital malformations of brain	RESIDUAL	MONDO:0017095	isolated focal cortical dysplasia type I	provenance-only:orphanet	28	no	KEEP-as-broadMatch	ICD code is RESIDUAL; cannot be an exact equivalent	"{source=""Orphanet:268961""}"
ICD10CM:Q04.8	Other specified congenital malformations of brain	RESIDUAL	MONDO:0017096	isolated focal cortical dysplasia type Ia	provenance-only:orphanet	28	no	KEEP-as-broadMatch	ICD code is RESIDUAL; cannot be an exact equivalent	"{source=""Orphanet:268973""}"
ICD10CM:Q04.8	Other specified congenital malformations of brain	RESIDUAL	MONDO:0017097	isolated focal cortical dysplasia type Ib	provenance-only:orphanet	28	no	KEEP-as-broadMatch	ICD code is RESIDUAL; cannot be an exact equivalent	"{source=""Orphanet:268980""}"
ICD10CM:Q04.8	Other specified congenital malformations of brain	RESIDUAL	MONDO:0017098	isolated focal cortical dysplasia type Ic	provenance-only:orphanet	28	no	KEEP-as-broadMatch	ICD code is RESIDUAL; cannot be an exact equivalent	"{source=""Orphanet:268987""}"
ICD10CM:Q04.8	Other specified congenital malformations of brain	RESIDUAL	MONDO:0017101	isolated focal cortical dysplasia type IIa	provenance-only:orphanet	28	no	KEEP-as-broadMatch	ICD code is RESIDUAL; cannot be an exact equivalent	"{source=""Orphanet:269001""}"
ICD10CM:Q04.8	Other specified congenital malformations of brain	RESIDUAL	MONDO:0017102	isolated focal cortical dysplasia type IIb	provenance-only:orphanet	28	no	KEEP-as-broadMatch	ICD code is RESIDUAL; cannot be an exact equivalent	"{source=""Orphanet:269008""}"
ICD10CM:Q04.8	Other specified congenital malformations of brain	RESIDUAL	MONDO:0017140	L1 syndrome	provenance-only:orphanet	28	no	KEEP-as-broadMatch	ICD code is RESIDUAL; cannot be an exact equivalent	"{source=""Orphanet:275543""}"
ICD10CM:Q04.8	Other specified congenital malformations of brain	RESIDUAL	MONDO:0017868	diencephalic-mesencephalic junction dysplasia	provenance-only:orphanet	28	no	KEEP-as-broadMatch	ICD code is RESIDUAL; cannot be an exact equivalent	"{source=""Orphanet:319192""}"
ICD10CM:Q04.8	Other specified congenital malformations of brain	RESIDUAL	MONDO:0018123	intellectual disability-obesity-brain malformations-facial dysmorphism syndrome	provenance-only:orphanet	28	no	KEEP-as-broadMatch	ICD code is RESIDUAL; cannot be an exact equivalent	"{source=""Orphanet:352530""}"
ICD10CM:Q04.8	Other specified congenital malformations of brain	RESIDUAL	MONDO:0018125	focal epilepsy-intellectual disability-cerebro-cerebellar malformation	provenance-only:orphanet	28	no	KEEP-as-broadMatch	ICD code is RESIDUAL; cannot be an exact equivalent	"{source=""Orphanet:352587""}"
ICD10CM:Q04.8	Other specified congenital malformations of brain	RESIDUAL	MONDO:0018838	lissencephaly spectrum disorders	provenance-only:doid	28	no	KEEP-as-broadMatch	ICD code is RESIDUAL; cannot be an exact equivalent	"{source=""DOID:0050453""}"
ICD10CM:Q04.8	Other specified congenital malformations of brain	RESIDUAL	MONDO:0019002	Lhermitte-Duclos disease	provenance-only:orphanet	28	no	KEEP-as-broadMatch	ICD code is RESIDUAL; cannot be an exact equivalent	"{source=""Orphanet:65285""}"
ICD10CM:Q04.8	Other specified congenital malformations of brain	RESIDUAL	MONDO:0019009	isolated focal cortical dysplasia	provenance-only:orphanet	28	no	KEEP-as-broadMatch	ICD code is RESIDUAL; cannot be an exact equivalent	"{source=""Orphanet:65683""}"
ICD10CM:Q04.8	Other specified congenital malformations of brain	RESIDUAL	MONDO:0019375	megalencephaly-polymicrogyria-postaxial polydactyly-hydrocephalus syndrome	provenance-only:orphanet	28	no	KEEP-as-broadMatch	ICD code is RESIDUAL; cannot be an exact equivalent	"{source=""Orphanet:83473""}"
ICD10CM:Q04.8	Other specified congenital malformations of brain	RESIDUAL	MONDO:0020341	periventricular nodular heterotopia	provenance-only:orphanet	28	no	KEEP-as-broadMatch	ICD code is RESIDUAL; cannot be an exact equivalent	"{source=""Orphanet:98892""}"
ICD10CM:Q05.0	Cervical spina bifida with hydrocephalus	DISEASE	MONDO:0017062	spina bifida aperta	provenance-only:orphanet	5	no	KEEP-as-broadMatch	5 Mondo terms share this code; Mondo is narrower	"{source=""Orphanet:268369""}"
ICD10CM:Q05.0	Cervical spina bifida with hydrocephalus	DISEASE	MONDO:0017069	spina bifida cystica	provenance-only:orphanet	5	no	KEEP-as-broadMatch	5 Mondo terms share this code; Mondo is narrower	"{source=""Orphanet:268744""}"
ICD10CM:Q05.0	Cervical spina bifida with hydrocephalus	DISEASE	MONDO:0017077	myelocystocele	provenance-only:orphanet	5	no	KEEP-as-broadMatch	5 Mondo terms share this code; Mondo is narrower	"{source=""Orphanet:268813""}"
ICD10CM:Q05.0	Cervical spina bifida with hydrocephalus	DISEASE	MONDO:0019351	isolated spina bifida	orphanet-btnt	5	no	KEEP-as-broadMatch	5 Mondo terms share this code; Mondo is narrower	"{source=""Orphanet:823/btnt"", source=""Orphanet:823"", source=""Orphanet:823/specific""}"
ICD10CM:Q05.0	Cervical spina bifida with hydrocephalus	DISEASE	MONDO:0019773	myelomeningocele	provenance-only:orphanet	5	no	KEEP-as-broadMatch	5 Mondo terms share this code; Mondo is narrower	"{source=""Orphanet:93969""}"
ICD10CM:Q05.1	Thoracic spina bifida with hydrocephalus	DISEASE	MONDO:0017062	spina bifida aperta	provenance-only:orphanet	6	no	KEEP-as-broadMatch	6 Mondo terms share this code; Mondo is narrower	"{source=""Orphanet:268369""}"
ICD10CM:Q05.1	Thoracic spina bifida with hydrocephalus	DISEASE	MONDO:0017069	spina bifida cystica	provenance-only:orphanet	6	no	KEEP-as-broadMatch	6 Mondo terms share this code; Mondo is narrower	"{source=""Orphanet:268744""}"
ICD10CM:Q05.1	Thoracic spina bifida with hydrocephalus	DISEASE	MONDO:0017076	posterior meningocele	provenance-only:orphanet	6	no	KEEP-as-broadMatch	6 Mondo terms share this code; Mondo is narrower	"{source=""Orphanet:268810""}"
ICD10CM:Q05.1	Thoracic spina bifida with hydrocephalus	DISEASE	MONDO:0017077	myelocystocele	provenance-only:orphanet	6	no	KEEP-as-broadMatch	6 Mondo terms share this code; Mondo is narrower	"{source=""Orphanet:268813""}"
ICD10CM:Q05.1	Thoracic spina bifida with hydrocephalus	DISEASE	MONDO:0019351	isolated spina bifida	orphanet-btnt	6	no	KEEP-as-broadMatch	6 Mondo terms share this code; Mondo is narrower	"{source=""Orphanet:823/btnt"", source=""Orphanet:823"", source=""Orphanet:823/specific""}"
ICD10CM:Q05.1	Thoracic spina bifida with hydrocephalus	DISEASE	MONDO:0019773	myelomeningocele	provenance-only:orphanet	6	no	KEEP-as-broadMatch	6 Mondo terms share this code; Mondo is narrower	"{source=""Orphanet:93969""}"
ICD10CM:Q05.2	Lumbar spina bifida with hydrocephalus	DISEASE	MONDO:0017062	spina bifida aperta	provenance-only:orphanet	6	no	KEEP-as-broadMatch	6 Mondo terms share this code; Mondo is narrower	"{source=""Orphanet:268369""}"
ICD10CM:Q05.2	Lumbar spina bifida with hydrocephalus	DISEASE	MONDO:0017069	spina bifida cystica	provenance-only:orphanet	6	no	KEEP-as-broadMatch	6 Mondo terms share this code; Mondo is narrower	"{source=""Orphanet:268744""}"
ICD10CM:Q05.2	Lumbar spina bifida with hydrocephalus	DISEASE	MONDO:0017076	posterior meningocele	provenance-only:orphanet	6	no	KEEP-as-broadMatch	6 Mondo terms share this code; Mondo is narrower	"{source=""Orphanet:268810""}"
ICD10CM:Q05.2	Lumbar spina bifida with hydrocephalus	DISEASE	MONDO:0017077	myelocystocele	provenance-only:orphanet	6	no	KEEP-as-broadMatch	6 Mondo terms share this code; Mondo is narrower	"{source=""Orphanet:268813""}"
ICD10CM:Q05.2	Lumbar spina bifida with hydrocephalus	DISEASE	MONDO:0019351	isolated spina bifida	orphanet-btnt	6	no	KEEP-as-broadMatch	6 Mondo terms share this code; Mondo is narrower	"{source=""Orphanet:823/btnt"", source=""Orphanet:823"", source=""Orphanet:823/specific""}"
ICD10CM:Q05.2	Lumbar spina bifida with hydrocephalus	DISEASE	MONDO:0019773	myelomeningocele	provenance-only:orphanet	6	no	KEEP-as-broadMatch	6 Mondo terms share this code; Mondo is narrower	"{source=""Orphanet:93969""}"
ICD10CM:Q05.3	Sacral spina bifida with hydrocephalus	DISEASE	MONDO:0017062	spina bifida aperta	provenance-only:orphanet	6	no	KEEP-as-broadMatch	6 Mondo terms share this code; Mondo is narrower	"{source=""Orphanet:268369""}"
ICD10CM:Q05.3	Sacral spina bifida with hydrocephalus	DISEASE	MONDO:0017069	spina bifida cystica	provenance-only:orphanet	6	no	KEEP-as-broadMatch	6 Mondo terms share this code; Mondo is narrower	"{source=""Orphanet:268744""}"
ICD10CM:Q05.3	Sacral spina bifida with hydrocephalus	DISEASE	MONDO:0017076	posterior meningocele	provenance-only:orphanet	6	no	KEEP-as-broadMatch	6 Mondo terms share this code; Mondo is narrower	"{source=""Orphanet:268810""}"
ICD10CM:Q05.3	Sacral spina bifida with hydrocephalus	DISEASE	MONDO:0017077	myelocystocele	provenance-only:orphanet	6	no	KEEP-as-broadMatch	6 Mondo terms share this code; Mondo is narrower	"{source=""Orphanet:268813""}"
ICD10CM:Q05.3	Sacral spina bifida with hydrocephalus	DISEASE	MONDO:0019351	isolated spina bifida	orphanet-btnt	6	no	KEEP-as-broadMatch	6 Mondo terms share this code; Mondo is narrower	"{source=""Orphanet:823/btnt"", source=""Orphanet:823"", source=""Orphanet:823/specific""}"
ICD10CM:Q05.3	Sacral spina bifida with hydrocephalus	DISEASE	MONDO:0019773	myelomeningocele	provenance-only:orphanet	6	no	KEEP-as-broadMatch	6 Mondo terms share this code; Mondo is narrower	"{source=""Orphanet:93969""}"
ICD10CM:Q05.4	Unspecified spina bifida with hydrocephalus	RESIDUAL	MONDO:0017062	spina bifida aperta	provenance-only:orphanet	6	no	KEEP-as-broadMatch	ICD code is RESIDUAL; cannot be an exact equivalent	"{source=""Orphanet:268369""}"
ICD10CM:Q05.4	Unspecified spina bifida with hydrocephalus	RESIDUAL	MONDO:0017069	spina bifida cystica	provenance-only:orphanet	6	no	KEEP-as-broadMatch	ICD code is RESIDUAL; cannot be an exact equivalent	"{source=""Orphanet:268744""}"
ICD10CM:Q05.4	Unspecified spina bifida with hydrocephalus	RESIDUAL	MONDO:0017076	posterior meningocele	provenance-only:orphanet	6	no	KEEP-as-broadMatch	ICD code is RESIDUAL; cannot be an exact equivalent	"{source=""Orphanet:268810""}"
ICD10CM:Q05.4	Unspecified spina bifida with hydrocephalus	RESIDUAL	MONDO:0017077	myelocystocele	provenance-only:orphanet	6	no	KEEP-as-broadMatch	ICD code is RESIDUAL; cannot be an exact equivalent	"{source=""Orphanet:268813""}"
ICD10CM:Q05.4	Unspecified spina bifida with hydrocephalus	RESIDUAL	MONDO:0019351	isolated spina bifida	orphanet-btnt	6	no	KEEP-as-broadMatch	ICD code is RESIDUAL; cannot be an exact equivalent	"{source=""Orphanet:823/btnt"", source=""Orphanet:823"", source=""Orphanet:823/specific""}"
ICD10CM:Q05.4	Unspecified spina bifida with hydrocephalus	RESIDUAL	MONDO:0019773	myelomeningocele	provenance-only:orphanet	6	no	KEEP-as-broadMatch	ICD code is RESIDUAL; cannot be an exact equivalent	"{source=""Orphanet:93969""}"
ICD10CM:Q05.5	Cervical spina bifida without hydrocephalus	DISEASE	MONDO:0017062	spina bifida aperta	provenance-only:orphanet	5	no	KEEP-as-broadMatch	5 Mondo terms share this code; Mondo is narrower	"{source=""Orphanet:268369""}"
ICD10CM:Q05.5	Cervical spina bifida without hydrocephalus	DISEASE	MONDO:0017069	spina bifida cystica	provenance-only:orphanet	5	no	KEEP-as-broadMatch	5 Mondo terms share this code; Mondo is narrower	"{source=""Orphanet:268744""}"
ICD10CM:Q05.5	Cervical spina bifida without hydrocephalus	DISEASE	MONDO:0017077	myelocystocele	provenance-only:orphanet	5	no	KEEP-as-broadMatch	5 Mondo terms share this code; Mondo is narrower	"{source=""Orphanet:268813""}"
ICD10CM:Q05.5	Cervical spina bifida without hydrocephalus	DISEASE	MONDO:0019351	isolated spina bifida	orphanet-btnt	5	no	KEEP-as-broadMatch	5 Mondo terms share this code; Mondo is narrower	"{source=""Orphanet:823/btnt"", source=""Orphanet:823"", source=""Orphanet:823/specific""}"
ICD10CM:Q05.5	Cervical spina bifida without hydrocephalus	DISEASE	MONDO:0019773	myelomeningocele	provenance-only:orphanet	5	no	KEEP-as-broadMatch	5 Mondo terms share this code; Mondo is narrower	"{source=""Orphanet:93969""}"
ICD10CM:Q05.6	Thoracic spina bifida without hydrocephalus	DISEASE	MONDO:0017062	spina bifida aperta	provenance-only:orphanet	6	no	KEEP-as-broadMatch	6 Mondo terms share this code; Mondo is narrower	"{source=""Orphanet:268369""}"
ICD10CM:Q05.6	Thoracic spina bifida without hydrocephalus	DISEASE	MONDO:0017069	spina bifida cystica	provenance-only:orphanet	6	no	KEEP-as-broadMatch	6 Mondo terms share this code; Mondo is narrower	"{source=""Orphanet:268744""}"
ICD10CM:Q05.6	Thoracic spina bifida without hydrocephalus	DISEASE	MONDO:0017076	posterior meningocele	provenance-only:orphanet	6	no	KEEP-as-broadMatch	6 Mondo terms share this code; Mondo is narrower	"{source=""Orphanet:268810""}"
ICD10CM:Q05.6	Thoracic spina bifida without hydrocephalus	DISEASE	MONDO:0017077	myelocystocele	provenance-only:orphanet	6	no	KEEP-as-broadMatch	6 Mondo terms share this code; Mondo is narrower	"{source=""Orphanet:268813""}"
ICD10CM:Q05.6	Thoracic spina bifida without hydrocephalus	DISEASE	MONDO:0019351	isolated spina bifida	orphanet-btnt	6	no	KEEP-as-broadMatch	6 Mondo terms share this code; Mondo is narrower	"{source=""Orphanet:823/btnt"", source=""Orphanet:823"", source=""Orphanet:823/specific""}"
ICD10CM:Q05.6	Thoracic spina bifida without hydrocephalus	DISEASE	MONDO:0019773	myelomeningocele	provenance-only:orphanet	6	no	KEEP-as-broadMatch	6 Mondo terms share this code; Mondo is narrower	"{source=""Orphanet:93969""}"
ICD10CM:Q05.7	Lumbar spina bifida without hydrocephalus	DISEASE	MONDO:0017062	spina bifida aperta	provenance-only:orphanet	6	no	KEEP-as-broadMatch	6 Mondo terms share this code; Mondo is narrower	"{source=""Orphanet:268369""}"
ICD10CM:Q05.7	Lumbar spina bifida without hydrocephalus	DISEASE	MONDO:0017069	spina bifida cystica	provenance-only:orphanet	6	no	KEEP-as-broadMatch	6 Mondo terms share this code; Mondo is narrower	"{source=""Orphanet:268744""}"
ICD10CM:Q05.7	Lumbar spina bifida without hydrocephalus	DISEASE	MONDO:0017076	posterior meningocele	provenance-only:orphanet	6	no	KEEP-as-broadMatch	6 Mondo terms share this code; Mondo is narrower	"{source=""Orphanet:268810""}"
ICD10CM:Q05.7	Lumbar spina bifida without hydrocephalus	DISEASE	MONDO:0017077	myelocystocele	provenance-only:orphanet	6	no	KEEP-as-broadMatch	6 Mondo terms share this code; Mondo is narrower	"{source=""Orphanet:268813""}"
ICD10CM:Q05.7	Lumbar spina bifida without hydrocephalus	DISEASE	MONDO:0019351	isolated spina bifida	orphanet-btnt	6	no	KEEP-as-broadMatch	6 Mondo terms share this code; Mondo is narrower	"{source=""Orphanet:823/btnt"", source=""Orphanet:823"", source=""Orphanet:823/specific""}"
ICD10CM:Q05.7	Lumbar spina bifida without hydrocephalus	DISEASE	MONDO:0019773	myelomeningocele	provenance-only:orphanet	6	no	KEEP-as-broadMatch	6 Mondo terms share this code; Mondo is narrower	"{source=""Orphanet:93969""}"
ICD10CM:Q05.8	Sacral spina bifida without hydrocephalus	DISEASE	MONDO:0017062	spina bifida aperta	provenance-only:orphanet	6	no	KEEP-as-broadMatch	6 Mondo terms share this code; Mondo is narrower	"{source=""Orphanet:268369""}"
ICD10CM:Q05.8	Sacral spina bifida without hydrocephalus	DISEASE	MONDO:0017069	spina bifida cystica	provenance-only:orphanet	6	no	KEEP-as-broadMatch	6 Mondo terms share this code; Mondo is narrower	"{source=""Orphanet:268744""}"
ICD10CM:Q05.8	Sacral spina bifida without hydrocephalus	DISEASE	MONDO:0017076	posterior meningocele	provenance-only:orphanet	6	no	KEEP-as-broadMatch	6 Mondo terms share this code; Mondo is narrower	"{source=""Orphanet:268810""}"
ICD10CM:Q05.8	Sacral spina bifida without hydrocephalus	DISEASE	MONDO:0017077	myelocystocele	provenance-only:orphanet	6	no	KEEP-as-broadMatch	6 Mondo terms share this code; Mondo is narrower	"{source=""Orphanet:268813""}"
ICD10CM:Q05.8	Sacral spina bifida without hydrocephalus	DISEASE	MONDO:0019351	isolated spina bifida	orphanet-btnt	6	no	KEEP-as-broadMatch	6 Mondo terms share this code; Mondo is narrower	"{source=""Orphanet:823/btnt"", source=""Orphanet:823"", source=""Orphanet:823/specific""}"
ICD10CM:Q05.8	Sacral spina bifida without hydrocephalus	DISEASE	MONDO:0019773	myelomeningocele	provenance-only:orphanet	6	no	KEEP-as-broadMatch	6 Mondo terms share this code; Mondo is narrower	"{source=""Orphanet:93969""}"
ICD10CM:Q05.9	Spina bifida, unspecified	RESIDUAL	MONDO:0006995	tethered spinal cord syndrome	provenance-only:doid	9	no	KEEP-as-broadMatch	ICD code is RESIDUAL; cannot be an exact equivalent	"{source=""DOID:1089""}"
ICD10CM:Q05.9	Spina bifida, unspecified	RESIDUAL	MONDO:0012296	lipomyelomeningocele	provenance-only:orphanet	9	no	KEEP-as-broadMatch	ICD code is RESIDUAL; cannot be an exact equivalent	"{source=""Orphanet:268835""}"
ICD10CM:Q05.9	Spina bifida, unspecified	RESIDUAL	MONDO:0017062	spina bifida aperta	provenance-only:orphanet	9	no	KEEP-as-broadMatch	ICD code is RESIDUAL; cannot be an exact equivalent	"{source=""Orphanet:268369""}"
ICD10CM:Q05.9	Spina bifida, unspecified	RESIDUAL	MONDO:0017069	spina bifida cystica	provenance-only:orphanet	9	no	KEEP-as-broadMatch	ICD code is RESIDUAL; cannot be an exact equivalent	"{source=""Orphanet:268744""}"
ICD10CM:Q05.9	Spina bifida, unspecified	RESIDUAL	MONDO:0017076	posterior meningocele	provenance-only:orphanet	9	no	KEEP-as-broadMatch	ICD code is RESIDUAL; cannot be an exact equivalent	"{source=""Orphanet:268810""}"
ICD10CM:Q05.9	Spina bifida, unspecified	RESIDUAL	MONDO:0017077	myelocystocele	provenance-only:orphanet	9	no	KEEP-as-broadMatch	ICD code is RESIDUAL; cannot be an exact equivalent	"{source=""Orphanet:268813""}"
ICD10CM:Q05.9	Spina bifida, unspecified	RESIDUAL	MONDO:0017857	spina bifida-hypospadias syndrome	provenance-only:orphanet	9	no	KEEP-as-broadMatch	ICD code is RESIDUAL; cannot be an exact equivalent	"{source=""Orphanet:3176""}"
ICD10CM:Q05.9	Spina bifida, unspecified	RESIDUAL	MONDO:0019351	isolated spina bifida	orphanet-btnt	9	no	KEEP-as-broadMatch	ICD code is RESIDUAL; cannot be an exact equivalent	"{source=""Orphanet:823/btnt"", source=""Orphanet:823"", source=""Orphanet:823/specific""}"
ICD10CM:Q05.9	Spina bifida, unspecified	RESIDUAL	MONDO:0019773	myelomeningocele	provenance-only:orphanet	9	no	KEEP-as-broadMatch	ICD code is RESIDUAL; cannot be an exact equivalent	"{source=""Orphanet:93969""}"
ICD10CM:Q06.8	Other specified congenital malformations of spinal cord	RESIDUAL	MONDO:0019357	congenital narrowing of cervical spinal canal	provenance-only:orphanet	1	no	KEEP-as-broadMatch	ICD code is RESIDUAL; cannot be an exact equivalent	"{source=""Orphanet:831""}"
ICD10CM:Q07.8	Other specified congenital malformations of nervous system	RESIDUAL	MONDO:0007137	isolated congenital anosmia	provenance-only:orphanet	10	no	KEEP-as-broadMatch	ICD code is RESIDUAL; cannot be an exact equivalent	"{source=""Orphanet:88620""}"
ICD10CM:Q07.8	Other specified congenital malformations of nervous system	RESIDUAL	MONDO:0007946	jaw-winking syndrome	provenance-only:orphanet	10	no	KEEP-as-broadMatch	ICD code is RESIDUAL; cannot be an exact equivalent	"{source=""Orphanet:91412/inclusion"", source=""Orphanet:91412"", source=""DOID:560""}"
ICD10CM:Q07.8	Other specified congenital malformations of nervous system	RESIDUAL	MONDO:0011157	Gomez-Lopez-Hernandez syndrome	provenance-only:orphanet	10	no	KEEP-as-broadMatch	ICD code is RESIDUAL; cannot be an exact equivalent	"{source=""Orphanet:1532""}"
ICD10CM:Q07.8	Other specified congenital malformations of nervous system	RESIDUAL	MONDO:0015101	Marin-Amat syndrome	provenance-only:orphanet	10	no	KEEP-as-broadMatch	ICD code is RESIDUAL; cannot be an exact equivalent	"{source=""Orphanet:101104""}"
ICD10CM:Q07.8	Other specified congenital malformations of nervous system	RESIDUAL	MONDO:0018599	congenital oculomotor nerve palsy	provenance-only:orphanet	10	no	KEEP-as-broadMatch	ICD code is RESIDUAL; cannot be an exact equivalent	"{source=""Orphanet:440221""}"
ICD10CM:Q07.8	Other specified congenital malformations of nervous system	RESIDUAL	MONDO:0018600	congenital abducens nerve palsy	provenance-only:orphanet	10	no	KEEP-as-broadMatch	ICD code is RESIDUAL; cannot be an exact equivalent	"{source=""Orphanet:440233""}"
ICD10CM:Q07.8	Other specified congenital malformations of nervous system	RESIDUAL	MONDO:0019953	mega-cisterna magna	provenance-only:orphanet	10	no	KEEP-as-broadMatch	ICD code is RESIDUAL; cannot be an exact equivalent	"{source=""Orphanet:97252""}"
ICD10CM:Q07.8	Other specified congenital malformations of nervous system	RESIDUAL	MONDO:0020362	inverse Marcus-Gunn phenomenon	provenance-only:orphanet	10	no	KEEP-as-broadMatch	ICD code is RESIDUAL; cannot be an exact equivalent	"{source=""Orphanet:98951""}"
ICD10CM:Q07.8	Other specified congenital malformations of nervous system	RESIDUAL	MONDO:0035159	dermoid or epidermoid cyst of the central nervous system	narrowerThanSource	10	no	KEEP-as-broadMatch	ICD code is RESIDUAL; cannot be an exact equivalent	"{source=""MONDO:mondoIsNarrowerThanSource"", source=""Orphanet:530033""}"
ICD10CM:Q07.8	Other specified congenital malformations of nervous system	RESIDUAL	MONDO:0060490	neurodevelopmental disorder with microcephaly, hypotonia, and variable brain anomalies	other-mondo-qualifier:mondoSubClassOfSource	10	no	KEEP-as-broadMatch	ICD code is RESIDUAL; cannot be an exact equivalent	"{source=""Orphanet:544469"", source=""MONDO:mondoSubClassOfSource""}"
ICD10CM:Q10-Q18	Congenital malformations of eye, ear, face and neck (Q10-Q18)	BLOCK	MONDO:0007500	ear malformation	provenance-only:other	1	no	KEEP-as-broadMatch	ICD code is BLOCK; cannot be an exact equivalent	"{source=""https://github.com/monarch-initiative/mondo/issues/4536"", source=""https://orcid.org/0000-0001-5208-3432"", source=""https://orcid.org/0000-0002-4142-7153""}"
ICD10CM:Q10.3	Other congenital malformations of eyelid	RESIDUAL	MONDO:0007201	blepharophimosis, ptosis, and epicanthus inversus syndrome	provenance-only:orphanet	12	no	KEEP-as-broadMatch	ICD code is RESIDUAL; cannot be an exact equivalent	"{source=""Orphanet:126""}"
ICD10CM:Q10.3	Other congenital malformations of eyelid	RESIDUAL	MONDO:0008182	nasopalpebral lipoma-coloboma syndrome	provenance-only:orphanet	12	no	KEEP-as-broadMatch	ICD code is RESIDUAL; cannot be an exact equivalent	"{source=""Orphanet:2399""}"
ICD10CM:Q10.3	Other congenital malformations of eyelid	RESIDUAL	MONDO:0008537	telecanthus	provenance-only:orphanet	12	no	KEEP-as-broadMatch	ICD code is RESIDUAL; cannot be an exact equivalent	"{source=""Orphanet:98575""}"
ICD10CM:Q10.3	Other congenital malformations of eyelid	RESIDUAL	MONDO:0015480	coloboma of superior eyelid	provenance-only:orphanet	12	no	KEEP-as-broadMatch	ICD code is RESIDUAL; cannot be an exact equivalent	"{source=""Orphanet:155884""}"
ICD10CM:Q10.3	Other congenital malformations of eyelid	RESIDUAL	MONDO:0015481	coloboma of inferior eyelid	provenance-only:orphanet	12	no	KEEP-as-broadMatch	ICD code is RESIDUAL; cannot be an exact equivalent	"{source=""Orphanet:155889""}"
ICD10CM:Q10.3	Other congenital malformations of eyelid	RESIDUAL	MONDO:0016857	blepharophimosis-epicanthus inversus-ptosis due to 3q23 rearrangement syndrome	provenance-only:orphanet	12	no	KEEP-as-broadMatch	ICD code is RESIDUAL; cannot be an exact equivalent	"{source=""Orphanet:261559""}"
ICD10CM:Q10.3	Other congenital malformations of eyelid	RESIDUAL	MONDO:0016858	blepharophimosis-epicanthus inversus-ptosis due to a point mutation syndrome	provenance-only:orphanet	12	no	KEEP-as-broadMatch	ICD code is RESIDUAL; cannot be an exact equivalent	"{source=""Orphanet:261572""}"
ICD10CM:Q10.3	Other congenital malformations of eyelid	RESIDUAL	MONDO:0016859	blepharophimosis-epicanthus inversus-ptosis due to copy number variations	provenance-only:orphanet	12	no	KEEP-as-broadMatch	ICD code is RESIDUAL; cannot be an exact equivalent	"{source=""Orphanet:261579""}"
ICD10CM:Q10.3	Other congenital malformations of eyelid	RESIDUAL	MONDO:0019626	isolated ankyloblepharon filiforme adnatum	provenance-only:orphanet	12	no	KEEP-as-broadMatch	ICD code is RESIDUAL; cannot be an exact equivalent	"{source=""Orphanet:91397""}"
ICD10CM:Q10.3	Other congenital malformations of eyelid	RESIDUAL	MONDO:0020357	coloboma of eyelid	provenance-only:orphanet	12	no	KEEP-as-broadMatch	ICD code is RESIDUAL; cannot be an exact equivalent	"{source=""Orphanet:98946/inclusion"", source=""Orphanet:98946""}"
ICD10CM:Q10.3	Other congenital malformations of eyelid	RESIDUAL	MONDO:0020461	epiblepharon	provenance-only:orphanet	12	no	KEEP-as-broadMatch	ICD code is RESIDUAL; cannot be an exact equivalent	"{source=""Orphanet:99169"", source=""Orphanet:99169/index""}"
ICD10CM:Q10.3	Other congenital malformations of eyelid	RESIDUAL	MONDO:0020465	congenital eyelid retraction	provenance-only:orphanet	12	no	KEEP-as-broadMatch	ICD code is RESIDUAL; cannot be an exact equivalent	"{source=""Orphanet:99176""}"
ICD10CM:Q10.6	Other congenital malformations of lacrimal apparatus	RESIDUAL	MONDO:0019627	isolated congenital alacrima	provenance-only:orphanet	1	no	KEEP-as-broadMatch	ICD code is RESIDUAL; cannot be an exact equivalent	"{source=""Orphanet:91416""}"
ICD10CM:Q11.0	Cystic eyeball	DISEASE	MONDO:0009631	isolated microphthalmia 1	provenance-only:doid	8	no	KEEP-as-broadMatch	8 Mondo terms share this code; Mondo is narrower	"{source=""DOID:0060840""}"
ICD10CM:Q11.0	Cystic eyeball	DISEASE	MONDO:0012409	isolated microphthalmia 2	provenance-only:doid	8	no	KEEP-as-broadMatch	8 Mondo terms share this code; Mondo is narrower	"{source=""DOID:0060839""}"
ICD10CM:Q11.0	Cystic eyeball	DISEASE	MONDO:0012604	isolated microphthalmia 3	provenance-only:doid	8	no	KEEP-as-broadMatch	8 Mondo terms share this code; Mondo is narrower	"{source=""DOID:0060842""}"
ICD10CM:Q11.0	Cystic eyeball	DISEASE	MONDO:0013130	isolated microphthalmia 4	provenance-only:doid	8	no	KEEP-as-broadMatch	8 Mondo terms share this code; Mondo is narrower	"{source=""DOID:0060836""}"
ICD10CM:Q11.0	Cystic eyeball	DISEASE	MONDO:0013293	isolated microphthalmia 6	provenance-only:doid	8	no	KEEP-as-broadMatch	8 Mondo terms share this code; Mondo is narrower	"{source=""DOID:0060835""}"
ICD10CM:Q11.0	Cystic eyeball	DISEASE	MONDO:0013377	isolated microphthalmia 7	provenance-only:doid	8	no	KEEP-as-broadMatch	8 Mondo terms share this code; Mondo is narrower	"{source=""DOID:0060838""}"
ICD10CM:Q11.0	Cystic eyeball	DISEASE	MONDO:0014050	isolated microphthalmia 8	provenance-only:doid	8	no	KEEP-as-broadMatch	8 Mondo terms share this code; Mondo is narrower	"{source=""DOID:0060841""}"
ICD10CM:Q11.0	Cystic eyeball	DISEASE	MONDO:0016764	isolated anophthalmia-microphthalmia syndrome	orphanet-btnt	8	no	KEEP-as-broadMatch	8 Mondo terms share this code; Mondo is narrower	"{source=""Orphanet:2542"", source=""Orphanet:2542/btnt"", source=""Orphanet:2542/specific""}"
ICD10CM:Q11.1	Other anophthalmos	RESIDUAL	MONDO:0016764	isolated anophthalmia-microphthalmia syndrome	orphanet-btnt	1	no	KEEP-as-broadMatch	ICD code is RESIDUAL; cannot be an exact equivalent	"{source=""Orphanet:2542"", source=""Orphanet:2542/btnt"", source=""Orphanet:2542/specific""}"
ICD10CM:Q11.2	Microphthalmos	DISEASE	MONDO:0000170	microphthalmia, isolated, with coloboma	provenance-only:orphanet	14	no	KEEP-as-broadMatch	14 Mondo terms share this code; Mondo is narrower	"{source=""Orphanet:98938""}"
ICD10CM:Q11.2	Microphthalmos	DISEASE	MONDO:0007410	isolated cryptophthalmia	provenance-only:orphanet	14	no	KEEP-as-broadMatch	14 Mondo terms share this code; Mondo is narrower	"{source=""Orphanet:91396/inclusion"", source=""Orphanet:91396""}"
ICD10CM:Q11.2	Microphthalmos	DISEASE	MONDO:0010671	microphthalmia, syndromic 1	provenance-only:orphanet	14	no	KEEP-as-broadMatch	14 Mondo terms share this code; Mondo is narrower	"{source=""Orphanet:85275""}"
ICD10CM:Q11.2	Microphthalmos	DISEASE	MONDO:0010672	linear skin defects with multiple congenital anomalies	provenance-only:orphanet	14	no	KEEP-as-broadMatch	14 Mondo terms share this code; Mondo is narrower	"{source=""Orphanet:2556""}"
ICD10CM:Q11.2	Microphthalmos	DISEASE	MONDO:0011010	microphthalmia, syndromic 9	provenance-only:orphanet	14	no	KEEP-as-broadMatch	14 Mondo terms share this code; Mondo is narrower	"{source=""Orphanet:2470""}"
ICD10CM:Q11.2	Microphthalmos	DISEASE	MONDO:0011936	microphthalmia with brain and digit anomalies	provenance-only:orphanet	14	no	KEEP-as-broadMatch	14 Mondo terms share this code; Mondo is narrower	"{source=""Orphanet:139471""}"
ICD10CM:Q11.2	Microphthalmos	DISEASE	MONDO:0012413	syndromic microphthalmia type 5	provenance-only:orphanet	14	no	KEEP-as-broadMatch	14 Mondo terms share this code; Mondo is narrower	"{source=""Orphanet:178364""}"
ICD10CM:Q11.2	Microphthalmos	DISEASE	MONDO:0012638	microphthalmia-brain atrophy syndrome	provenance-only:orphanet	14	no	KEEP-as-broadMatch	14 Mondo terms share this code; Mondo is narrower	"{source=""Orphanet:77299""}"
ICD10CM:Q11.2	Microphthalmos	DISEASE	MONDO:0016764	isolated anophthalmia-microphthalmia syndrome	orphanet-btnt	14	no	KEEP-as-broadMatch	14 Mondo terms share this code; Mondo is narrower	"{source=""Orphanet:2542"", source=""Orphanet:2542/btnt"", source=""Orphanet:2542/specific""}"
ICD10CM:Q11.2	Microphthalmos	DISEASE	MONDO:0018924	microphthalmia, Lenz type	provenance-only:orphanet	14	no	KEEP-as-broadMatch	14 Mondo terms share this code; Mondo is narrower	"{source=""Orphanet:568""}"
ICD10CM:Q11.2	Microphthalmos	DISEASE	MONDO:0020359	congenital symblepharon	provenance-only:orphanet	14	no	KEEP-as-broadMatch	14 Mondo terms share this code; Mondo is narrower	"{source=""Orphanet:98948""}"
ICD10CM:Q11.2	Microphthalmos	DISEASE	MONDO:0020360	complete cryptophthalmia	provenance-only:orphanet	14	no	KEEP-as-broadMatch	14 Mondo terms share this code; Mondo is narrower	"{source=""Orphanet:98949""}"
ICD10CM:Q11.2	Microphthalmos	DISEASE	MONDO:0020361	partial cryptophthalmia	provenance-only:orphanet	14	no	KEEP-as-broadMatch	14 Mondo terms share this code; Mondo is narrower	"{source=""Orphanet:98950""}"
ICD10CM:Q11.2	Microphthalmos	DISEASE	MONDO:0021129	microphthalmia	orphanet-specific	14	syn-match	KEEP-as-broadMatch	14 Mondo terms share this code; Mondo is narrower	"{source=""Orphanet:35612"", source=""Orphanet:35612/e"", source=""DOID:10629"", source=""Orphanet:35612/specific""}"
ICD10CM:Q12.0	Congenital cataract	DISEASE	MONDO:0007278	cataract 32 multiple types	provenance-only:doid	54	no	KEEP-as-broadMatch	54 Mondo terms share this code; Mondo is narrower	"{source=""DOID:0110227""}"
ICD10CM:Q12.0	Congenital cataract	DISEASE	MONDO:0007279	cataract 7	provenance-only:doid	54	no	KEEP-as-broadMatch	54 Mondo terms share this code; Mondo is narrower	"{source=""DOID:0110260""}"
ICD10CM:Q12.0	Congenital cataract	DISEASE	MONDO:0007280	cataract 8 multiple types	provenance-only:doid	54	no	KEEP-as-broadMatch	54 Mondo terms share this code; Mondo is narrower	"{source=""DOID:0110228""}"
ICD10CM:Q12.0	Congenital cataract	DISEASE	MONDO:0007281	cataract 4 multiple types	provenance-only:doid	54	no	KEEP-as-broadMatch	54 Mondo terms share this code; Mondo is narrower	"{source=""DOID:0110234""}"
ICD10CM:Q12.0	Congenital cataract	DISEASE	MONDO:0007282	cataract 29	provenance-only:doid	54	no	KEEP-as-broadMatch	54 Mondo terms share this code; Mondo is narrower	"{source=""DOID:0110232""}"
ICD10CM:Q12.0	Congenital cataract	DISEASE	MONDO:0007283	cataract 42	provenance-only:doid	54	no	KEEP-as-broadMatch	54 Mondo terms share this code; Mondo is narrower	"{source=""DOID:0110237""}"
ICD10CM:Q12.0	Congenital cataract	DISEASE	MONDO:0007284	cataract 20 multiple types	provenance-only:doid	54	no	KEEP-as-broadMatch	54 Mondo terms share this code; Mondo is narrower	"{source=""DOID:0110240""}"
ICD10CM:Q12.0	Congenital cataract	DISEASE	MONDO:0007285	cataract 1 multiple types	provenance-only:doid	54	no	KEEP-as-broadMatch	54 Mondo terms share this code; Mondo is narrower	"{source=""DOID:0110231""}"
ICD10CM:Q12.0	Congenital cataract	DISEASE	MONDO:0007286	cataract 30	provenance-only:doid	54	no	KEEP-as-broadMatch	54 Mondo terms share this code; Mondo is narrower	"{source=""DOID:0110248""}"
ICD10CM:Q12.0	Congenital cataract	DISEASE	MONDO:0007287	cataract 41	provenance-only:doid	54	no	KEEP-as-broadMatch	54 Mondo terms share this code; Mondo is narrower	"{source=""DOID:0110241""}"
ICD10CM:Q12.0	Congenital cataract	DISEASE	MONDO:0007288	cataract 6 multiple types	provenance-only:doid	54	no	KEEP-as-broadMatch	54 Mondo terms share this code; Mondo is narrower	"{source=""DOID:0110229""}"
ICD10CM:Q12.0	Congenital cataract	DISEASE	MONDO:0007289	cataract 13 with adult I phenotype	provenance-only:doid	54	no	KEEP-as-broadMatch	54 Mondo terms share this code; Mondo is narrower	"{source=""DOID:0110242""}"
ICD10CM:Q12.0	Congenital cataract	DISEASE	MONDO:0007290	cataract 5 multiple types	provenance-only:doid	54	no	KEEP-as-broadMatch	54 Mondo terms share this code; Mondo is narrower	"{source=""DOID:0110255""}"
ICD10CM:Q12.0	Congenital cataract	DISEASE	MONDO:0008925	cataract 46 juvenile-onset	provenance-only:doid	54	no	KEEP-as-broadMatch	54 Mondo terms share this code; Mondo is narrower	"{source=""DOID:0110243""}"
ICD10CM:Q12.0	Congenital cataract	DISEASE	MONDO:0010544	cataract 40	provenance-only:doid	54	no	KEEP-as-broadMatch	54 Mondo terms share this code; Mondo is narrower	"{source=""DOID:0110272""}"
ICD10CM:Q12.0	Congenital cataract	DISEASE	MONDO:0010948	cataract 10 multiple types	provenance-only:doid	54	no	KEEP-as-broadMatch	54 Mondo terms share this code; Mondo is narrower	"{source=""DOID:0110258""}"
ICD10CM:Q12.0	Congenital cataract	DISEASE	MONDO:0011015	cataract 24	provenance-only:doid	54	no	KEEP-as-broadMatch	54 Mondo terms share this code; Mondo is narrower	"{source=""DOID:0110257""}"
ICD10CM:Q12.0	Congenital cataract	DISEASE	MONDO:0011060	early-onset non-syndromic cataract	orphanet-specific	54	no	KEEP-as-broadMatch	54 Mondo terms share this code; Mondo is narrower	"{source=""Orphanet:91492"", source=""Orphanet:91492/e"", source=""Orphanet:91492/specific""}"
ICD10CM:Q12.0	Congenital cataract	DISEASE	MONDO:0011104	cataract 3 multiple types	provenance-only:doid	54	no	KEEP-as-broadMatch	54 Mondo terms share this code; Mondo is narrower	"{source=""DOID:0110269""}"
ICD10CM:Q12.0	Congenital cataract	DISEASE	MONDO:0011162	cataract 14 multiple types	provenance-only:doid	54	no	KEEP-as-broadMatch	54 Mondo terms share this code; Mondo is narrower	"{source=""DOID:0110253""}"
ICD10CM:Q12.0	Congenital cataract	DISEASE	MONDO:0011413	cataract 9 multiple types	provenance-only:doid	54	no	KEEP-as-broadMatch	54 Mondo terms share this code; Mondo is narrower	"{source=""DOID:0110266""}"
ICD10CM:Q12.0	Congenital cataract	DISEASE	MONDO:0011430	pulverulent cataract	provenance-only:orphanet	54	no	KEEP-as-broadMatch	54 Mondo terms share this code; Mondo is narrower	"{source=""Orphanet:98984"", source=""DOID:0110235""}"
ICD10CM:Q12.0	Congenital cataract	DISEASE	MONDO:0011547	cataract 31 multiple types	provenance-only:doid	54	no	KEEP-as-broadMatch	54 Mondo terms share this code; Mondo is narrower	"{source=""DOID:0110265""}"
ICD10CM:Q12.0	Congenital cataract	DISEASE	MONDO:0011587	cataract 25	provenance-only:doid	54	no	KEEP-as-broadMatch	54 Mondo terms share this code; Mondo is narrower	"{source=""DOID:0110254""}"
ICD10CM:Q12.0	Congenital cataract	DISEASE	MONDO:0011591	cataract 26 multiple types	provenance-only:doid	54	no	KEEP-as-broadMatch	54 Mondo terms share this code; Mondo is narrower	"{source=""DOID:0110246""}"
ICD10CM:Q12.0	Congenital cataract	DISEASE	MONDO:0011808	cataract 27	provenance-only:doid	54	no	KEEP-as-broadMatch	54 Mondo terms share this code; Mondo is narrower	"{source=""DOID:0110233""}"
ICD10CM:Q12.0	Congenital cataract	DISEASE	MONDO:0012260	cataract 35	provenance-only:doid	54	no	KEEP-as-broadMatch	54 Mondo terms share this code; Mondo is narrower	"{source=""DOID:0110261""}"
ICD10CM:Q12.0	Congenital cataract	DISEASE	MONDO:0012336	cataract 22 multiple types	provenance-only:doid	54	no	KEEP-as-broadMatch	54 Mondo terms share this code; Mondo is narrower	"{source=""DOID:0110268""}"
ICD10CM:Q12.0	Congenital cataract	DISEASE	MONDO:0012395	cataract 18	provenance-only:doid	54	no	KEEP-as-broadMatch	54 Mondo terms share this code; Mondo is narrower	"{source=""DOID:0110238""}"
ICD10CM:Q12.0	Congenital cataract	DISEASE	MONDO:0012437	cataract 21 multiple types	provenance-only:doid	54	no	KEEP-as-broadMatch	54 Mondo terms share this code; Mondo is narrower	"{source=""DOID:0110256""}"
ICD10CM:Q12.0	Congenital cataract	DISEASE	MONDO:0012489	cataract 23	provenance-only:doid	54	no	KEEP-as-broadMatch	54 Mondo terms share this code; Mondo is narrower	"{source=""DOID:0110271""}"
ICD10CM:Q12.0	Congenital cataract	DISEASE	MONDO:0012527	cataract 11 multiple types	provenance-only:doid	54	no	KEEP-as-broadMatch	54 Mondo terms share this code; Mondo is narrower	"{source=""DOID:0110249""}"
ICD10CM:Q12.0	Congenital cataract	DISEASE	MONDO:0012665	cataract 33	provenance-only:doid	54	no	KEEP-as-broadMatch	54 Mondo terms share this code; Mondo is narrower	"{source=""DOID:0110264""}"
ICD10CM:Q12.0	Congenital cataract	DISEASE	MONDO:0012688	cataract 17 multiple types	provenance-only:doid	54	no	KEEP-as-broadMatch	54 Mondo terms share this code; Mondo is narrower	"{source=""DOID:0110270""}"
ICD10CM:Q12.0	Congenital cataract	DISEASE	MONDO:0012701	cataract 12 multiple types	provenance-only:doid	54	no	KEEP-as-broadMatch	54 Mondo terms share this code; Mondo is narrower	"{source=""DOID:0110239""}"
ICD10CM:Q12.0	Congenital cataract	DISEASE	MONDO:0013067	cataract 34 multiple types	provenance-only:doid	54	no	KEEP-as-broadMatch	54 Mondo terms share this code; Mondo is narrower	"{source=""DOID:0110230""}"
ICD10CM:Q12.0	Congenital cataract	DISEASE	MONDO:0013411	cataract 16 multiple types	provenance-only:doid	54	no	KEEP-as-broadMatch	54 Mondo terms share this code; Mondo is narrower	"{source=""DOID:0110250""}"
ICD10CM:Q12.0	Congenital cataract	DISEASE	MONDO:0013744	cataract 37	provenance-only:doid	54	no	KEEP-as-broadMatch	54 Mondo terms share this code; Mondo is narrower	"{source=""DOID:0110252""}"
ICD10CM:Q12.0	Congenital cataract	DISEASE	MONDO:0013859	cataract 38	provenance-only:doid	54	no	KEEP-as-broadMatch	54 Mondo terms share this code; Mondo is narrower	"{source=""DOID:0110245""}"
ICD10CM:Q12.0	Congenital cataract	DISEASE	MONDO:0014075	cataract 39 multiple types	provenance-only:doid	54	no	KEEP-as-broadMatch	54 Mondo terms share this code; Mondo is narrower	"{source=""DOID:0110236""}"
ICD10CM:Q12.0	Congenital cataract	DISEASE	MONDO:0014110	cataract 15 multiple types	provenance-only:doid	54	no	KEEP-as-broadMatch	54 Mondo terms share this code; Mondo is narrower	"{source=""DOID:0110251""}"
ICD10CM:Q12.0	Congenital cataract	DISEASE	MONDO:0014111	cataract 19 multiple types	provenance-only:doid	54	no	KEEP-as-broadMatch	54 Mondo terms share this code; Mondo is narrower	"{source=""DOID:0110263""}"
ICD10CM:Q12.0	Congenital cataract	DISEASE	MONDO:0014565	cataract 43	provenance-only:doid	54	no	KEEP-as-broadMatch	54 Mondo terms share this code; Mondo is narrower	"{source=""DOID:0110259""}"
ICD10CM:Q12.0	Congenital cataract	DISEASE	MONDO:0014673	cataract 44	provenance-only:doid	54	no	KEEP-as-broadMatch	54 Mondo terms share this code; Mondo is narrower	"{source=""DOID:0110267""}"
ICD10CM:Q12.0	Congenital cataract	DISEASE	MONDO:0014799	cataract 45	provenance-only:doid	54	no	KEEP-as-broadMatch	54 Mondo terms share this code; Mondo is narrower	"{source=""DOID:0110262""}"
ICD10CM:Q12.0	Congenital cataract	DISEASE	MONDO:0015567	cataract-glaucoma syndrome	provenance-only:orphanet	54	no	KEEP-as-broadMatch	54 Mondo terms share this code; Mondo is narrower	"{source=""Orphanet:162""}"
ICD10CM:Q12.0	Congenital cataract	DISEASE	MONDO:0020372	early-onset sutural cataract	provenance-only:orphanet	54	no	KEEP-as-broadMatch	54 Mondo terms share this code; Mondo is narrower	"{source=""Orphanet:98985""}"
ICD10CM:Q12.0	Congenital cataract	DISEASE	MONDO:0020373	early-onset anterior polar cataract	provenance-only:orphanet	54	no	KEEP-as-broadMatch	54 Mondo terms share this code; Mondo is narrower	"{source=""Orphanet:98988""}"
ICD10CM:Q12.0	Congenital cataract	DISEASE	MONDO:0020374	cerulean cataract	provenance-only:orphanet	54	no	KEEP-as-broadMatch	54 Mondo terms share this code; Mondo is narrower	"{source=""Orphanet:98989"", source=""Orphanet:98989/index""}"
ICD10CM:Q12.0	Congenital cataract	DISEASE	MONDO:0020376	early-onset nuclear cataract	provenance-only:orphanet	54	no	KEEP-as-broadMatch	54 Mondo terms share this code; Mondo is narrower	"{source=""Orphanet:98991""}"
ICD10CM:Q12.0	Congenital cataract	DISEASE	MONDO:0020377	early-onset partial cataract	provenance-only:orphanet	54	no	KEEP-as-broadMatch	54 Mondo terms share this code; Mondo is narrower	"{source=""Orphanet:98992""}"
ICD10CM:Q12.0	Congenital cataract	DISEASE	MONDO:0020378	early-onset posterior polar cataract	provenance-only:orphanet	54	no	KEEP-as-broadMatch	54 Mondo terms share this code; Mondo is narrower	"{source=""Orphanet:98993""}"
ICD10CM:Q12.0	Congenital cataract	DISEASE	MONDO:0020379	early-onset zonular cataract	provenance-only:orphanet	54	no	KEEP-as-broadMatch	54 Mondo terms share this code; Mondo is narrower	"{source=""Orphanet:98995""}"
ICD10CM:Q12.0	Congenital cataract	DISEASE	MONDO:0021548	total early-onset cataract	provenance-only:orphanet	54	no	KEEP-as-broadMatch	54 Mondo terms share this code; Mondo is narrower	"{source=""Orphanet:98994""}"
ICD10CM:Q12.2	Coloboma of lens	DISEASE	MONDO:0007355	uveal coloboma-cleft lip and palate-intellectual disability	provenance-only:orphanet	2	no	KEEP-as-broadMatch	2 Mondo terms share this code; Mondo is narrower	"{source=""Orphanet:1473""}"
ICD10CM:Q12.2	Coloboma of lens	DISEASE	MONDO:0020355	coloboma of eye lens	orphanet-specific	2	no	KEEP-as-broadMatch	2 Mondo terms share this code; Mondo is narrower	"{source=""Orphanet:98943"", source=""Orphanet:98943/e"", source=""Orphanet:98943/specific""}"
ICD10CM:Q13.8	Other congenital malformations of anterior segment of eye	RESIDUAL	MONDO:0007138	anterior segment dysgenesis 1	provenance-only:doid	8	no	KEEP-as-broadMatch	ICD code is RESIDUAL; cannot be an exact equivalent	"{source=""DOID:0060605""}"
ICD10CM:Q13.8	Other congenital malformations of anterior segment of eye	RESIDUAL	MONDO:0008386	Axenfeld-Rieger syndrome type 1	provenance-only:doid	8	no	KEEP-as-broadMatch	ICD code is RESIDUAL; cannot be an exact equivalent	"{source=""DOID:0110120""}"
ICD10CM:Q13.8	Other congenital malformations of anterior segment of eye	RESIDUAL	MONDO:0011097	Axenfeld-Rieger syndrome type 2	provenance-only:doid	8	no	KEEP-as-broadMatch	ICD code is RESIDUAL; cannot be an exact equivalent	"{source=""DOID:0110121""}"
ICD10CM:Q13.8	Other congenital malformations of anterior segment of eye	RESIDUAL	MONDO:0011233	Axenfeld-Rieger syndrome type 3	provenance-only:doid	8	no	KEEP-as-broadMatch	ICD code is RESIDUAL; cannot be an exact equivalent	"{source=""DOID:0110122""}"
ICD10CM:Q13.8	Other congenital malformations of anterior segment of eye	RESIDUAL	MONDO:0015300	cataract - microcornea syndrome	provenance-only:orphanet	8	no	KEEP-as-broadMatch	ICD code is RESIDUAL; cannot be an exact equivalent	"{source=""Orphanet:1377""}"
ICD10CM:Q13.8	Other congenital malformations of anterior segment of eye	RESIDUAL	MONDO:0019187	Axenfeld-Rieger syndrome	provenance-only:orphanet	8	no	KEEP-as-broadMatch	ICD code is RESIDUAL; cannot be an exact equivalent	"{source=""Orphanet:782""}"
ICD10CM:Q13.8	Other congenital malformations of anterior segment of eye	RESIDUAL	MONDO:0019503	anterior segment dysgenesis	provenance-only:orphanet	8	no	KEEP-as-broadMatch	ICD code is RESIDUAL; cannot be an exact equivalent	"{source=""Orphanet:88632""}"
ICD10CM:Q13.8	Other congenital malformations of anterior segment of eye	RESIDUAL	MONDO:0019628	Rieger anomaly	provenance-only:orphanet	8	no	KEEP-as-broadMatch	ICD code is RESIDUAL; cannot be an exact equivalent	"{source=""Orphanet:91483/inclusion"", source=""Orphanet:91483""}"
ICD10CM:Q14.0	Congenital malformation of vitreous humor	CONTAINER	MONDO:0019631	persistent hyperplastic primary vitreous	provenance-only:orphanet	1	no	KEEP-as-broadMatch	ICD code is CONTAINER; cannot be an exact equivalent	"{source=""Orphanet:91495""}"
ICD10CM:Q14.1	Congenital malformation of retina	CONTAINER	MONDO:0008373	retinal arterial tortuosity	provenance-only:orphanet	4	no	KEEP-as-broadMatch	ICD code is CONTAINER; cannot be an exact equivalent	"{source=""Orphanet:75326/inclusion"", source=""Orphanet:75326""}"
ICD10CM:Q14.1	Congenital malformation of retina	CONTAINER	MONDO:0010722	X-linked retinal dysplasia	provenance-only:orphanet	4	no	KEEP-as-broadMatch	ICD code is CONTAINER; cannot be an exact equivalent	"{source=""Orphanet:1852""}"
ICD10CM:Q14.1	Congenital malformation of retina	CONTAINER	MONDO:0010725	X-linked retinoschisis	provenance-only:orphanet	4	no	KEEP-as-broadMatch	ICD code is CONTAINER; cannot be an exact equivalent	"{source=""DOID:0060763"", source=""Orphanet:792""}"
ICD10CM:Q14.1	Congenital malformation of retina	CONTAINER	MONDO:0020247	congenital vitreoretinal dysplasia	provenance-only:orphanet	4	no	KEEP-as-broadMatch	ICD code is CONTAINER; cannot be an exact equivalent	"{source=""Orphanet:98669""}"
ICD10CM:Q14.2	Congenital malformation of optic disc	CONTAINER	MONDO:0007354	coloboma of optic nerve	provenance-only:orphanet	2	no	KEEP-as-broadMatch	ICD code is CONTAINER; cannot be an exact equivalent	"{source=""DOID:11975"", source=""Orphanet:98947/inclusion"", source=""Orphanet:98947""}"
ICD10CM:Q14.2	Congenital malformation of optic disc	CONTAINER	MONDO:0018169	morning glory syndrome	provenance-only:orphanet	2	no	KEEP-as-broadMatch	ICD code is CONTAINER; cannot be an exact equivalent	"{source=""Orphanet:35737""}"
ICD10CM:Q14.8	Other congenital malformations of posterior segment of eye	RESIDUAL	MONDO:0007351	coloboma of macula	provenance-only:orphanet	4	no	KEEP-as-broadMatch	ICD code is RESIDUAL; cannot be an exact equivalent	"{source=""Orphanet:98945""}"
ICD10CM:Q14.8	Other congenital malformations of posterior segment of eye	RESIDUAL	MONDO:0008927	colobomatous optic disc-macular atrophy-chorioretinopathy syndrome	provenance-only:orphanet	4	no	KEEP-as-broadMatch	ICD code is RESIDUAL; cannot be an exact equivalent	"{source=""Orphanet:435930""}"
ICD10CM:Q14.8	Other congenital malformations of posterior segment of eye	RESIDUAL	MONDO:0018145	congenital retinal arteriovenous communication	provenance-only:orphanet	4	no	KEEP-as-broadMatch	ICD code is RESIDUAL; cannot be an exact equivalent	"{source=""Orphanet:353334""}"
ICD10CM:Q14.8	Other congenital malformations of posterior segment of eye	RESIDUAL	MONDO:0020354	coloboma of choroid and retina	provenance-only:orphanet	4	no	KEEP-as-broadMatch	ICD code is RESIDUAL; cannot be an exact equivalent	"{source=""Orphanet:98942""}"
ICD10CM:Q15.0	Congenital glaucoma	DISEASE	MONDO:0020366	congenital glaucoma	orphanet-specific	2	match	KEEP-as-broadMatch	2 Mondo terms share this code; Mondo is narrower	"{source=""Orphanet:98976"", source=""Orphanet:98976/e"", source=""Orphanet:98976/specific"", source=""DOID:11212""}"
ICD10CM:Q15.0	Congenital glaucoma	DISEASE	MONDO:0020368	Axenfeld anomaly	provenance-only:orphanet	2	no	KEEP-as-broadMatch	2 Mondo terms share this code; Mondo is narrower	"{source=""Orphanet:98978"", source=""Orphanet:98978/index""}"
ICD10CM:Q15.8	Other specified congenital malformations of eye	RESIDUAL	MONDO:0007202	blepharoptosis-myopia-ectopia lentis syndrome	provenance-only:orphanet	13	no	KEEP-as-broadMatch	ICD code is RESIDUAL; cannot be an exact equivalent	"{source=""Orphanet:1259""}"
ICD10CM:Q15.8	Other specified congenital malformations of eye	RESIDUAL	MONDO:0007992	microcornea-glaucoma-absent frontal sinuses syndrome	provenance-only:orphanet	13	no	KEEP-as-broadMatch	ICD code is RESIDUAL; cannot be an exact equivalent	"{source=""Orphanet:2536""}"
ICD10CM:Q15.8	Other specified congenital malformations of eye	RESIDUAL	MONDO:0010649	isolated congenital megalocornea	provenance-only:orphanet	13	no	KEEP-as-broadMatch	ICD code is RESIDUAL; cannot be an exact equivalent	"{source=""Orphanet:91489""}"
ICD10CM:Q15.8	Other specified congenital malformations of eye	RESIDUAL	MONDO:0012216	foveal hypoplasia - optic nerve decussation defect - anterior segment dysgenesis syndrome	provenance-only:orphanet	13	no	KEEP-as-broadMatch	ICD code is RESIDUAL; cannot be an exact equivalent	"{source=""Orphanet:397618""}"
ICD10CM:Q15.8	Other specified congenital malformations of eye	RESIDUAL	MONDO:0012605	isolated microphthalmia 5	provenance-only:orphanet	13	no	KEEP-as-broadMatch	ICD code is RESIDUAL; cannot be an exact equivalent	"{source=""Orphanet:251279"", source=""DOID:0060837""}"
ICD10CM:Q15.8	Other specified congenital malformations of eye	RESIDUAL	MONDO:0012739	microtia-eye coloboma-imperforation of the nasolacrimal duct syndrome	provenance-only:orphanet	13	no	KEEP-as-broadMatch	ICD code is RESIDUAL; cannot be an exact equivalent	"{source=""Orphanet:139450""}"
ICD10CM:Q15.8	Other specified congenital malformations of eye	RESIDUAL	MONDO:0014195	microcornea-myopic chorioretinal atrophy	provenance-only:orphanet	13	no	KEEP-as-broadMatch	ICD code is RESIDUAL; cannot be an exact equivalent	"{source=""Orphanet:369970""}"
ICD10CM:Q15.8	Other specified congenital malformations of eye	RESIDUAL	MONDO:0015997	ectopia lentis-chorioretinal dystrophy-myopia syndrome	provenance-only:orphanet	13	no	KEEP-as-broadMatch	ICD code is RESIDUAL; cannot be an exact equivalent	"{source=""Orphanet:1884""}"
ICD10CM:Q15.8	Other specified congenital malformations of eye	RESIDUAL	MONDO:0016509	microcornea-posterior megalolenticonus-persistent fetal vasculature-coloboma syndrome	provenance-only:orphanet	13	no	KEEP-as-broadMatch	ICD code is RESIDUAL; cannot be an exact equivalent	"{source=""Orphanet:231736""}"
ICD10CM:Q15.8	Other specified congenital malformations of eye	RESIDUAL	MONDO:0016559	glaucoma secondary to spherophakia/ectopia lentis and megalocornea	provenance-only:orphanet	13	no	KEEP-as-broadMatch	ICD code is RESIDUAL; cannot be an exact equivalent	"{source=""Orphanet:238763""}"
ICD10CM:Q15.8	Other specified congenital malformations of eye	RESIDUAL	MONDO:0016762	microcornea-corectopia-macular hypoplasia syndrome	provenance-only:orphanet	13	no	KEEP-as-broadMatch	ICD code is RESIDUAL; cannot be an exact equivalent	"{source=""Orphanet:2535""}"
ICD10CM:Q15.8	Other specified congenital malformations of eye	RESIDUAL	MONDO:0031322	triopia	provenance-only:orphanet	13	no	KEEP-as-broadMatch	ICD code is RESIDUAL; cannot be an exact equivalent	"{source=""MONDO:mondoIsNarrowerThanSource."", source=""Orphanet:3374""}"
ICD10CM:Q15.8	Other specified congenital malformations of eye	RESIDUAL	MONDO:0800167	Knobloch syndrome 1	provenance-only:orphanet	13	no	KEEP-as-broadMatch	ICD code is RESIDUAL; cannot be an exact equivalent	"{source=""Orphanet:1571""}"
ICD10CM:Q16.1	Congenital absence, atresia and stricture of auditory canal (external)	CONTAINER	MONDO:0019780	anotia	orphanet-specific	1	no	KEEP-as-broadMatch	ICD code is CONTAINER; cannot be an exact equivalent	"{source=""Orphanet:93976/specific"", source=""Orphanet:93976/nd"", source=""Orphanet:93976""}"
ICD10CM:Q16.3	Congenital malformation of ear ossicles	CONTAINER	MONDO:0015570	isolated congenital auditory ossicle malformation	orphanet-exact	2	no	KEEP-as-broadMatch	ICD code is CONTAINER; cannot be an exact equivalent	"{source=""Orphanet:162526/e"", source=""Orphanet:162526""}"
ICD10CM:Q16.3	Congenital malformation of ear ossicles	CONTAINER	MONDO:0015604	middle ear anomaly	orphanet-btnt	2	no	KEEP-as-broadMatch	ICD code is CONTAINER; cannot be an exact equivalent	"{source=""Orphanet:164004"", source=""Orphanet:164004/btnt""}"
ICD10CM:Q16.4	Other congenital malformations of middle ear	RESIDUAL	MONDO:0015604	middle ear anomaly	orphanet-btnt	1	no	KEEP-as-broadMatch	ICD code is RESIDUAL; cannot be an exact equivalent	"{source=""Orphanet:164004"", source=""Orphanet:164004/btnt""}"
ICD10CM:Q16.5	Congenital malformation of inner ear	CONTAINER	MONDO:0012541	deafness with labyrinthine aplasia, microtia, and microdontia	provenance-only:orphanet	1	no	KEEP-as-broadMatch	ICD code is CONTAINER; cannot be an exact equivalent	"{source=""Orphanet:90024""}"
ICD10CM:Q18.0	Sinus, fistula and cyst of branchial cleft	CONTAINER	MONDO:0007233	second branchial cleft anomaly	provenance-only:orphanet	5	no	KEEP-as-broadMatch	ICD code is CONTAINER; cannot be an exact equivalent	"{source=""Orphanet:141022""}"
ICD10CM:Q18.0	Sinus, fistula and cyst of branchial cleft	CONTAINER	MONDO:0015376	first branchial cleft anomaly	provenance-only:orphanet	5	no	KEEP-as-broadMatch	ICD code is CONTAINER; cannot be an exact equivalent	"{source=""Orphanet:141013""}"
ICD10CM:Q18.0	Sinus, fistula and cyst of branchial cleft	CONTAINER	MONDO:0015377	third branchial cleft anomaly	provenance-only:orphanet	5	no	KEEP-as-broadMatch	ICD code is CONTAINER; cannot be an exact equivalent	"{source=""Orphanet:141030""}"
ICD10CM:Q18.0	Sinus, fistula and cyst of branchial cleft	CONTAINER	MONDO:0015378	fourth branchial cleft anomaly	provenance-only:orphanet	5	no	KEEP-as-broadMatch	ICD code is CONTAINER; cannot be an exact equivalent	"{source=""Orphanet:141037""}"
ICD10CM:Q18.0	Sinus, fistula and cyst of branchial cleft	CONTAINER	MONDO:0015476	cysts and fistulae of the face and oral cavity	provenance-only:orphanet	5	no	KEEP-as-broadMatch	ICD code is CONTAINER; cannot be an exact equivalent	"{source=""Orphanet:155835""}"
ICD10CM:Q18.2	Other branchial cleft malformations	RESIDUAL	MONDO:0008740	agnathia-otocephaly complex	provenance-only:doid	1	no	KEEP-as-broadMatch	ICD code is RESIDUAL; cannot be an exact equivalent	"{source=""DOID:0060341""}"
ICD10CM:Q18.8	Other specified congenital malformations of face and neck	RESIDUAL	MONDO:0007235	branchiooculofacial syndrome	provenance-only:orphanet	14	no	KEEP-as-broadMatch	ICD code is RESIDUAL; cannot be an exact equivalent	"{source=""Orphanet:1297""}"
ICD10CM:Q18.8	Other specified congenital malformations of face and neck	RESIDUAL	MONDO:0007904	median nodule of the upper lip	provenance-only:orphanet	14	no	KEEP-as-broadMatch	ICD code is RESIDUAL; cannot be an exact equivalent	"{source=""Orphanet:2699""}"
ICD10CM:Q18.8	Other specified congenital malformations of face and neck	RESIDUAL	MONDO:0010850	Tessier number 4 facial cleft	provenance-only:orphanet	14	no	KEEP-as-broadMatch	ICD code is RESIDUAL; cannot be an exact equivalent	"{source=""Orphanet:141258""}"
ICD10CM:Q18.8	Other specified congenital malformations of face and neck	RESIDUAL	MONDO:0010921	nasal dermoid cyst	provenance-only:orphanet	14	no	KEEP-as-broadMatch	ICD code is RESIDUAL; cannot be an exact equivalent	"{source=""Orphanet:141103""}"
ICD10CM:Q18.8	Other specified congenital malformations of face and neck	RESIDUAL	MONDO:0015379	cervical dermoid cyst	provenance-only:orphanet	14	no	KEEP-as-broadMatch	ICD code is RESIDUAL; cannot be an exact equivalent	"{source=""Orphanet:141046""}"
ICD10CM:Q18.8	Other specified congenital malformations of face and neck	RESIDUAL	MONDO:0015380	facial dermoid cyst	provenance-only:orphanet	14	no	KEEP-as-broadMatch	ICD code is RESIDUAL; cannot be an exact equivalent	"{source=""Orphanet:141051""}"
ICD10CM:Q18.8	Other specified congenital malformations of face and neck	RESIDUAL	MONDO:0015410	nasal dorsum fistula/cyst	provenance-only:orphanet	14	no	KEEP-as-broadMatch	ICD code is RESIDUAL; cannot be an exact equivalent	"{source=""Orphanet:141219""}"
ICD10CM:Q18.8	Other specified congenital malformations of face and neck	RESIDUAL	MONDO:0015411	facial cleft	provenance-only:orphanet	14	no	KEEP-as-broadMatch	ICD code is RESIDUAL; cannot be an exact equivalent	"{source=""Orphanet:141229""}"
ICD10CM:Q18.8	Other specified congenital malformations of face and neck	RESIDUAL	MONDO:0015413	median cleft of the upper lip and maxilla	provenance-only:orphanet	14	no	KEEP-as-broadMatch	ICD code is RESIDUAL; cannot be an exact equivalent	"{source=""Orphanet:141239""}"
ICD10CM:Q18.8	Other specified congenital malformations of face and neck	RESIDUAL	MONDO:0015414	paramedian nasal cleft	provenance-only:orphanet	14	no	KEEP-as-broadMatch	ICD code is RESIDUAL; cannot be an exact equivalent	"{source=""Orphanet:141242""}"
ICD10CM:Q18.8	Other specified congenital malformations of face and neck	RESIDUAL	MONDO:0015416	Tessier number 5 facial cleft	provenance-only:orphanet	14	no	KEEP-as-broadMatch	ICD code is RESIDUAL; cannot be an exact equivalent	"{source=""Orphanet:141261""}"
ICD10CM:Q18.8	Other specified congenital malformations of face and neck	RESIDUAL	MONDO:0015417	Tessier number 6 facial cleft	provenance-only:orphanet	14	no	KEEP-as-broadMatch	ICD code is RESIDUAL; cannot be an exact equivalent	"{source=""Orphanet:141265""}"
ICD10CM:Q18.8	Other specified congenital malformations of face and neck	RESIDUAL	MONDO:0015419	midline cervical cleft	provenance-only:orphanet	14	no	KEEP-as-broadMatch	ICD code is RESIDUAL; cannot be an exact equivalent	"{source=""Orphanet:141288""}"
ICD10CM:Q18.8	Other specified congenital malformations of face and neck	RESIDUAL	MONDO:0015477	pinnae fistula or cyst	provenance-only:orphanet	14	no	KEEP-as-broadMatch	ICD code is RESIDUAL; cannot be an exact equivalent	"{source=""Orphanet:155838""}"
ICD10CM:Q20-Q28	Congenital malformations of the circulatory system (Q20-Q28)	BLOCK	MONDO:0024239	congenital anomaly of cardiovascular system	provenance-only:other	1	no	KEEP-as-broadMatch	ICD code is BLOCK; cannot be an exact equivalent	"{source=""https://github.com/monarch-initiative/mondo/issues/4536"", source=""https://orcid.org/0000-0001-5208-3432"", source=""https://orcid.org/0000-0002-4142-7153""}"
ICD10CM:Q20.3	Discordant ventriculoarterial connection	DISEASE	MONDO:0000153	transposition of the great arteries	orphanet-btnt	6	no	KEEP-as-broadMatch	6 Mondo terms share this code; Mondo is narrower	"{source=""Orphanet:216675/btnt"", source=""Orphanet:216675""}"
ICD10CM:Q20.3	Discordant ventriculoarterial connection	DISEASE	MONDO:0013463	congenital heart defects, multiple types, 6	provenance-only:doid	6	no	KEEP-as-broadMatch	6 Mondo terms share this code; Mondo is narrower	"{source=""DOID:0060772""}"
ICD10CM:Q20.3	Discordant ventriculoarterial connection	DISEASE	MONDO:0016302	isolated congenitally uncorrected transposition of the great arteries	provenance-only:orphanet	6	no	KEEP-as-broadMatch	6 Mondo terms share this code; Mondo is narrower	"{source=""Orphanet:216718""}"
ICD10CM:Q20.3	Discordant ventriculoarterial connection	DISEASE	MONDO:0016303	congenitally uncorrected transposition of the great arteries with cardiac malformation	provenance-only:orphanet	6	no	KEEP-as-broadMatch	6 Mondo terms share this code; Mondo is narrower	"{source=""Orphanet:216729""}"
ICD10CM:Q20.3	Discordant ventriculoarterial connection	DISEASE	MONDO:0019443	dextro-looped transposition of the great arteries	provenance-only:orphanet	6	no	KEEP-as-broadMatch	6 Mondo terms share this code; Mondo is narrower	"{source=""DOID:0060770"", source=""Orphanet:860/inclusion"", source=""Orphanet:860""}"
ICD10CM:Q20.3	Discordant ventriculoarterial connection	DISEASE	MONDO:0020385	congenitally uncorrected transposition of the great arteries with coarctation	provenance-only:orphanet	6	no	KEEP-as-broadMatch	6 Mondo terms share this code; Mondo is narrower	"{source=""Orphanet:99042""}"
ICD10CM:Q20.4	Double inlet ventricle	DISEASE	MONDO:0015451	univentricular heart	orphanet-exact	2	no	KEEP-as-broadMatch	2 Mondo terms share this code; Mondo is narrower	"{source=""Orphanet:1464"", source=""Orphanet:1464/e""}"
ICD10CM:Q20.4	Double inlet ventricle	DISEASE	MONDO:0020409	univentricular heart with single atrio-ventricular valve	provenance-only:orphanet	2	no	KEEP-as-broadMatch	2 Mondo terms share this code; Mondo is narrower	"{source=""Orphanet:99069""}"
ICD10CM:Q20.8	Other congenital malformations of cardiac chambers and connections	RESIDUAL	MONDO:0015666	familial idiopathic dilatation of the right atrium	provenance-only:orphanet	7	no	KEEP-as-broadMatch	ICD code is RESIDUAL; cannot be an exact equivalent	"{source=""Orphanet:1677""}"
ICD10CM:Q20.8	Other congenital malformations of cardiac chambers and connections	RESIDUAL	MONDO:0018082	aorto-ventricular tunnel	provenance-only:orphanet	7	no	KEEP-as-broadMatch	ICD code is RESIDUAL; cannot be an exact equivalent	"{source=""Orphanet:3400""}"
ICD10CM:Q20.8	Other congenital malformations of cardiac chambers and connections	RESIDUAL	MONDO:0020410	aorto-right ventricular tunnel	provenance-only:orphanet	7	no	KEEP-as-broadMatch	ICD code is RESIDUAL; cannot be an exact equivalent	"{source=""Orphanet:99070""}"
ICD10CM:Q20.8	Other congenital malformations of cardiac chambers and connections	RESIDUAL	MONDO:0020411	aorto-left ventricular tunnel	provenance-only:orphanet	7	no	KEEP-as-broadMatch	ICD code is RESIDUAL; cannot be an exact equivalent	"{source=""Orphanet:99071""}"
ICD10CM:Q20.8	Other congenital malformations of cardiac chambers and connections	RESIDUAL	MONDO:0020431	juxtaposition of the atrial appendages	provenance-only:orphanet	7	no	KEEP-as-broadMatch	ICD code is RESIDUAL; cannot be an exact equivalent	"{source=""Orphanet:99100""}"
ICD10CM:Q20.8	Other congenital malformations of cardiac chambers and connections	RESIDUAL	MONDO:0020432	ectasia of the right atrial appendage	provenance-only:orphanet	7	no	KEEP-as-broadMatch	ICD code is RESIDUAL; cannot be an exact equivalent	"{source=""Orphanet:99101""}"
ICD10CM:Q20.8	Other congenital malformations of cardiac chambers and connections	RESIDUAL	MONDO:0020433	ectasia of the left appendage	provenance-only:orphanet	7	no	KEEP-as-broadMatch	ICD code is RESIDUAL; cannot be an exact equivalent	"{source=""Orphanet:99102""}"
ICD10CM:Q21	Congenital malformations of cardiac septa	CONTAINER	MONDO:0002078	heart septal defect	provenance-only:doid	1	no	KEEP-as-broadMatch	ICD code is CONTAINER; cannot be an exact equivalent	"{source=""DOID:1681""}"
ICD10CM:Q21.9	Congenital malformation of cardiac septum, unspecified	RESIDUAL	MONDO:0002078	heart septal defect	provenance-only:doid	1	no	KEEP-as-broadMatch	ICD code is RESIDUAL; cannot be an exact equivalent	"{source=""DOID:1681""}"
ICD10CM:Q22.2	Congenital pulmonary valve insufficiency	DISEASE	MONDO:0015103	pulmonary valve agenesis-tetralogy of fallot-absence of ductus arteriosus syndrome	provenance-only:orphanet	3	no	KEEP-as-broadMatch	3 Mondo terms share this code; Mondo is narrower	"{source=""Orphanet:101206""}"
ICD10CM:Q22.2	Congenital pulmonary valve insufficiency	DISEASE	MONDO:0020064	pulmonary valve agenesis	provenance-only:orphanet	3	no	KEEP-as-broadMatch	3 Mondo terms share this code; Mondo is narrower	"{source=""Orphanet:982""}"
ICD10CM:Q22.2	Congenital pulmonary valve insufficiency	DISEASE	MONDO:0020389	pulmonary valve agenesis-ventricular septal defect-persistent ductus arteriosus syndrome	provenance-only:orphanet	3	no	KEEP-as-broadMatch	3 Mondo terms share this code; Mondo is narrower	"{source=""Orphanet:99048""}"
ICD10CM:Q22.8	Other congenital malformations of tricuspid valve	RESIDUAL	MONDO:0007001	tricuspid valve prolapse	provenance-only:orphanet	6	no	KEEP-as-broadMatch	ICD code is RESIDUAL; cannot be an exact equivalent	"{source=""Orphanet:95458""}"
ICD10CM:Q22.8	Other congenital malformations of tricuspid valve	RESIDUAL	MONDO:0019814	straddling or overriding tricuspid valve	provenance-only:orphanet	6	no	KEEP-as-broadMatch	ICD code is RESIDUAL; cannot be an exact equivalent	"{source=""Orphanet:95461""}"
ICD10CM:Q22.8	Other congenital malformations of tricuspid valve	RESIDUAL	MONDO:0019815	accessory tricuspid valve tissue	provenance-only:orphanet	6	no	KEEP-as-broadMatch	ICD code is RESIDUAL; cannot be an exact equivalent	"{source=""Orphanet:95462""}"
ICD10CM:Q22.8	Other congenital malformations of tricuspid valve	RESIDUAL	MONDO:0020289	congenital tricuspid malformation	orphanet-btnt	6	no	KEEP-as-broadMatch	ICD code is RESIDUAL; cannot be an exact equivalent	"{source=""Orphanet:98721"", source=""Orphanet:98721/btnt""}"
ICD10CM:Q22.8	Other congenital malformations of tricuspid valve	RESIDUAL	MONDO:0020396	anomaly of the tricuspid valve chordae	provenance-only:orphanet	6	no	KEEP-as-broadMatch	ICD code is RESIDUAL; cannot be an exact equivalent	"{source=""Orphanet:99055""}"
ICD10CM:Q22.8	Other congenital malformations of tricuspid valve	RESIDUAL	MONDO:0020397	parachute tricuspid valve	provenance-only:orphanet	6	no	KEEP-as-broadMatch	ICD code is RESIDUAL; cannot be an exact equivalent	"{source=""Orphanet:99056""}"
ICD10CM:Q22.9	Congenital malformation of tricuspid valve, unspecified	RESIDUAL	MONDO:0020289	congenital tricuspid malformation	orphanet-btnt	1	no	KEEP-as-broadMatch	ICD code is RESIDUAL; cannot be an exact equivalent	"{source=""Orphanet:98721"", source=""Orphanet:98721/btnt""}"
ICD10CM:Q23.0	Congenital stenosis of aortic valve	DISEASE	MONDO:0015097	aortic valve dysplasia	provenance-only:orphanet	4	no	KEEP-as-broadMatch	4 Mondo terms share this code; Mondo is narrower	"{source=""Orphanet:101043""}"
ICD10CM:Q23.0	Congenital stenosis of aortic valve	DISEASE	MONDO:0017735	congenital aortic valve stenosis	orphanet-exact	4	no	KEEP-as-broadMatch	4 Mondo terms share this code; Mondo is narrower	"{source=""Orphanet:3093"", source=""Orphanet:3093/e""}"
ICD10CM:Q23.0	Congenital stenosis of aortic valve	DISEASE	MONDO:0019808	aortic valve atresia	provenance-only:orphanet	4	no	KEEP-as-broadMatch	4 Mondo terms share this code; Mondo is narrower	"{source=""Orphanet:95448""}"
ICD10CM:Q23.0	Congenital stenosis of aortic valve	DISEASE	MONDO:0042981	aortic valve stenosis	provenance-only:doid	4	no	KEEP-as-broadMatch	4 Mondo terms share this code; Mondo is narrower	"{source=""DOID:1712""}"
ICD10CM:Q23.8	Other congenital malformations of aortic and mitral valves	RESIDUAL	MONDO:0010574	syndromic X-linked intellectual disability 5	provenance-only:orphanet	6	no	KEEP-as-broadMatch	ICD code is RESIDUAL; cannot be an exact equivalent	"{source=""Orphanet:1568""}"
ICD10CM:Q23.8	Other congenital malformations of aortic and mitral valves	RESIDUAL	MONDO:0015109	congenital anomaly of the mitral subvalvular apparatus	provenance-only:orphanet	6	no	KEEP-as-broadMatch	ICD code is RESIDUAL; cannot be an exact equivalent	"{source=""Orphanet:101932""}"
ICD10CM:Q23.8	Other congenital malformations of aortic and mitral valves	RESIDUAL	MONDO:0019819	double-orifice mitral valve	provenance-only:orphanet	6	no	KEEP-as-broadMatch	ICD code is RESIDUAL; cannot be an exact equivalent	"{source=""Orphanet:95474""}"
ICD10CM:Q23.8	Other congenital malformations of aortic and mitral valves	RESIDUAL	MONDO:0020402	congenital accessory mitral valve tissue	provenance-only:orphanet	6	no	KEEP-as-broadMatch	ICD code is RESIDUAL; cannot be an exact equivalent	"{source=""Orphanet:99061""}"
ICD10CM:Q23.8	Other congenital malformations of aortic and mitral valves	RESIDUAL	MONDO:0020404	shone complex	provenance-only:orphanet	6	no	KEEP-as-broadMatch	ICD code is RESIDUAL; cannot be an exact equivalent	"{source=""Orphanet:99063""}"
ICD10CM:Q23.8	Other congenital malformations of aortic and mitral valves	RESIDUAL	MONDO:0020405	straddling and/or overriding mitral valve	provenance-only:orphanet	6	no	KEEP-as-broadMatch	ICD code is RESIDUAL; cannot be an exact equivalent	"{source=""Orphanet:99064""}"
ICD10CM:Q24.5	Malformation of coronary vessels	DISEASE	MONDO:0015203	coronary artery congenital malformation	orphanet-exact	9	no	KEEP-as-broadMatch	9 Mondo terms share this code; Mondo is narrower	"{source=""Orphanet:1081/e"", source=""Orphanet:1081""}"
ICD10CM:Q24.5	Malformation of coronary vessels	DISEASE	MONDO:0016081	coronary arterial fistulas	provenance-only:orphanet	9	no	KEEP-as-broadMatch	9 Mondo terms share this code; Mondo is narrower	"{source=""Orphanet:2041""}"
ICD10CM:Q24.5	Malformation of coronary vessels	DISEASE	MONDO:0019825	congenital coronary artery aneurysm	provenance-only:orphanet	9	no	KEEP-as-broadMatch	9 Mondo terms share this code; Mondo is narrower	"{source=""Orphanet:95491""}"
ICD10CM:Q24.5	Malformation of coronary vessels	DISEASE	MONDO:0020421	coronary artery intramyocardial course	provenance-only:orphanet	9	no	KEEP-as-broadMatch	9 Mondo terms share this code; Mondo is narrower	"{source=""Orphanet:99085""}"
ICD10CM:Q24.5	Malformation of coronary vessels	DISEASE	MONDO:0020422	aortopulmonary coronary arterial course	provenance-only:orphanet	9	no	KEEP-as-broadMatch	9 Mondo terms share this code; Mondo is narrower	"{source=""Orphanet:99086""}"
ICD10CM:Q24.5	Malformation of coronary vessels	DISEASE	MONDO:0020423	stenosis or atrophy of the coronary ostium	provenance-only:orphanet	9	no	KEEP-as-broadMatch	9 Mondo terms share this code; Mondo is narrower	"{source=""Orphanet:99087""}"
ICD10CM:Q24.5	Malformation of coronary vessels	DISEASE	MONDO:0020424	intramural coronary arterial course	provenance-only:orphanet	9	no	KEEP-as-broadMatch	9 Mondo terms share this code; Mondo is narrower	"{source=""Orphanet:99088""}"
ICD10CM:Q24.5	Malformation of coronary vessels	DISEASE	MONDO:0020425	abnormal number of coronary ostia	provenance-only:orphanet	9	no	KEEP-as-broadMatch	9 Mondo terms share this code; Mondo is narrower	"{source=""Orphanet:99089""}"
ICD10CM:Q24.5	Malformation of coronary vessels	DISEASE	MONDO:0020426	malposition of the coronary ostium	provenance-only:orphanet	9	no	KEEP-as-broadMatch	9 Mondo terms share this code; Mondo is narrower	"{source=""Orphanet:99090""}"
ICD10CM:Q24.8	Other specified congenital malformations of heart	RESIDUAL	MONDO:0007152	arrhythmogenic right ventricular dysplasia 1	provenance-only:doid	13	no	KEEP-as-broadMatch	ICD code is RESIDUAL; cannot be an exact equivalent	"{source=""DOID:0110070""}"
ICD10CM:Q24.8	Other specified congenital malformations of heart	RESIDUAL	MONDO:0010753	cardiac valvular dysplasia, X-linked	provenance-only:orphanet	13	no	KEEP-as-broadMatch	ICD code is RESIDUAL; cannot be an exact equivalent	"{source=""Orphanet:1864""}"
ICD10CM:Q24.8	Other specified congenital malformations of heart	RESIDUAL	MONDO:0015449	criss-cross heart	provenance-only:orphanet	13	no	KEEP-as-broadMatch	ICD code is RESIDUAL; cannot be an exact equivalent	"{source=""Orphanet:1461""}"
ICD10CM:Q24.8	Other specified congenital malformations of heart	RESIDUAL	MONDO:0015677	cardiac diverticulum	provenance-only:orphanet	13	no	KEEP-as-broadMatch	ICD code is RESIDUAL; cannot be an exact equivalent	"{source=""Orphanet:1686""}"
ICD10CM:Q24.8	Other specified congenital malformations of heart	RESIDUAL	MONDO:0016515	Kallmann syndrome-heart disease syndrome	provenance-only:orphanet	13	no	KEEP-as-broadMatch	ICD code is RESIDUAL; cannot be an exact equivalent	"{source=""Orphanet:2326""}"
ICD10CM:Q24.8	Other specified congenital malformations of heart	RESIDUAL	MONDO:0017300	congenital pericardium anomaly	provenance-only:orphanet	13	no	KEEP-as-broadMatch	ICD code is RESIDUAL; cannot be an exact equivalent	"{source=""Orphanet:2846""}"
ICD10CM:Q24.8	Other specified congenital malformations of heart	RESIDUAL	MONDO:0018084	Uhl anomaly	provenance-only:orphanet	13	no	KEEP-as-broadMatch	ICD code is RESIDUAL; cannot be an exact equivalent	"{source=""Orphanet:3403""}"
ICD10CM:Q24.8	Other specified congenital malformations of heart	RESIDUAL	MONDO:0018499	double outlet right ventricle with atrioventricular septal defect, pulmonary stenosis, heterotaxy	provenance-only:orphanet	13	no	KEEP-as-broadMatch	ICD code is RESIDUAL; cannot be an exact equivalent	"{source=""Orphanet:423712""}"
ICD10CM:Q24.8	Other specified congenital malformations of heart	RESIDUAL	MONDO:0018664	ectopia cordis	provenance-only:orphanet	13	no	KEEP-as-broadMatch	ICD code is RESIDUAL; cannot be an exact equivalent	"{source=""Orphanet:448270""}"
ICD10CM:Q24.8	Other specified congenital malformations of heart	RESIDUAL	MONDO:0019807	mesocardia	provenance-only:orphanet	13	no	KEEP-as-broadMatch	ICD code is RESIDUAL; cannot be an exact equivalent	"{source=""Orphanet:95443""}"
ICD10CM:Q24.8	Other specified congenital malformations of heart	RESIDUAL	MONDO:0020454	congenital complete agenesis of pericardium	provenance-only:orphanet	13	no	KEEP-as-broadMatch	ICD code is RESIDUAL; cannot be an exact equivalent	"{source=""Orphanet:99129""}"
ICD10CM:Q24.8	Other specified congenital malformations of heart	RESIDUAL	MONDO:0020455	congenital partial agenesis of pericardium	provenance-only:orphanet	13	no	KEEP-as-broadMatch	ICD code is RESIDUAL; cannot be an exact equivalent	"{source=""Orphanet:99130""}"
ICD10CM:Q24.8	Other specified congenital malformations of heart	RESIDUAL	MONDO:0020456	pleuro-pericardial cyst	provenance-only:orphanet	13	no	KEEP-as-broadMatch	ICD code is RESIDUAL; cannot be an exact equivalent	"{source=""Orphanet:99131""}"
ICD10CM:Q24.9	Congenital malformation of heart, unspecified	RESIDUAL	MONDO:0005453	congenital heart disease	provenance-only:doid	1	no	KEEP-as-broadMatch	ICD code is RESIDUAL; cannot be an exact equivalent	"{source=""DOID:1682""}"
ICD10CM:Q25.4	Other congenital malformations of aorta	RESIDUAL	MONDO:0009010	aortic arch interruption	provenance-only:orphanet	11	no	KEEP-as-broadMatch	ICD code is RESIDUAL; cannot be an exact equivalent	"{source=""Orphanet:2299""}"
ICD10CM:Q25.4	Other congenital malformations of aorta	RESIDUAL	MONDO:0015197	aneurysm of sinus of Valsalva	provenance-only:orphanet	11	no	KEEP-as-broadMatch	ICD code is RESIDUAL; cannot be an exact equivalent	"{source=""Orphanet:1054""}"
ICD10CM:Q25.4	Other congenital malformations of aorta	RESIDUAL	MONDO:0015236	aortic arch defects	provenance-only:orphanet	11	no	KEEP-as-broadMatch	ICD code is RESIDUAL; cannot be an exact equivalent	"{source=""Orphanet:1132""}"
ICD10CM:Q25.4	Other congenital malformations of aorta	RESIDUAL	MONDO:0017991	Takayasu arteritis	provenance-only:orphanet	11	no	KEEP-as-broadMatch	ICD code is RESIDUAL; cannot be an exact equivalent	"{source=""Orphanet:99079""}"
ICD10CM:Q25.4	Other congenital malformations of aorta	RESIDUAL	MONDO:0019821	aneurysm or dilatation of ascending aorta	provenance-only:orphanet	11	no	KEEP-as-broadMatch	ICD code is RESIDUAL; cannot be an exact equivalent	"{source=""Orphanet:95484""}"
ICD10CM:Q25.4	Other congenital malformations of aorta	RESIDUAL	MONDO:0020413	encircling double aortic arch	provenance-only:orphanet	11	no	KEEP-as-broadMatch	ICD code is RESIDUAL; cannot be an exact equivalent	"{source=""Orphanet:99075""}"
ICD10CM:Q25.4	Other congenital malformations of aorta	RESIDUAL	MONDO:0020414	persistent fifth aortic arch	provenance-only:orphanet	11	no	KEEP-as-broadMatch	ICD code is RESIDUAL; cannot be an exact equivalent	"{source=""Orphanet:99076""}"
ICD10CM:Q25.4	Other congenital malformations of aorta	RESIDUAL	MONDO:0020415	Kommerell diverticulum	provenance-only:orphanet	11	no	KEEP-as-broadMatch	ICD code is RESIDUAL; cannot be an exact equivalent	"{source=""Orphanet:99077""}"
ICD10CM:Q25.4	Other congenital malformations of aorta	RESIDUAL	MONDO:0020416	Neuhauser anomaly	provenance-only:orphanet	11	no	KEEP-as-broadMatch	ICD code is RESIDUAL; cannot be an exact equivalent	"{source=""Orphanet:99078""}"
ICD10CM:Q25.4	Other congenital malformations of aorta	RESIDUAL	MONDO:0020417	right aortic arch	provenance-only:orphanet	11	no	KEEP-as-broadMatch	ICD code is RESIDUAL; cannot be an exact equivalent	"{source=""Orphanet:99081""}"
ICD10CM:Q25.4	Other congenital malformations of aorta	RESIDUAL	MONDO:0020418	dysphagia lusoria	provenance-only:orphanet	11	no	KEEP-as-broadMatch	ICD code is RESIDUAL; cannot be an exact equivalent	"{source=""Orphanet:99082""}"
ICD10CM:Q25.6	Stenosis of pulmonary artery	DISEASE	MONDO:0017870	supravalvular pulmonary stenosis	orphanet-exact	2	no	KEEP-as-broadMatch	2 Mondo terms share this code; Mondo is narrower	"{source=""Orphanet:3192"", source=""Orphanet:3192/e""}"
ICD10CM:Q25.6	Stenosis of pulmonary artery	DISEASE	MONDO:0020420	pulmonary branch stenosis	orphanet-exact	2	no	KEEP-as-broadMatch	2 Mondo terms share this code; Mondo is narrower	"{source=""Orphanet:99084"", source=""Orphanet:99084/e""}"
ICD10CM:Q25.7	Other congenital malformations of pulmonary artery	RESIDUAL	MONDO:0015239	abnormal origin of the pulmonary artery	provenance-only:orphanet	5	no	KEEP-as-broadMatch	ICD code is RESIDUAL; cannot be an exact equivalent	"{source=""Orphanet:1138""}"
ICD10CM:Q25.7	Other congenital malformations of pulmonary artery	RESIDUAL	MONDO:0020007	absence of the pulmonary artery	provenance-only:orphanet	5	no	KEEP-as-broadMatch	ICD code is RESIDUAL; cannot be an exact equivalent	"{source=""Orphanet:980""}"
ICD10CM:Q25.7	Other congenital malformations of pulmonary artery	RESIDUAL	MONDO:0020390	pulmonary artery coming from patent ductus arteriosus	provenance-only:orphanet	5	no	KEEP-as-broadMatch	ICD code is RESIDUAL; cannot be an exact equivalent	"{source=""Orphanet:99049""}"
ICD10CM:Q25.7	Other congenital malformations of pulmonary artery	RESIDUAL	MONDO:0020391	pulmonary artery coming from the aorta	provenance-only:orphanet	5	no	KEEP-as-broadMatch	ICD code is RESIDUAL; cannot be an exact equivalent	"{source=""Orphanet:99050""}"
ICD10CM:Q25.7	Other congenital malformations of pulmonary artery	RESIDUAL	MONDO:0020419	pulmonary artery hypoplasia	provenance-only:orphanet	5	no	KEEP-as-broadMatch	ICD code is RESIDUAL; cannot be an exact equivalent	"{source=""Orphanet:99083""}"
ICD10CM:Q25.8	Other congenital malformations of other great arteries	RESIDUAL	MONDO:0019823	premature closure of the arterial duct	provenance-only:orphanet	2	no	KEEP-as-broadMatch	ICD code is RESIDUAL; cannot be an exact equivalent	"{source=""Orphanet:95486""}"
ICD10CM:Q25.8	Other congenital malformations of other great arteries	RESIDUAL	MONDO:0020412	congenital patent ductus arteriosus aneurysm	provenance-only:orphanet	2	no	KEEP-as-broadMatch	ICD code is RESIDUAL; cannot be an exact equivalent	"{source=""Orphanet:99072""}"
ICD10CM:Q26.4	Anomalous pulmonary venous connection, unspecified	RESIDUAL	MONDO:0017705	congenital pulmonary venous return anomaly	orphanet-btnt	1	no	KEEP-as-broadMatch	ICD code is RESIDUAL; cannot be an exact equivalent	"{source=""Orphanet:3090"", source=""Orphanet:3090/btnt""}"
ICD10CM:Q26.8	Other congenital malformations of great veins	RESIDUAL	MONDO:0007130	congenital total pulmonary venous return anomaly	provenance-only:doid	11	no	KEEP-as-broadMatch	ICD code is RESIDUAL; cannot be an exact equivalent	"{source=""DOID:4297""}"
ICD10CM:Q26.8	Other congenital malformations of great veins	RESIDUAL	MONDO:0015987	scimitar syndrome	provenance-only:orphanet	11	no	KEEP-as-broadMatch	ICD code is RESIDUAL; cannot be an exact equivalent	"{source=""Orphanet:185""}"
ICD10CM:Q26.8	Other congenital malformations of great veins	RESIDUAL	MONDO:0019836	congenital anomaly of hepatic vein	provenance-only:orphanet	11	no	KEEP-as-broadMatch	ICD code is RESIDUAL; cannot be an exact equivalent	"{source=""Orphanet:95507""}"
ICD10CM:Q26.8	Other congenital malformations of great veins	RESIDUAL	MONDO:0020441	right superior vena cava connecting to left-sided atrium	provenance-only:orphanet	11	no	KEEP-as-broadMatch	ICD code is RESIDUAL; cannot be an exact equivalent	"{source=""Orphanet:99110""}"
ICD10CM:Q26.8	Other congenital malformations of great veins	RESIDUAL	MONDO:0020443	absence of innominate vein	provenance-only:orphanet	11	no	KEEP-as-broadMatch	ICD code is RESIDUAL; cannot be an exact equivalent	"{source=""Orphanet:99112""}"
ICD10CM:Q26.8	Other congenital malformations of great veins	RESIDUAL	MONDO:0020444	subaortic course of innominate vein	provenance-only:orphanet	11	no	KEEP-as-broadMatch	ICD code is RESIDUAL; cannot be an exact equivalent	"{source=""Orphanet:99113""}"
ICD10CM:Q26.8	Other congenital malformations of great veins	RESIDUAL	MONDO:0020445	agenesis of the superior vena cava	provenance-only:orphanet	11	no	KEEP-as-broadMatch	ICD code is RESIDUAL; cannot be an exact equivalent	"{source=""Orphanet:99114""}"
ICD10CM:Q26.8	Other congenital malformations of great veins	RESIDUAL	MONDO:0020448	right inferior vena cava connecting to left-sided atrium	provenance-only:orphanet	11	no	KEEP-as-broadMatch	ICD code is RESIDUAL; cannot be an exact equivalent	"{source=""Orphanet:99119""}"
ICD10CM:Q26.8	Other congenital malformations of great veins	RESIDUAL	MONDO:0020449	persistent eustachian valve	provenance-only:orphanet	11	no	KEEP-as-broadMatch	ICD code is RESIDUAL; cannot be an exact equivalent	"{source=""Orphanet:99120""}"
ICD10CM:Q26.8	Other congenital malformations of great veins	RESIDUAL	MONDO:0020450	azygos continuation of the inferior vena cava	provenance-only:orphanet	11	no	KEEP-as-broadMatch	ICD code is RESIDUAL; cannot be an exact equivalent	"{source=""Orphanet:99121""}"
ICD10CM:Q26.8	Other congenital malformations of great veins	RESIDUAL	MONDO:0020452	inferior vena cava interruption	provenance-only:orphanet	11	no	KEEP-as-broadMatch	ICD code is RESIDUAL; cannot be an exact equivalent	"{source=""Orphanet:99123""}"
ICD10CM:Q26.9	Congenital malformation of great vein, unspecified	RESIDUAL	MONDO:0019829	congenital anomaly of superior vena cava	provenance-only:orphanet	2	no	KEEP-as-broadMatch	ICD code is RESIDUAL; cannot be an exact equivalent	"{source=""Orphanet:95498""}"
ICD10CM:Q26.9	Congenital malformation of great vein, unspecified	RESIDUAL	MONDO:0019830	congenital anomaly of the inferior vena cava	provenance-only:orphanet	2	no	KEEP-as-broadMatch	ICD code is RESIDUAL; cannot be an exact equivalent	"{source=""Orphanet:95499""}"
ICD10CM:Q27.8	Other specified congenital malformations of peripheral vascular system	RESIDUAL	MONDO:0007203	blue rubber bleb nevus	provenance-only:orphanet	3	no	KEEP-as-broadMatch	ICD code is RESIDUAL; cannot be an exact equivalent	"{source=""Orphanet:1059""}"
ICD10CM:Q27.8	Other specified congenital malformations of peripheral vascular system	RESIDUAL	MONDO:0007672	glomuvenous malformation	provenance-only:orphanet	3	no	KEEP-as-broadMatch	ICD code is RESIDUAL; cannot be an exact equivalent	"{source=""Orphanet:83454""}"
ICD10CM:Q27.8	Other specified congenital malformations of peripheral vascular system	RESIDUAL	MONDO:0010842	multiple cutaneous and mucosal venous malformations	provenance-only:orphanet	3	no	KEEP-as-broadMatch	ICD code is RESIDUAL; cannot be an exact equivalent	"{source=""Orphanet:2451""}"
ICD10CM:Q28.1	Other malformations of precerebral vessels	RESIDUAL	MONDO:0020048	internal carotid agenesis	provenance-only:orphanet	1	no	KEEP-as-broadMatch	ICD code is RESIDUAL; cannot be an exact equivalent	"{source=""Orphanet:981""}"
ICD10CM:Q28.2	Arteriovenous malformation of cerebral vessels	DISEASE	MONDO:0007154	arteriovenous malformations of the brain	provenance-only:orphanet	6	no	KEEP-as-broadMatch	6 Mondo terms share this code; Mondo is narrower	"{source=""Orphanet:46724"", source=""DOID:0060688""}"
ICD10CM:Q28.2	Arteriovenous malformation of cerebral vessels	DISEASE	MONDO:0015196	vein of Galen aneurysm	provenance-only:orphanet	6	no	KEEP-as-broadMatch	6 Mondo terms share this code; Mondo is narrower	"{source=""Orphanet:1053""}"
ICD10CM:Q28.2	Arteriovenous malformation of cerebral vessels	DISEASE	MONDO:0015405	cerebrofacial arteriovenous metameric syndrome	provenance-only:orphanet	6	no	KEEP-as-broadMatch	6 Mondo terms share this code; Mondo is narrower	"{source=""Orphanet:141189""}"
ICD10CM:Q28.2	Arteriovenous malformation of cerebral vessels	DISEASE	MONDO:0015406	cerebrofacial arteriovenous metameric syndrome type 1	provenance-only:orphanet	6	no	KEEP-as-broadMatch	6 Mondo terms share this code; Mondo is narrower	"{source=""Orphanet:141194""}"
ICD10CM:Q28.2	Arteriovenous malformation of cerebral vessels	DISEASE	MONDO:0015407	cerebrofacial arteriovenous metameric syndrome type 3	provenance-only:orphanet	6	no	KEEP-as-broadMatch	6 Mondo terms share this code; Mondo is narrower	"{source=""Orphanet:141199""}"
ICD10CM:Q28.2	Arteriovenous malformation of cerebral vessels	DISEASE	MONDO:0018892	Wyburn-Mason syndrome	provenance-only:orphanet	6	no	KEEP-as-broadMatch	6 Mondo terms share this code; Mondo is narrower	"{source=""Orphanet:53719""}"
ICD10CM:Q28.3	Other malformations of cerebral vessels	RESIDUAL	MONDO:0011304	cerebral cavernous malformation 2	provenance-only:doid	4	no	KEEP-as-broadMatch	ICD code is RESIDUAL; cannot be an exact equivalent	"{source=""DOID:0060670""}"
ICD10CM:Q28.3	Other malformations of cerebral vessels	RESIDUAL	MONDO:0011305	cerebral cavernous malformation 3	provenance-only:doid	4	no	KEEP-as-broadMatch	ICD code is RESIDUAL; cannot be an exact equivalent	"{source=""DOID:0060671""}"
ICD10CM:Q28.3	Other malformations of cerebral vessels	RESIDUAL	MONDO:0019972	dural sinus malformation	provenance-only:orphanet	4	no	KEEP-as-broadMatch	ICD code is RESIDUAL; cannot be an exact equivalent	"{source=""Orphanet:97339""}"
ICD10CM:Q28.3	Other malformations of cerebral vessels	RESIDUAL	MONDO:0031037	famililal cerebral cavernous malformations	provenance-only:orphanet	4	no	KEEP-as-broadMatch	ICD code is RESIDUAL; cannot be an exact equivalent	"{source=""Orphanet:221061""}"
ICD10CM:Q28.8	Other specified congenital malformations of circulatory system	RESIDUAL	MONDO:0011676	PHACE syndrome	provenance-only:orphanet	3	no	KEEP-as-broadMatch	ICD code is RESIDUAL; cannot be an exact equivalent	"{source=""Orphanet:42775""}"
ICD10CM:Q28.8	Other specified congenital malformations of circulatory system	RESIDUAL	MONDO:0015296	cardiac anomalies-heterotaxy syndrome	provenance-only:orphanet	3	no	KEEP-as-broadMatch	ICD code is RESIDUAL; cannot be an exact equivalent	"{source=""Orphanet:137628""}"
ICD10CM:Q28.8	Other specified congenital malformations of circulatory system	RESIDUAL	MONDO:0018870	arterial calcification of infancy	provenance-only:orphanet	3	no	KEEP-as-broadMatch	ICD code is RESIDUAL; cannot be an exact equivalent	"{source=""Orphanet:51608/index"", source=""Orphanet:51608""}"
ICD10CM:Q30-Q34	Congenital malformations of the respiratory system (Q30-Q34)	BLOCK	MONDO:0005087	respiratory system disorder	provenance-only:other	1	no	KEEP-as-broadMatch	ICD code is BLOCK; cannot be an exact equivalent	"{source=""https://github.com/monarch-initiative/mondo/issues/4536"", source=""https://orcid.org/0000-0001-5208-3432"", source=""https://orcid.org/0000-0002-4142-7153""}"
ICD10CM:Q30.2	Fissured, notched and cleft nose	CONTAINER	MONDO:0000110	bifid nose	provenance-only:orphanet	1	no	KEEP-as-broadMatch	ICD code is CONTAINER; cannot be an exact equivalent	"{source=""Orphanet:2695""}"
ICD10CM:Q30.8	Other congenital malformations of nose	RESIDUAL	MONDO:0007398	craniorhiny	provenance-only:orphanet	7	no	KEEP-as-broadMatch	ICD code is RESIDUAL; cannot be an exact equivalent	"{source=""Orphanet:157832""}"
ICD10CM:Q30.8	Other congenital malformations of nose	RESIDUAL	MONDO:0015388	polyrrhinia	provenance-only:orphanet	7	no	KEEP-as-broadMatch	ICD code is RESIDUAL; cannot be an exact equivalent	"{source=""Orphanet:141091""}"
ICD10CM:Q30.8	Other congenital malformations of nose	RESIDUAL	MONDO:0015389	supernumerary nostril	provenance-only:orphanet	7	no	KEEP-as-broadMatch	ICD code is RESIDUAL; cannot be an exact equivalent	"{source=""Orphanet:141096""}"
ICD10CM:Q30.8	Other congenital malformations of nose	RESIDUAL	MONDO:0015390	proboscis lateralis	provenance-only:orphanet	7	no	KEEP-as-broadMatch	ICD code is RESIDUAL; cannot be an exact equivalent	"{source=""Orphanet:141099""}"
ICD10CM:Q30.8	Other congenital malformations of nose	RESIDUAL	MONDO:0015568	isolated congenital nasal pyriform aperture stenosis	provenance-only:orphanet	7	no	KEEP-as-broadMatch	ICD code is RESIDUAL; cannot be an exact equivalent	"{source=""Orphanet:162516""}"
ICD10CM:Q30.8	Other congenital malformations of nose	RESIDUAL	MONDO:0015569	congenital nasal pyriform aperture stenosis with holoprosencephaly	provenance-only:orphanet	7	no	KEEP-as-broadMatch	ICD code is RESIDUAL; cannot be an exact equivalent	"{source=""Orphanet:162521""}"
ICD10CM:Q30.8	Other congenital malformations of nose	RESIDUAL	MONDO:0019634	familial nasal acilia	provenance-only:orphanet	7	no	KEEP-as-broadMatch	ICD code is RESIDUAL; cannot be an exact equivalent	"{source=""Orphanet:922""}"
ICD10CM:Q31.8	Other congenital malformations of larynx	RESIDUAL	MONDO:0007879	larynx atresia	provenance-only:orphanet	2	no	KEEP-as-broadMatch	ICD code is RESIDUAL; cannot be an exact equivalent	"{source=""Orphanet:1202/inclusion"", source=""Orphanet:1202""}"
ICD10CM:Q31.8	Other congenital malformations of larynx	RESIDUAL	MONDO:0015396	congenital laryngeal cyst	provenance-only:orphanet	2	no	KEEP-as-broadMatch	ICD code is RESIDUAL; cannot be an exact equivalent	"{source=""Orphanet:141124""}"
ICD10CM:Q32.1	Other congenital malformations of trachea	RESIDUAL	MONDO:0011340	congenital tracheal stenosis	provenance-only:orphanet	8	no	KEEP-as-broadMatch	ICD code is RESIDUAL; cannot be an exact equivalent	"{source=""Orphanet:141127/inclusion"", source=""Orphanet:141127""}"
ICD10CM:Q32.1	Other congenital malformations of trachea	RESIDUAL	MONDO:0016060	laryngotracheoesophageal cleft	provenance-only:orphanet	8	no	KEEP-as-broadMatch	ICD code is RESIDUAL; cannot be an exact equivalent	"{source=""Orphanet:2004""}"
ICD10CM:Q32.1	Other congenital malformations of trachea	RESIDUAL	MONDO:0017220	laryngotracheoesophageal cleft type 0	provenance-only:orphanet	8	no	KEEP-as-broadMatch	ICD code is RESIDUAL; cannot be an exact equivalent	"{source=""Orphanet:280205""}"
ICD10CM:Q32.1	Other congenital malformations of trachea	RESIDUAL	MONDO:0018058	tracheal agenesis	provenance-only:orphanet	8	no	KEEP-as-broadMatch	ICD code is RESIDUAL; cannot be an exact equivalent	"{source=""Orphanet:3346""}"
ICD10CM:Q32.1	Other congenital malformations of trachea	RESIDUAL	MONDO:0019761	laryngotracheoesophageal cleft type 1	provenance-only:orphanet	8	no	KEEP-as-broadMatch	ICD code is RESIDUAL; cannot be an exact equivalent	"{source=""Orphanet:93938""}"
ICD10CM:Q32.1	Other congenital malformations of trachea	RESIDUAL	MONDO:0019762	laryngotracheoesophageal cleft type 2	provenance-only:orphanet	8	no	KEEP-as-broadMatch	ICD code is RESIDUAL; cannot be an exact equivalent	"{source=""Orphanet:93939""}"
ICD10CM:Q32.1	Other congenital malformations of trachea	RESIDUAL	MONDO:0019763	laryngotracheoesophageal cleft type 3	provenance-only:orphanet	8	no	KEEP-as-broadMatch	ICD code is RESIDUAL; cannot be an exact equivalent	"{source=""Orphanet:93940""}"
ICD10CM:Q32.1	Other congenital malformations of trachea	RESIDUAL	MONDO:0019764	laryngotracheoesophageal cleft type 4	provenance-only:orphanet	8	no	KEEP-as-broadMatch	ICD code is RESIDUAL; cannot be an exact equivalent	"{source=""Orphanet:93941""}"
ICD10CM:Q32.4	Other congenital malformations of bronchus	RESIDUAL	MONDO:0016080	congenital bronchobiliary fistula	provenance-only:orphanet	1	no	KEEP-as-broadMatch	ICD code is RESIDUAL; cannot be an exact equivalent	"{source=""Orphanet:2040""}"
ICD10CM:Q33.0	Congenital cystic lung	DISEASE	MONDO:0016580	congenital pulmonary airway malformation	provenance-only:orphanet	6	no	KEEP-as-broadMatch	6 Mondo terms share this code; Mondo is narrower	"{source=""Orphanet:2444""}"
ICD10CM:Q33.0	Congenital cystic lung	DISEASE	MONDO:0017248	congenital pulmonary airway malformation type 0	provenance-only:orphanet	6	no	KEEP-as-broadMatch	6 Mondo terms share this code; Mondo is narrower	"{source=""Orphanet:280827""}"
ICD10CM:Q33.0	Congenital cystic lung	DISEASE	MONDO:0017249	congenital pulmonary airway malformation type 1	provenance-only:orphanet	6	no	KEEP-as-broadMatch	6 Mondo terms share this code; Mondo is narrower	"{source=""Orphanet:280832""}"
ICD10CM:Q33.0	Congenital cystic lung	DISEASE	MONDO:0017250	congenital pulmonary airway malformation type 2	provenance-only:orphanet	6	no	KEEP-as-broadMatch	6 Mondo terms share this code; Mondo is narrower	"{source=""Orphanet:280840""}"
ICD10CM:Q33.0	Congenital cystic lung	DISEASE	MONDO:0017251	congenital pulmonary airway malformation type 3	provenance-only:orphanet	6	no	KEEP-as-broadMatch	6 Mondo terms share this code; Mondo is narrower	"{source=""Orphanet:280847""}"
ICD10CM:Q33.0	Congenital cystic lung	DISEASE	MONDO:0017252	congenital pulmonary airway malformation type 4	provenance-only:orphanet	6	no	KEEP-as-broadMatch	6 Mondo terms share this code; Mondo is narrower	"{source=""Orphanet:280854""}"
ICD10CM:Q33.2	Sequestration of lung	DISEASE	MONDO:0017245	intralobar congenital pulmonary sequestration	provenance-only:orphanet	4	no	KEEP-as-broadMatch	4 Mondo terms share this code; Mondo is narrower	"{source=""Orphanet:280802""}"
ICD10CM:Q33.2	Sequestration of lung	DISEASE	MONDO:0017246	extralobar congenital pulmonary sequestration	provenance-only:orphanet	4	no	KEEP-as-broadMatch	4 Mondo terms share this code; Mondo is narrower	"{source=""Orphanet:280811""}"
ICD10CM:Q33.2	Sequestration of lung	DISEASE	MONDO:0017247	communicating congenital bronchopulmonary-foregut malformation	provenance-only:orphanet	4	no	KEEP-as-broadMatch	4 Mondo terms share this code; Mondo is narrower	"{source=""Orphanet:280821""}"
ICD10CM:Q33.2	Sequestration of lung	DISEASE	MONDO:0017843	congenital pulmonary sequestration	orphanet-exact	4	syn-match	KEEP-as-broadMatch	4 Mondo terms share this code; Mondo is narrower	"{source=""Orphanet:3161/e"", source=""Orphanet:3161""}"
ICD10CM:Q33.8	Other congenital malformations of lung	RESIDUAL	MONDO:0007536	congenital lobar emphysema	provenance-only:orphanet	2	no	KEEP-as-broadMatch	ICD code is RESIDUAL; cannot be an exact equivalent	"{source=""Orphanet:1928""}"
ICD10CM:Q33.8	Other congenital malformations of lung	RESIDUAL	MONDO:0009933	congenital pulmonary lymphangiectasia	provenance-only:orphanet	2	no	KEEP-as-broadMatch	ICD code is RESIDUAL; cannot be an exact equivalent	"{source=""Orphanet:2414""}"
ICD10CM:Q34.8	Other specified congenital malformations of respiratory system	RESIDUAL	MONDO:0009484	primary ciliary dyskinesia 1	provenance-only:doid	33	no	KEEP-as-broadMatch	ICD code is RESIDUAL; cannot be an exact equivalent	"{source=""DOID:0110594""}"
ICD10CM:Q34.8	Other specified congenital malformations of respiratory system	RESIDUAL	MONDO:0011718	primary ciliary dyskinesia 2	provenance-only:doid	33	no	KEEP-as-broadMatch	ICD code is RESIDUAL; cannot be an exact equivalent	"{source=""DOID:0110626""}"
ICD10CM:Q34.8	Other specified congenital malformations of respiratory system	RESIDUAL	MONDO:0012085	primary ciliary dyskinesia 3	provenance-only:doid	33	no	KEEP-as-broadMatch	ICD code is RESIDUAL; cannot be an exact equivalent	"{source=""DOID:0110599""}"
ICD10CM:Q34.8	Other specified congenital malformations of respiratory system	RESIDUAL	MONDO:0012087	primary ciliary dyskinesia 4	provenance-only:doid	33	no	KEEP-as-broadMatch	ICD code is RESIDUAL; cannot be an exact equivalent	"{source=""DOID:0110614""}"
ICD10CM:Q34.8	Other specified congenital malformations of respiratory system	RESIDUAL	MONDO:0012088	primary ciliary dyskinesia 5	provenance-only:doid	33	no	KEEP-as-broadMatch	ICD code is RESIDUAL; cannot be an exact equivalent	"{source=""DOID:0110617""}"
ICD10CM:Q34.8	Other specified congenital malformations of respiratory system	RESIDUAL	MONDO:0012571	primary ciliary dyskinesia 6	provenance-only:doid	33	no	KEEP-as-broadMatch	ICD code is RESIDUAL; cannot be an exact equivalent	"{source=""DOID:0110606""}"
ICD10CM:Q34.8	Other specified congenital malformations of respiratory system	RESIDUAL	MONDO:0012748	primary ciliary dyskinesia 7	provenance-only:doid	33	no	KEEP-as-broadMatch	ICD code is RESIDUAL; cannot be an exact equivalent	"{source=""DOID:0110605""}"
ICD10CM:Q34.8	Other specified congenital malformations of respiratory system	RESIDUAL	MONDO:0012844	primary ciliary dyskinesia 8	provenance-only:doid	33	no	KEEP-as-broadMatch	ICD code is RESIDUAL; cannot be an exact equivalent	"{source=""DOID:0110616""}"
ICD10CM:Q34.8	Other specified congenital malformations of respiratory system	RESIDUAL	MONDO:0012906	primary ciliary dyskinesia 9	provenance-only:doid	33	no	KEEP-as-broadMatch	ICD code is RESIDUAL; cannot be an exact equivalent	"{source=""DOID:0110622""}"
ICD10CM:Q34.8	Other specified congenital malformations of respiratory system	RESIDUAL	MONDO:0012918	primary ciliary dyskinesia 10	provenance-only:doid	33	no	KEEP-as-broadMatch	ICD code is RESIDUAL; cannot be an exact equivalent	"{source=""DOID:0110612""}"
ICD10CM:Q34.8	Other specified congenital malformations of respiratory system	RESIDUAL	MONDO:0012978	primary ciliary dyskinesia 11	provenance-only:doid	33	no	KEEP-as-broadMatch	ICD code is RESIDUAL; cannot be an exact equivalent	"{source=""DOID:0110602""}"
ICD10CM:Q34.8	Other specified congenital malformations of respiratory system	RESIDUAL	MONDO:0012979	primary ciliary dyskinesia 12	provenance-only:doid	33	no	KEEP-as-broadMatch	ICD code is RESIDUAL; cannot be an exact equivalent	"{source=""DOID:0110601""}"
ICD10CM:Q34.8	Other specified congenital malformations of respiratory system	RESIDUAL	MONDO:0013174	primary ciliary dyskinesia 13	provenance-only:doid	33	no	KEEP-as-broadMatch	ICD code is RESIDUAL; cannot be an exact equivalent	"{source=""DOID:0110618""}"
ICD10CM:Q34.8	Other specified congenital malformations of respiratory system	RESIDUAL	MONDO:0013434	primary ciliary dyskinesia 14	provenance-only:doid	33	no	KEEP-as-broadMatch	ICD code is RESIDUAL; cannot be an exact equivalent	"{source=""DOID:0110598""}"
ICD10CM:Q34.8	Other specified congenital malformations of respiratory system	RESIDUAL	MONDO:0013435	primary ciliary dyskinesia 15	provenance-only:doid	33	no	KEEP-as-broadMatch	ICD code is RESIDUAL; cannot be an exact equivalent	"{source=""DOID:0110623""}"
ICD10CM:Q34.8	Other specified congenital malformations of respiratory system	RESIDUAL	MONDO:0013525	primary ciliary dyskinesia 16	provenance-only:doid	33	no	KEEP-as-broadMatch	ICD code is RESIDUAL; cannot be an exact equivalent	"{source=""DOID:0110613""}"
ICD10CM:Q34.8	Other specified congenital malformations of respiratory system	RESIDUAL	MONDO:0013854	primary ciliary dyskinesia 17	provenance-only:doid	33	no	KEEP-as-broadMatch	ICD code is RESIDUAL; cannot be an exact equivalent	"{source=""DOID:0110621""}"
ICD10CM:Q34.8	Other specified congenital malformations of respiratory system	RESIDUAL	MONDO:0013940	primary ciliary dyskinesia 18	provenance-only:doid	33	no	KEEP-as-broadMatch	ICD code is RESIDUAL; cannot be an exact equivalent	"{source=""DOID:0110604""}"
ICD10CM:Q34.8	Other specified congenital malformations of respiratory system	RESIDUAL	MONDO:0013979	primary ciliary dyskinesia 19	provenance-only:doid	33	no	KEEP-as-broadMatch	ICD code is RESIDUAL; cannot be an exact equivalent	"{source=""DOID:0110608""}"
ICD10CM:Q34.8	Other specified congenital malformations of respiratory system	RESIDUAL	MONDO:0014030	primary ciliary dyskinesia 20	provenance-only:doid	33	no	KEEP-as-broadMatch	ICD code is RESIDUAL; cannot be an exact equivalent	"{source=""DOID:0110625""}"
ICD10CM:Q34.8	Other specified congenital malformations of respiratory system	RESIDUAL	MONDO:0014123	primary ciliary dyskinesia 21	provenance-only:doid	33	no	KEEP-as-broadMatch	ICD code is RESIDUAL; cannot be an exact equivalent	"{source=""DOID:0110596""}"
ICD10CM:Q34.8	Other specified congenital malformations of respiratory system	RESIDUAL	MONDO:0014192	primary ciliary dyskinesia 22	provenance-only:doid	33	no	KEEP-as-broadMatch	ICD code is RESIDUAL; cannot be an exact equivalent	"{source=""DOID:0110597""}"
ICD10CM:Q34.8	Other specified congenital malformations of respiratory system	RESIDUAL	MONDO:0014193	primary ciliary dyskinesia 23	provenance-only:doid	33	no	KEEP-as-broadMatch	ICD code is RESIDUAL; cannot be an exact equivalent	"{source=""DOID:0110609""}"
ICD10CM:Q34.8	Other specified congenital malformations of respiratory system	RESIDUAL	MONDO:0014202	primary ciliary dyskinesia 24	provenance-only:doid	33	no	KEEP-as-broadMatch	ICD code is RESIDUAL; cannot be an exact equivalent	"{source=""DOID:0110628""}"
ICD10CM:Q34.8	Other specified congenital malformations of respiratory system	RESIDUAL	MONDO:0014203	primary ciliary dyskinesia 25	provenance-only:doid	33	no	KEEP-as-broadMatch	ICD code is RESIDUAL; cannot be an exact equivalent	"{source=""DOID:0110615""}"
ICD10CM:Q34.8	Other specified congenital malformations of respiratory system	RESIDUAL	MONDO:0014211	primary ciliary dyskinesia 26	provenance-only:doid	33	no	KEEP-as-broadMatch	ICD code is RESIDUAL; cannot be an exact equivalent	"{source=""DOID:0110627""}"
ICD10CM:Q34.8	Other specified congenital malformations of respiratory system	RESIDUAL	MONDO:0014215	primary ciliary dyskinesia 27	provenance-only:doid	33	no	KEEP-as-broadMatch	ICD code is RESIDUAL; cannot be an exact equivalent	"{source=""DOID:0110611""}"
ICD10CM:Q34.8	Other specified congenital malformations of respiratory system	RESIDUAL	MONDO:0014216	primary ciliary dyskinesia 28	provenance-only:doid	33	no	KEEP-as-broadMatch	ICD code is RESIDUAL; cannot be an exact equivalent	"{source=""DOID:0110607""}"
ICD10CM:Q34.8	Other specified congenital malformations of respiratory system	RESIDUAL	MONDO:0014378	primary ciliary dyskinesia 29	provenance-only:doid	33	no	KEEP-as-broadMatch	ICD code is RESIDUAL; cannot be an exact equivalent	"{source=""DOID:0110600""}"
ICD10CM:Q34.8	Other specified congenital malformations of respiratory system	RESIDUAL	MONDO:0014465	primary ciliary dyskinesia 30	provenance-only:doid	33	no	KEEP-as-broadMatch	ICD code is RESIDUAL; cannot be an exact equivalent	"{source=""DOID:0110624""}"
ICD10CM:Q34.8	Other specified congenital malformations of respiratory system	RESIDUAL	MONDO:0014657	primary ciliary dyskinesia 32	provenance-only:doid	33	no	KEEP-as-broadMatch	ICD code is RESIDUAL; cannot be an exact equivalent	"{source=""DOID:0110603""}"
ICD10CM:Q34.8	Other specified congenital malformations of respiratory system	RESIDUAL	MONDO:0014750	primary ciliary dyskinesia 33	provenance-only:doid	33	no	KEEP-as-broadMatch	ICD code is RESIDUAL; cannot be an exact equivalent	"{source=""DOID:0110619""}"
ICD10CM:Q34.8	Other specified congenital malformations of respiratory system	RESIDUAL	MONDO:0016575	primary ciliary dyskinesia	provenance-only:orphanet	33	no	KEEP-as-broadMatch	ICD code is RESIDUAL; cannot be an exact equivalent	"{source=""Orphanet:244""}"
ICD10CM:Q35.5	Cleft hard palate with cleft soft palate	DISEASE	MONDO:0007336	isolated cleft palate	provenance-only:doid	2	no	KEEP-as-broadMatch	2 Mondo terms share this code; Mondo is narrower	"{source=""DOID:0110213""}"
ICD10CM:Q35.5	Cleft hard palate with cleft soft palate	DISEASE	MONDO:0016064	cleft palate	orphanet-btnt	2	no	KEEP-as-broadMatch	2 Mondo terms share this code; Mondo is narrower	"{source=""Orphanet:2014"", source=""Orphanet:2014/btnt""}"
ICD10CM:Q35.9	Cleft palate, unspecified	RESIDUAL	MONDO:0007336	isolated cleft palate	provenance-only:doid	4	no	KEEP-as-broadMatch	ICD code is RESIDUAL; cannot be an exact equivalent	"{source=""DOID:0110213""}"
ICD10CM:Q35.9	Cleft palate, unspecified	RESIDUAL	MONDO:0010560	cleft palate with or without ankyloglossia, X-linked	provenance-only:orphanet	4	no	KEEP-as-broadMatch	ICD code is RESIDUAL; cannot be an exact equivalent	"{source=""Orphanet:324601""}"
ICD10CM:Q35.9	Cleft palate, unspecified	RESIDUAL	MONDO:0015479	submucosal cleft palate	provenance-only:orphanet	4	no	KEEP-as-broadMatch	ICD code is RESIDUAL; cannot be an exact equivalent	"{source=""Orphanet:155878""}"
ICD10CM:Q35.9	Cleft palate, unspecified	RESIDUAL	MONDO:0016064	cleft palate	orphanet-btnt	4	match	KEEP-as-broadMatch	ICD code is RESIDUAL; cannot be an exact equivalent	"{source=""Orphanet:2014"", source=""Orphanet:2014/btnt"", source=""DOID:674""}"
ICD10CM:Q36.0	Cleft lip, bilateral	LATERALITY	MONDO:0015420	cleft lip and alveolus	orphanet-btnt	2	no	KEEP-as-broadMatch	2 Mondo terms share this code; Mondo is narrower	"{source=""Orphanet:141291/btnt"", source=""Orphanet:141291""}"
ICD10CM:Q36.0	Cleft lip, bilateral	LATERALITY	MONDO:0016043	isolated cleft lip	orphanet-btnt	2	no	KEEP-as-broadMatch	2 Mondo terms share this code; Mondo is narrower	"{source=""Orphanet:199302"", source=""Orphanet:199302/btnt""}"
ICD10CM:Q36.1	Cleft lip, median	DISEASE	MONDO:0014388	familial median cleft of the upper and lower lips	provenance-only:orphanet	4	no	KEEP-as-broadMatch	4 Mondo terms share this code; Mondo is narrower	"{source=""Orphanet:401942""}"
ICD10CM:Q36.1	Cleft lip, median	DISEASE	MONDO:0015420	cleft lip and alveolus	orphanet-btnt	4	no	KEEP-as-broadMatch	4 Mondo terms share this code; Mondo is narrower	"{source=""Orphanet:141291/btnt"", source=""Orphanet:141291""}"
ICD10CM:Q36.1	Cleft lip, median	DISEASE	MONDO:0016043	isolated cleft lip	orphanet-btnt	4	no	KEEP-as-broadMatch	4 Mondo terms share this code; Mondo is narrower	"{source=""Orphanet:199302"", source=""Orphanet:199302/btnt""}"
ICD10CM:Q36.1	Cleft lip, median	DISEASE	MONDO:0016062	median cleft lip/mandibule	provenance-only:orphanet	4	no	KEEP-as-broadMatch	4 Mondo terms share this code; Mondo is narrower	"{source=""Orphanet:2006""}"
ICD10CM:Q36.9	Cleft lip, unilateral	LATERALITY	MONDO:0004747	cleft lip	provenance-only:doid	3	no	KEEP-as-broadMatch	3 Mondo terms share this code; Mondo is narrower	"{source=""DOID:9296""}"
ICD10CM:Q36.9	Cleft lip, unilateral	LATERALITY	MONDO:0015420	cleft lip and alveolus	orphanet-btnt	3	no	KEEP-as-broadMatch	3 Mondo terms share this code; Mondo is narrower	"{source=""Orphanet:141291/btnt"", source=""Orphanet:141291""}"
ICD10CM:Q36.9	Cleft lip, unilateral	LATERALITY	MONDO:0016043	isolated cleft lip	orphanet-btnt	3	no	KEEP-as-broadMatch	3 Mondo terms share this code; Mondo is narrower	"{source=""Orphanet:199302"", source=""Orphanet:199302/btnt""}"
ICD10CM:Q37.8	Unspecified cleft palate with bilateral cleft lip	RESIDUAL	MONDO:0016044	cleft lip/palate	orphanet-btnt	1	no	KEEP-as-broadMatch	ICD code is RESIDUAL; cannot be an exact equivalent	"{source=""Orphanet:199306/btnt"", source=""Orphanet:199306""}"
ICD10CM:Q37.9	Unspecified cleft palate with unilateral cleft lip	RESIDUAL	MONDO:0016044	cleft lip/palate	orphanet-btnt	1	no	KEEP-as-broadMatch	ICD code is RESIDUAL; cannot be an exact equivalent	"{source=""Orphanet:199306/btnt"", source=""Orphanet:199306""}"
ICD10CM:Q38.0	Congenital malformations of lips, not elsewhere classified	CONTAINER	MONDO:0015381	commissural lip fistula	provenance-only:orphanet	3	no	KEEP-as-broadMatch	ICD code is CONTAINER; cannot be an exact equivalent	"{source=""Orphanet:141061""}"
ICD10CM:Q38.0	Congenital malformations of lips, not elsewhere classified	CONTAINER	MONDO:0015382	lower lip fistula	provenance-only:orphanet	3	no	KEEP-as-broadMatch	ICD code is CONTAINER; cannot be an exact equivalent	"{source=""Orphanet:141064""}"
ICD10CM:Q38.0	Congenital malformations of lips, not elsewhere classified	CONTAINER	MONDO:0019508	van der Woude syndrome	provenance-only:orphanet	3	no	KEEP-as-broadMatch	ICD code is CONTAINER; cannot be an exact equivalent	"{source=""Orphanet:888/inclusion"", source=""Orphanet:888"", source=""DOID:0060239""}"
ICD10CM:Q38.2	Macroglossia	DISEASE	MONDO:0007927	congenital macroglossia	provenance-only:orphanet	2	match	KEEP-as-broadMatch	2 Mondo terms share this code; Mondo is narrower	"{source=""Orphanet:2430""}"
ICD10CM:Q38.2	Macroglossia	DISEASE	MONDO:0015496	macroglossia	orphanet-specific	2	match	KEEP-as-broadMatch	2 Mondo terms share this code; Mondo is narrower	"{source=""Orphanet:156207/specific"", source=""Orphanet:156207"", source=""Orphanet:156207/e""}"
ICD10CM:Q38.3	Other congenital malformations of tongue	RESIDUAL	MONDO:0013003	isolated congenital hypoglossia/aglossia	provenance-only:orphanet	5	no	KEEP-as-broadMatch	ICD code is RESIDUAL; cannot be an exact equivalent	"{source=""Orphanet:141152""}"
ICD10CM:Q38.3	Other congenital malformations of tongue	RESIDUAL	MONDO:0015384	digestive duplication cyst of the tongue	provenance-only:orphanet	5	no	KEEP-as-broadMatch	ICD code is RESIDUAL; cannot be an exact equivalent	"{source=""Orphanet:141071""}"
ICD10CM:Q38.3	Other congenital malformations of tongue	RESIDUAL	MONDO:0015399	glossopalatine ankylosis	provenance-only:orphanet	5	no	KEEP-as-broadMatch	ICD code is RESIDUAL; cannot be an exact equivalent	"{source=""Orphanet:141163""}"
ICD10CM:Q38.3	Other congenital malformations of tongue	RESIDUAL	MONDO:0035410	isolated congenital aglossia	narrowerThanSource	5	no	KEEP-as-broadMatch	ICD code is RESIDUAL; cannot be an exact equivalent	"{source=""MONDO:mondoIsNarrowerThanSource"", source=""Orphanet:563951""}"
ICD10CM:Q38.3	Other congenital malformations of tongue	RESIDUAL	MONDO:0035411	isolated congenital hypoglossia	narrowerThanSource	5	no	KEEP-as-broadMatch	ICD code is RESIDUAL; cannot be an exact equivalent	"{source=""MONDO:mondoIsNarrowerThanSource"", source=""Orphanet:563954""}"
ICD10CM:Q38.4	Congenital malformations of salivary glands and ducts	CONTAINER	MONDO:0008397	aplasia of lacrimal and salivary glands	provenance-only:orphanet	1	no	KEEP-as-broadMatch	ICD code is CONTAINER; cannot be an exact equivalent	"{source=""Orphanet:86815/nd"", source=""Orphanet:86815""}"
ICD10CM:Q38.6	Other congenital malformations of mouth	RESIDUAL	MONDO:0015748	hereditary mucosal leukokeratosis	provenance-only:orphanet	1	no	KEEP-as-broadMatch	ICD code is RESIDUAL; cannot be an exact equivalent	"{source=""Orphanet:171723/index"", source=""Orphanet:171723""}"
ICD10CM:Q39.0	Atresia of esophagus without fistula	DISEASE	MONDO:0001044	esophageal atresia	provenance-only:doid	2	no	KEEP-as-broadMatch	2 Mondo terms share this code; Mondo is narrower	"{source=""DOID:10485""}"
ICD10CM:Q39.0	Atresia of esophagus without fistula	DISEASE	MONDO:0008586	esophageal atresia/tracheoesophageal fistula	orphanet-exact	2	no	KEEP-as-broadMatch	2 Mondo terms share this code; Mondo is narrower	"{source=""Orphanet:1199"", source=""Orphanet:1199/e""}"
ICD10CM:Q39.8	Other congenital malformations of esophagus	RESIDUAL	MONDO:0015050	esophageal duplication cyst	provenance-only:orphanet	2	no	KEEP-as-broadMatch	ICD code is RESIDUAL; cannot be an exact equivalent	"{source=""Orphanet:100047""}"
ICD10CM:Q39.8	Other congenital malformations of esophagus	RESIDUAL	MONDO:0015051	tubular duplication of the esophagus	provenance-only:orphanet	2	no	KEEP-as-broadMatch	ICD code is RESIDUAL; cannot be an exact equivalent	"{source=""Orphanet:100048""}"
ICD10CM:Q40.2	Other specified congenital malformations of stomach	RESIDUAL	MONDO:0016041	congenital microgastria	provenance-only:orphanet	1	no	KEEP-as-broadMatch	ICD code is RESIDUAL; cannot be an exact equivalent	"{source=""Orphanet:199293""}"
ICD10CM:Q41.0	Congenital absence, atresia and stenosis of duodenum	CONTAINER	MONDO:0009126	duodenal atresia	provenance-only:orphanet	2	no	KEEP-as-broadMatch	ICD code is CONTAINER; cannot be an exact equivalent	"{source=""Orphanet:1203/inclusion"", source=""Orphanet:1203""}"
ICD10CM:Q41.0	Congenital absence, atresia and stenosis of duodenum	CONTAINER	MONDO:0009476	atresia of small intestine	orphanet-btnt	2	no	KEEP-as-broadMatch	ICD code is CONTAINER; cannot be an exact equivalent	"{source=""Orphanet:1201/btnt"", source=""Orphanet:1201"", source=""Orphanet:1201/specific""}"
ICD10CM:Q41.1	Congenital absence, atresia and stenosis of jejunum	CONTAINER	MONDO:0001045	intestinal atresia	provenance-only:doid	2	no	KEEP-as-broadMatch	ICD code is CONTAINER; cannot be an exact equivalent	"{source=""DOID:10486""}"
ICD10CM:Q41.1	Congenital absence, atresia and stenosis of jejunum	CONTAINER	MONDO:0009476	atresia of small intestine	orphanet-btnt	2	no	KEEP-as-broadMatch	ICD code is CONTAINER; cannot be an exact equivalent	"{source=""Orphanet:1201/btnt"", source=""Orphanet:1201"", source=""Orphanet:1201/specific""}"
ICD10CM:Q41.2	Congenital absence, atresia and stenosis of ileum	CONTAINER	MONDO:0009476	atresia of small intestine	orphanet-btnt	1	no	KEEP-as-broadMatch	ICD code is CONTAINER; cannot be an exact equivalent	"{source=""Orphanet:1201/btnt"", source=""Orphanet:1201"", source=""Orphanet:1201/specific""}"
ICD10CM:Q41.8	Congenital absence, atresia and stenosis of other specified parts of small intestine	RESIDUAL	MONDO:0009476	atresia of small intestine	orphanet-btnt	1	no	KEEP-as-broadMatch	ICD code is RESIDUAL; cannot be an exact equivalent	"{source=""Orphanet:1201/btnt"", source=""Orphanet:1201"", source=""Orphanet:1201/specific""}"
ICD10CM:Q41.9	Congenital absence, atresia and stenosis of small intestine, part unspecified	RESIDUAL	MONDO:0009476	atresia of small intestine	orphanet-btnt	1	no	KEEP-as-broadMatch	ICD code is RESIDUAL; cannot be an exact equivalent	"{source=""Orphanet:1201/btnt"", source=""Orphanet:1201"", source=""Orphanet:1201/specific""}"
ICD10CM:Q42.0	Congenital absence, atresia and stenosis of rectum with fistula	CONTAINER	MONDO:0015731	high anorectal malformation	provenance-only:orphanet	2	no	KEEP-as-broadMatch	ICD code is CONTAINER; cannot be an exact equivalent	"{source=""Orphanet:171201""}"
ICD10CM:Q42.0	Congenital absence, atresia and stenosis of rectum with fistula	CONTAINER	MONDO:0015732	intermediate anorectal malformation	provenance-only:orphanet	2	no	KEEP-as-broadMatch	ICD code is CONTAINER; cannot be an exact equivalent	"{source=""Orphanet:171208""}"
ICD10CM:Q42.1	Congenital absence, atresia and stenosis of rectum without fistula	CONTAINER	MONDO:0015731	high anorectal malformation	provenance-only:orphanet	2	no	KEEP-as-broadMatch	ICD code is CONTAINER; cannot be an exact equivalent	"{source=""Orphanet:171201""}"
ICD10CM:Q42.1	Congenital absence, atresia and stenosis of rectum without fistula	CONTAINER	MONDO:0015732	intermediate anorectal malformation	provenance-only:orphanet	2	no	KEEP-as-broadMatch	ICD code is CONTAINER; cannot be an exact equivalent	"{source=""Orphanet:171208""}"
ICD10CM:Q42.2	Congenital absence, atresia and stenosis of anus with fistula	CONTAINER	MONDO:0015733	low anorectal malformation	orphanet-btnt	1	no	KEEP-as-broadMatch	ICD code is CONTAINER; cannot be an exact equivalent	"{source=""Orphanet:171215/specific"", source=""Orphanet:171215/btnt"", source=""Orphanet:171215""}"
ICD10CM:Q42.9	Congenital absence, atresia and stenosis of large intestine, part unspecified	RESIDUAL	MONDO:0010562	colonic atresia	provenance-only:orphanet	1	no	KEEP-as-broadMatch	ICD code is RESIDUAL; cannot be an exact equivalent	"{source=""Orphanet:1198""}"
ICD10CM:Q43.3	Congenital malformations of intestinal fixation	CONTAINER	MONDO:0016583	familial intestinal malrotation-facial anomalies syndrome	provenance-only:orphanet	2	no	KEEP-as-broadMatch	ICD code is CONTAINER; cannot be an exact equivalent	"{source=""Orphanet:2454""}"
ICD10CM:Q43.3	Congenital malformations of intestinal fixation	CONTAINER	MONDO:0018962	common mesentery	provenance-only:orphanet	2	no	KEEP-as-broadMatch	ICD code is CONTAINER; cannot be an exact equivalent	"{source=""Orphanet:620"", source=""Orphanet:620/inclusion""}"
ICD10CM:Q43.4	Duplication of intestine	DISEASE	MONDO:0015734	rectal duplication	provenance-only:orphanet	2	no	KEEP-as-broadMatch	2 Mondo terms share this code; Mondo is narrower	"{source=""Orphanet:171220""}"
ICD10CM:Q43.4	Duplication of intestine	DISEASE	MONDO:0015774	thoraco-abdominal enteric duplication	provenance-only:orphanet	2	no	KEEP-as-broadMatch	2 Mondo terms share this code; Mondo is narrower	"{source=""Orphanet:1759""}"
ICD10CM:Q43.8	Other specified congenital malformations of intestine	RESIDUAL	MONDO:0009465	multiple intestinal atresia	provenance-only:orphanet	3	no	KEEP-as-broadMatch	ICD code is RESIDUAL; cannot be an exact equivalent	"{source=""Orphanet:2300""}"
ICD10CM:Q43.8	Other specified congenital malformations of intestine	RESIDUAL	MONDO:0014097	congenital short bowel syndrome	provenance-only:orphanet	3	no	KEEP-as-broadMatch	ICD code is RESIDUAL; cannot be an exact equivalent	"{source=""Orphanet:2301""}"
ICD10CM:Q43.8	Other specified congenital malformations of intestine	RESIDUAL	MONDO:0100354	megacystis-microcolon-intestinal hypoperistalsis syndrome 1	provenance-only:orphanet	3	no	KEEP-as-broadMatch	ICD code is RESIDUAL; cannot be an exact equivalent	"{source=""DOID:0060610"", source=""Orphanet:2241""}"
ICD10CM:Q44.0	Agenesis, aplasia and hypoplasia of gallbladder	CONTAINER	MONDO:0007642	isolated agenesis of gallbladder	provenance-only:orphanet	1	no	KEEP-as-broadMatch	ICD code is CONTAINER; cannot be an exact equivalent	"{source=""Orphanet:440987""}"
ICD10CM:Q44.7	Other congenital malformations of liver	RESIDUAL	MONDO:0007318	Alagille syndrome	provenance-only:orphanet	4	no	KEEP-as-broadMatch	ICD code is RESIDUAL; cannot be an exact equivalent	"{source=""DOID:9245"", source=""Orphanet:52/inclusion"", source=""Orphanet:52""}"
ICD10CM:Q44.7	Other congenital malformations of liver	RESIDUAL	MONDO:0012439	Alagille syndrome due to a NOTCH2 point mutation	provenance-only:orphanet	4	no	KEEP-as-broadMatch	ICD code is RESIDUAL; cannot be an exact equivalent	"{source=""Orphanet:261629""}"
ICD10CM:Q44.7	Other congenital malformations of liver	RESIDUAL	MONDO:0016861	Alagille syndrome due to 20p12 microdeletion	provenance-only:orphanet	4	no	KEEP-as-broadMatch	ICD code is RESIDUAL; cannot be an exact equivalent	"{source=""Orphanet:261600""}"
ICD10CM:Q44.7	Other congenital malformations of liver	RESIDUAL	MONDO:0016862	Alagille syndrome due to a JAG1 point mutation	provenance-only:orphanet	4	no	KEEP-as-broadMatch	ICD code is RESIDUAL; cannot be an exact equivalent	"{source=""Orphanet:261619""}"
ICD10CM:Q45.0	Agenesis, aplasia and hypoplasia of pancreas	CONTAINER	MONDO:0009832	pancreatic agenesis	provenance-only:orphanet	1	no	KEEP-as-broadMatch	ICD code is CONTAINER; cannot be an exact equivalent	"{source=""Orphanet:2805""}"
ICD10CM:Q45.3	Other congenital malformations of pancreas and pancreatic duct	RESIDUAL	MONDO:0019034	accessory pancreas	provenance-only:orphanet	1	no	KEEP-as-broadMatch	ICD code is RESIDUAL; cannot be an exact equivalent	"{source=""Orphanet:674/inclusion"", source=""Orphanet:674""}"
ICD10CM:Q45.8	Other specified congenital malformations of digestive system	RESIDUAL	MONDO:0016531	digestive duplication	provenance-only:orphanet	2	no	KEEP-as-broadMatch	ICD code is RESIDUAL; cannot be an exact equivalent	"{source=""Orphanet:238/inclusion"", source=""Orphanet:238""}"
ICD10CM:Q45.8	Other specified congenital malformations of digestive system	RESIDUAL	MONDO:0017400	hypoplastic pancreas-intestinal atresia-hypoplastic gallbalder syndrome	provenance-only:orphanet	2	no	KEEP-as-broadMatch	ICD code is RESIDUAL; cannot be an exact equivalent	"{source=""Orphanet:293864""}"
ICD10CM:Q50-Q56	Congenital malformations of genital organs (Q50-Q56)	BLOCK	MONDO:0005039	reproductive system disorder	provenance-only:other	2	no	KEEP-as-broadMatch	ICD code is BLOCK; cannot be an exact equivalent	"{source=""https://github.com/monarch-initiative/mondo/issues/4536"", source=""https://orcid.org/0000-0001-5208-3432"", source=""https://orcid.org/0000-0002-4142-7153""}"
ICD10CM:Q50-Q56	Congenital malformations of genital organs (Q50-Q56)	BLOCK	MONDO:0019356	urogenital tract malformation	provenance-only:other	2	no	KEEP-as-broadMatch	ICD code is BLOCK; cannot be an exact equivalent	"{source=""https://github.com/monarch-initiative/mondo/issues/4536"", source=""https://orcid.org/0000-0001-5208-3432"", source=""https://orcid.org/0000-0002-4142-7153""}"
ICD10CM:Q51.2	Other doubling of uterus	RESIDUAL	MONDO:0007698	hand-foot-genital syndrome	provenance-only:orphanet	4	no	KEEP-as-broadMatch	ICD code is RESIDUAL; cannot be an exact equivalent	"{source=""Orphanet:2438"", source=""DOID:0060739""}"
ICD10CM:Q51.2	Other doubling of uterus	RESIDUAL	MONDO:0015839	septate uterus	provenance-only:orphanet	4	no	KEEP-as-broadMatch	ICD code is RESIDUAL; cannot be an exact equivalent	"{source=""Orphanet:180122""}"
ICD10CM:Q51.2	Other doubling of uterus	RESIDUAL	MONDO:0015840	complete septate uterus	provenance-only:orphanet	4	no	KEEP-as-broadMatch	ICD code is RESIDUAL; cannot be an exact equivalent	"{source=""Orphanet:180126""}"
ICD10CM:Q51.2	Other doubling of uterus	RESIDUAL	MONDO:0015841	partial septate uterus	provenance-only:orphanet	4	no	KEEP-as-broadMatch	ICD code is RESIDUAL; cannot be an exact equivalent	"{source=""Orphanet:180129""}"
ICD10CM:Q51.3	Bicornate uterus	DISEASE	MONDO:0015838	cordiform uterus	provenance-only:orphanet	2	no	KEEP-as-broadMatch	2 Mondo terms share this code; Mondo is narrower	"{source=""Orphanet:180118""}"
ICD10CM:Q51.3	Bicornate uterus	DISEASE	MONDO:0015842	bicornuate uterus	orphanet-exact	2	no	KEEP-as-broadMatch	2 Mondo terms share this code; Mondo is narrower	"{source=""Orphanet:180134/e"", source=""Orphanet:180134""}"
ICD10CM:Q51.4	Unicornate uterus	DISEASE	MONDO:0015831	unilateral aplasia of the mullerian ducts	orphanet-specific	3	no	KEEP-as-broadMatch	3 Mondo terms share this code; Mondo is narrower	"{source=""Orphanet:180071"", source=""Orphanet:180071/e"", source=""Orphanet:180071/specific""}"
ICD10CM:Q51.4	Unicornate uterus	DISEASE	MONDO:0015832	true unicornuate uterus	provenance-only:orphanet	3	no	KEEP-as-broadMatch	3 Mondo terms share this code; Mondo is narrower	"{source=""Orphanet:180074""}"
ICD10CM:Q51.4	Unicornate uterus	DISEASE	MONDO:0015833	pseudounicornuate uterus	provenance-only:orphanet	3	no	KEEP-as-broadMatch	3 Mondo terms share this code; Mondo is narrower	"{source=""Orphanet:180079""}"
ICD10CM:Q51.8	Other congenital malformations of uterus and cervix	RESIDUAL	MONDO:0008019	mullerian aplasia and hyperandrogenism	provenance-only:orphanet	5	no	KEEP-as-broadMatch	ICD code is RESIDUAL; cannot be an exact equivalent	"{source=""Orphanet:247768""}"
ICD10CM:Q51.8	Other congenital malformations of uterus and cervix	RESIDUAL	MONDO:0010173	Mayer-Rokitansky-Kuster-Hauser syndrome type 1	provenance-only:orphanet	5	no	KEEP-as-broadMatch	ICD code is RESIDUAL; cannot be an exact equivalent	"{source=""Orphanet:247775""}"
ICD10CM:Q51.8	Other congenital malformations of uterus and cervix	RESIDUAL	MONDO:0015830	partial bilateral aplasia of the mullerian ducts	provenance-only:orphanet	5	no	KEEP-as-broadMatch	ICD code is RESIDUAL; cannot be an exact equivalent	"{source=""Orphanet:180068""}"
ICD10CM:Q51.8	Other congenital malformations of uterus and cervix	RESIDUAL	MONDO:0015843	uterine hypoplasia	provenance-only:orphanet	5	no	KEEP-as-broadMatch	ICD code is RESIDUAL; cannot be an exact equivalent	"{source=""Orphanet:180139""}"
ICD10CM:Q51.8	Other congenital malformations of uterus and cervix	RESIDUAL	MONDO:0017771	Mayer-Rokitansky-Kuster-Hauser syndrome	provenance-only:orphanet	5	no	KEEP-as-broadMatch	ICD code is RESIDUAL; cannot be an exact equivalent	"{source=""Orphanet:3109""}"
ICD10CM:Q52.1	Doubling of vagina	DISEASE	MONDO:0015849	longitudinal vaginal septum	provenance-only:orphanet	2	no	KEEP-as-broadMatch	2 Mondo terms share this code; Mondo is narrower	"{source=""Orphanet:180157""}"
ICD10CM:Q52.1	Doubling of vagina	DISEASE	MONDO:0015850	transverse vaginal septum	provenance-only:orphanet	2	no	KEEP-as-broadMatch	2 Mondo terms share this code; Mondo is narrower	"{source=""Orphanet:180160""}"
ICD10CM:Q53.9	Undescended testicle, unspecified	RESIDUAL	MONDO:0009047	cryptorchidism	provenance-only:doid	1	syn-match	KEEP-as-broadMatch	ICD code is RESIDUAL; cannot be an exact equivalent	"{source=""DOID:11383""}"
ICD10CM:Q54.2	Hypospadias, penoscrotal	DISEASE	MONDO:0005345	hypospadias	provenance-only:orphanet	2	no	KEEP-as-broadMatch	2 Mondo terms share this code; Mondo is narrower	"{source=""Orphanet:440""}"
ICD10CM:Q54.2	Hypospadias, penoscrotal	DISEASE	MONDO:0019848	posterior hypospadias	orphanet-btnt	2	no	KEEP-as-broadMatch	2 Mondo terms share this code; Mondo is narrower	"{source=""Orphanet:95706/btnt"", source=""Orphanet:95706""}"
ICD10CM:Q54.3	Hypospadias, perineal	DISEASE	MONDO:0005345	hypospadias	provenance-only:orphanet	2	no	KEEP-as-broadMatch	2 Mondo terms share this code; Mondo is narrower	"{source=""Orphanet:440""}"
ICD10CM:Q54.3	Hypospadias, perineal	DISEASE	MONDO:0019848	posterior hypospadias	orphanet-btnt	2	no	KEEP-as-broadMatch	2 Mondo terms share this code; Mondo is narrower	"{source=""Orphanet:95706/btnt"", source=""Orphanet:95706""}"
ICD10CM:Q54.8	Other hypospadias	RESIDUAL	MONDO:0005345	hypospadias	provenance-only:orphanet	1	no	KEEP-as-broadMatch	ICD code is RESIDUAL; cannot be an exact equivalent	"{source=""Orphanet:440""}"
ICD10CM:Q54.9	Hypospadias, unspecified	RESIDUAL	MONDO:0005345	hypospadias	provenance-only:orphanet	1	match	KEEP-as-broadMatch	ICD code is RESIDUAL; cannot be an exact equivalent	"{source=""DOID:10892"", source=""Orphanet:440""}"
ICD10CM:Q55.0	Absence and aplasia of testis	DISEASE	MONDO:0017967	testicular agenesis	provenance-only:orphanet	2	no	KEEP-as-broadMatch	2 Mondo terms share this code; Mondo is narrower	"{source=""Orphanet:325124""}"
ICD10CM:Q55.0	Absence and aplasia of testis	DISEASE	MONDO:8000015	46,XY sex reversal 11	orphanet-specific	2	no	KEEP-as-broadMatch	2 Mondo terms share this code; Mondo is narrower	"{source=""Orphanet:983"", source=""Orphanet:983/e"", source=""Orphanet:983/specific""}"
ICD10CM:Q55.4	Other congenital malformations of vas deferens, epididymis, seminal vesicles and prostate	RESIDUAL	MONDO:0018801	congenital bilateral absence of vas deferens	provenance-only:orphanet	1	no	KEEP-as-broadMatch	ICD code is RESIDUAL; cannot be an exact equivalent	"{source=""Orphanet:48""}"
ICD10CM:Q55.6	Other congenital malformations of penis	RESIDUAL	MONDO:0016416	diphallia	provenance-only:orphanet	2	no	KEEP-as-broadMatch	ICD code is RESIDUAL; cannot be an exact equivalent	"{source=""Orphanet:227""}"
ICD10CM:Q55.6	Other congenital malformations of penis	RESIDUAL	MONDO:0019849	isolated micropenis	provenance-only:orphanet	2	no	KEEP-as-broadMatch	ICD code is RESIDUAL; cannot be an exact equivalent	"{source=""Orphanet:95707""}"
ICD10CM:Q55.8	Other specified congenital malformations of male genital organs	RESIDUAL	MONDO:0009857	persistent Mullerian duct syndrome	provenance-only:orphanet	2	no	KEEP-as-broadMatch	ICD code is RESIDUAL; cannot be an exact equivalent	"{source=""Orphanet:2856""}"
ICD10CM:Q55.8	Other specified congenital malformations of male genital organs	RESIDUAL	MONDO:0017285	penoscrotal transposition	provenance-only:orphanet	2	no	KEEP-as-broadMatch	ICD code is RESIDUAL; cannot be an exact equivalent	"{source=""Orphanet:2842""}"
ICD10CM:Q56.0	Hermaphroditism, not elsewhere classified	CONTAINER	MONDO:0012530	palmoplantar keratoderma-XX sex reversal-predisposition to squamous cell carcinoma syndrome	provenance-only:orphanet	2	no	KEEP-as-broadMatch	ICD code is CONTAINER; cannot be an exact equivalent	"{source=""Orphanet:85112""}"
ICD10CM:Q56.0	Hermaphroditism, not elsewhere classified	CONTAINER	MONDO:0016281	46,XX ovotesticular disorder of sex development	provenance-only:orphanet	2	no	KEEP-as-broadMatch	ICD code is CONTAINER; cannot be an exact equivalent	"{source=""Orphanet:2138""}"
ICD10CM:Q56.1	Male pseudohermaphroditism, not elsewhere classified	CONTAINER	MONDO:0009223	hypogonadotropic hypogonadism 23 with or without anosmia	provenance-only:orphanet	8	no	KEEP-as-broadMatch	ICD code is CONTAINER; cannot be an exact equivalent	"{source=""Orphanet:325448"", source=""DOID:0090091""}"
ICD10CM:Q56.1	Male pseudohermaphroditism, not elsewhere classified	CONTAINER	MONDO:0009923	46,XY disorder of sex development due to 5-alpha-reductase 2 deficiency	provenance-only:orphanet	8	no	KEEP-as-broadMatch	ICD code is CONTAINER; cannot be an exact equivalent	"{source=""Orphanet:753""}"
ICD10CM:Q56.1	Male pseudohermaphroditism, not elsewhere classified	CONTAINER	MONDO:0011766	46,XY gonadal dysgenesis-motor and sensory neuropathy syndrome	provenance-only:orphanet	8	no	KEEP-as-broadMatch	ICD code is CONTAINER; cannot be an exact equivalent	"{source=""Orphanet:168563""}"
ICD10CM:Q56.1	Male pseudohermaphroditism, not elsewhere classified	CONTAINER	MONDO:0013400	Congenital adrenal insufficiency with 46, XY sex reversal OR 46,XY disorder of sex development-adrenal insufficiency due to CYP11A1 deficiency	provenance-only:orphanet	8	no	KEEP-as-broadMatch	ICD code is CONTAINER; cannot be an exact equivalent	"{source=""Orphanet:168558""}"
ICD10CM:Q56.1	Male pseudohermaphroditism, not elsewhere classified	CONTAINER	MONDO:0016674	46,XY partial gonadal dysgenesis	provenance-only:orphanet	8	no	KEEP-as-broadMatch	ICD code is CONTAINER; cannot be an exact equivalent	"{source=""Orphanet:251510""}"
ICD10CM:Q56.1	Male pseudohermaphroditism, not elsewhere classified	CONTAINER	MONDO:0019155	Leydig cell hypoplasia	provenance-only:orphanet	8	no	KEEP-as-broadMatch	ICD code is CONTAINER; cannot be an exact equivalent	"{source=""Orphanet:755""}"
ICD10CM:Q56.1	Male pseudohermaphroditism, not elsewhere classified	CONTAINER	MONDO:0019930	Leydig cell hypoplasia due to complete LH resistance	provenance-only:orphanet	8	no	KEEP-as-broadMatch	ICD code is CONTAINER; cannot be an exact equivalent	"{source=""Orphanet:96265""}"
ICD10CM:Q56.1	Male pseudohermaphroditism, not elsewhere classified	CONTAINER	MONDO:0019931	Leydig cell hypoplasia due to partial LH resistance	provenance-only:orphanet	8	no	KEEP-as-broadMatch	ICD code is CONTAINER; cannot be an exact equivalent	"{source=""Orphanet:96266""}"
ICD10CM:Q56.2	Female pseudohermaphroditism, not elsewhere classified	CONTAINER	MONDO:0009915	46,XX disorder of sex development-skeletal anomalies syndrome	provenance-only:orphanet	3	no	KEEP-as-broadMatch	ICD code is CONTAINER; cannot be an exact equivalent	"{source=""Orphanet:2975""}"
ICD10CM:Q56.2	Female pseudohermaphroditism, not elsewhere classified	CONTAINER	MONDO:0017573	46,XX disorder of sex development-anorectal anomalies syndrome	provenance-only:orphanet	3	no	KEEP-as-broadMatch	ICD code is CONTAINER; cannot be an exact equivalent	"{source=""Orphanet:2973""}"
ICD10CM:Q56.2	Female pseudohermaphroditism, not elsewhere classified	CONTAINER	MONDO:0017576	46,XX disorder of sex development	provenance-only:orphanet	3	syn-match	KEEP-as-broadMatch	ICD code is CONTAINER; cannot be an exact equivalent	"{source=""Orphanet:2982""}"
ICD10CM:Q56.3	Pseudohermaphroditism, unspecified	RESIDUAL	MONDO:0005518	pseudohermaphroditism	other-mondo-qualifier:equivalentToOther	2	match	KEEP-as-broadMatch	ICD code is RESIDUAL; cannot be an exact equivalent	"{source=""MONDO:equivalentToOther"", source=""DOID:3765""}"
ICD10CM:Q56.3	Pseudohermaphroditism, unspecified	RESIDUAL	MONDO:0010824	disorder of sex development-intellectual disability syndrome	provenance-only:orphanet	2	no	KEEP-as-broadMatch	ICD code is RESIDUAL; cannot be an exact equivalent	"{source=""Orphanet:2983""}"
ICD10CM:Q60.2	Renal agenesis, unspecified	RESIDUAL	MONDO:0018470	renal agenesis	orphanet-btnt	1	match	KEEP-as-broadMatch	ICD code is RESIDUAL; cannot be an exact equivalent	"{source=""Orphanet:411709/specific"", source=""Orphanet:411709/btnt"", source=""Orphanet:411709""}"
ICD10CM:Q60.5	Renal hypoplasia, unspecified	RESIDUAL	MONDO:0019637	renal hypoplasia	orphanet-specific	1	match	KEEP-as-broadMatch	ICD code is RESIDUAL; cannot be an exact equivalent	"{source=""Orphanet:93101"", source=""Orphanet:93101/specific"", source=""Orphanet:93101/e""}"
ICD10CM:Q61.3	Polycystic kidney, unspecified	RESIDUAL	MONDO:0004691	autosomal dominant polycystic kidney disease	provenance-only:doid	1	no	KEEP-as-broadMatch	ICD code is RESIDUAL; cannot be an exact equivalent	"{source=""DOID:898""}"
ICD10CM:Q61.5	Medullary cystic kidney	DISEASE	MONDO:0008073	familial juvenile hyperuricemic nephropathy type 1	provenance-only:orphanet	10	no	KEEP-as-broadMatch	10 Mondo terms share this code; Mondo is narrower	"{source=""Orphanet:88950""}"
ICD10CM:Q61.5	Medullary cystic kidney	DISEASE	MONDO:0008264	autosomal dominant medullary cystic kidney disease with or without hyperuricemia	orphanet-specific	10	no	KEEP-as-broadMatch	10 Mondo terms share this code; Mondo is narrower	"{source=""Orphanet:34149"", source=""Orphanet:34149/e"", source=""Orphanet:34149/specific""}"
ICD10CM:Q61.5	Medullary cystic kidney	DISEASE	MONDO:0009728	nephronophthisis 1	provenance-only:orphanet	10	no	KEEP-as-broadMatch	10 Mondo terms share this code; Mondo is narrower	"{source=""Orphanet:93592""}"
ICD10CM:Q61.5	Medullary cystic kidney	DISEASE	MONDO:0012308	Joubert syndrome with renal defect	provenance-only:orphanet	10	no	KEEP-as-broadMatch	10 Mondo terms share this code; Mondo is narrower	"{source=""Orphanet:220497""}"
ICD10CM:Q61.5	Medullary cystic kidney	DISEASE	MONDO:0014158	nephronophthisis 16	provenance-only:orphanet	10	no	KEEP-as-broadMatch	10 Mondo terms share this code; Mondo is narrower	"{source=""Orphanet:93591""}"
ICD10CM:Q61.5	Medullary cystic kidney	DISEASE	MONDO:0015268	medullary sponge kidney	provenance-only:orphanet	10	no	KEEP-as-broadMatch	10 Mondo terms share this code; Mondo is narrower	"{source=""Orphanet:1309/inclusion"", source=""Orphanet:1309""}"
ICD10CM:Q61.5	Medullary cystic kidney	DISEASE	MONDO:0017842	Senior-Loken syndrome	provenance-only:orphanet	10	no	KEEP-as-broadMatch	10 Mondo terms share this code; Mondo is narrower	"{source=""Orphanet:3156"", source=""DOID:0050576""}"
ICD10CM:Q61.5	Medullary cystic kidney	DISEASE	MONDO:0019005	nephronophthisis	provenance-only:orphanet	10	syn-match	KEEP-as-broadMatch	10 Mondo terms share this code; Mondo is narrower	"{source=""DOID:12712"", source=""Orphanet:655""}"
ICD10CM:Q61.5	Medullary cystic kidney	DISEASE	MONDO:0019742	late-onset nephronophthisis	provenance-only:orphanet	10	no	KEEP-as-broadMatch	10 Mondo terms share this code; Mondo is narrower	"{source=""Orphanet:93589""}"
ICD10CM:Q61.5	Medullary cystic kidney	DISEASE	MONDO:0020726	tubulointerstitial kidney disease, autosomal dominant, 2	provenance-only:orphanet	10	no	KEEP-as-broadMatch	10 Mondo terms share this code; Mondo is narrower	"{source=""Orphanet:88949""}"
ICD10CM:Q61.9	Cystic kidney disease, unspecified	RESIDUAL	MONDO:0009571	Meckel syndrome, type 1	provenance-only:doid	9	no	KEEP-as-broadMatch	ICD code is RESIDUAL; cannot be an exact equivalent	"{source=""DOID:0070115""}"
ICD10CM:Q61.9	Cystic kidney disease, unspecified	RESIDUAL	MONDO:0009966	NPHP3-related Meckel-like syndrome	provenance-only:orphanet	9	no	KEEP-as-broadMatch	ICD code is RESIDUAL; cannot be an exact equivalent	"{source=""Orphanet:3032""}"
ICD10CM:Q61.9	Cystic kidney disease, unspecified	RESIDUAL	MONDO:0011296	Meckel syndrome, type 2	provenance-only:doid	9	no	KEEP-as-broadMatch	ICD code is RESIDUAL; cannot be an exact equivalent	"{source=""DOID:0070116""}"
ICD10CM:Q61.9	Cystic kidney disease, unspecified	RESIDUAL	MONDO:0011821	Meckel syndrome, type 3	provenance-only:doid	9	no	KEEP-as-broadMatch	ICD code is RESIDUAL; cannot be an exact equivalent	"{source=""DOID:0070117""}"
ICD10CM:Q61.9	Cystic kidney disease, unspecified	RESIDUAL	MONDO:0012626	Meckel syndrome, type 4	provenance-only:doid	9	no	KEEP-as-broadMatch	ICD code is RESIDUAL; cannot be an exact equivalent	"{source=""DOID:0070118""}"
ICD10CM:Q61.9	Cystic kidney disease, unspecified	RESIDUAL	MONDO:0012695	Meckel syndrome, type 5	provenance-only:doid	9	no	KEEP-as-broadMatch	ICD code is RESIDUAL; cannot be an exact equivalent	"{source=""DOID:0070119""}"
ICD10CM:Q61.9	Cystic kidney disease, unspecified	RESIDUAL	MONDO:0012848	Meckel syndrome, type 6	provenance-only:doid	9	no	KEEP-as-broadMatch	ICD code is RESIDUAL; cannot be an exact equivalent	"{source=""DOID:0070120""}"
ICD10CM:Q61.9	Cystic kidney disease, unspecified	RESIDUAL	MONDO:0013482	Meckel syndrome, type 8	provenance-only:doid	9	no	KEEP-as-broadMatch	ICD code is RESIDUAL; cannot be an exact equivalent	"{source=""DOID:0070122""}"
ICD10CM:Q61.9	Cystic kidney disease, unspecified	RESIDUAL	MONDO:0018921	Meckel syndrome	provenance-only:orphanet	9	no	KEEP-as-broadMatch	ICD code is RESIDUAL; cannot be an exact equivalent	"{source=""Orphanet:564/inclusion"", source=""Orphanet:564""}"
ICD10CM:Q63.8	Other specified congenital malformations of kidney	RESIDUAL	MONDO:0009970	renal tubular dysgenesis of genetic origin	provenance-only:orphanet	7	no	KEEP-as-broadMatch	ICD code is RESIDUAL; cannot be an exact equivalent	"{source=""Orphanet:97369""}"
ICD10CM:Q63.8	Other specified congenital malformations of kidney	RESIDUAL	MONDO:0017609	renal tubular dysgenesis	provenance-only:orphanet	7	no	KEEP-as-broadMatch	ICD code is RESIDUAL; cannot be an exact equivalent	"{source=""Orphanet:3033""}"
ICD10CM:Q63.8	Other specified congenital malformations of kidney	RESIDUAL	MONDO:0019639	congenital megacalycosis	provenance-only:orphanet	7	no	KEEP-as-broadMatch	ICD code is RESIDUAL; cannot be an exact equivalent	"{source=""Orphanet:93109""}"
ICD10CM:Q63.8	Other specified congenital malformations of kidney	RESIDUAL	MONDO:0019646	unilateral congenital megacalycosis	provenance-only:orphanet	7	no	KEEP-as-broadMatch	ICD code is RESIDUAL; cannot be an exact equivalent	"{source=""Orphanet:93176""}"
ICD10CM:Q63.8	Other specified congenital malformations of kidney	RESIDUAL	MONDO:0019647	congenital bilateral megacalycosis	provenance-only:orphanet	7	no	KEEP-as-broadMatch	ICD code is RESIDUAL; cannot be an exact equivalent	"{source=""Orphanet:93177""}"
ICD10CM:Q63.8	Other specified congenital malformations of kidney	RESIDUAL	MONDO:0019984	renal tubular dysgenesis due to twin-twin transfusion	provenance-only:orphanet	7	no	KEEP-as-broadMatch	ICD code is RESIDUAL; cannot be an exact equivalent	"{source=""Orphanet:97367""}"
ICD10CM:Q63.8	Other specified congenital malformations of kidney	RESIDUAL	MONDO:0019985	drug-related renal tubular dysgenesis	provenance-only:orphanet	7	no	KEEP-as-broadMatch	ICD code is RESIDUAL; cannot be an exact equivalent	"{source=""Orphanet:97368""}"
ICD10CM:Q64.1	Exstrophy of urinary bladder	DISEASE	MONDO:0009774	cloacal exstrophy	provenance-only:orphanet	3	no	KEEP-as-broadMatch	3 Mondo terms share this code; Mondo is narrower	"{source=""Orphanet:93929""}"
ICD10CM:Q64.1	Exstrophy of urinary bladder	DISEASE	MONDO:0010805	bladder exstrophy	orphanet-specific	3	no	KEEP-as-broadMatch	3 Mondo terms share this code; Mondo is narrower	"{source=""DOID:0080174"", source=""Orphanet:93930/specific"", source=""Orphanet:93930"", source=""Orphanet:93930/e""}"
ICD10CM:Q64.1	Exstrophy of urinary bladder	DISEASE	MONDO:0017919	exstrophy-epispadias complex	provenance-only:orphanet	3	no	KEEP-as-broadMatch	3 Mondo terms share this code; Mondo is narrower	"{source=""Orphanet:322""}"
ICD10CM:Q64.3	Other atresia and stenosis of urethra and bladder neck	RESIDUAL	MONDO:0015195	atresia of urethra	relatedTo	1	no	KEEP-as-broadMatch	ICD code is RESIDUAL; cannot be an exact equivalent	"{source=""MONDO:relatedTo"", source=""Orphanet:105"", source=""Orphanet:105/e"", source=""Orphanet:105/specific""}"
ICD10CM:Q64.4	Malformation of urachus	DISEASE	MONDO:0018551	patent urachus	provenance-only:orphanet	4	no	KEEP-as-broadMatch	4 Mondo terms share this code; Mondo is narrower	"{source=""Orphanet:431341""}"
ICD10CM:Q64.4	Malformation of urachus	DISEASE	MONDO:0018552	urachal sinus	provenance-only:orphanet	4	no	KEEP-as-broadMatch	4 Mondo terms share this code; Mondo is narrower	"{source=""Orphanet:431344""}"
ICD10CM:Q64.4	Malformation of urachus	DISEASE	MONDO:0018553	urachal diverticulum	provenance-only:orphanet	4	no	KEEP-as-broadMatch	4 Mondo terms share this code; Mondo is narrower	"{source=""Orphanet:431347""}"
ICD10CM:Q64.4	Malformation of urachus	DISEASE	MONDO:0018844	urachal cyst	provenance-only:orphanet	4	no	KEEP-as-broadMatch	4 Mondo terms share this code; Mondo is narrower	"{source=""Orphanet:488""}"
ICD10CM:Q64.7	Other and unspecified congenital malformations of bladder and urethra	RESIDUAL	MONDO:0016529	duplication of urethra	provenance-only:orphanet	1	no	KEEP-as-broadMatch	ICD code is RESIDUAL; cannot be an exact equivalent	"{source=""Orphanet:237"", source=""Orphanet:237/inclusion""}"
ICD10CM:Q65-Q79	Congenital malformations and deformations of the musculoskeletal system (Q65-Q79)	BLOCK	MONDO:0002081	musculoskeletal system disorder	provenance-only:other	1	no	KEEP-as-broadMatch	ICD code is BLOCK; cannot be an exact equivalent	"{source=""https://github.com/monarch-initiative/mondo/issues/4536"", source=""https://orcid.org/0000-0001-5208-3432"", source=""https://orcid.org/0000-0002-4142-7153""}"
ICD10CM:Q65.8	Other congenital deformities of hip	RESIDUAL	MONDO:0007726	hip dysplasia, Beukes type	provenance-only:orphanet	1	no	KEEP-as-broadMatch	ICD code is RESIDUAL; cannot be an exact equivalent	"{source=""Orphanet:2114""}"
ICD10CM:Q66.8	Other congenital deformities of feet	RESIDUAL	MONDO:0008652	congenital vertical talus	provenance-only:orphanet	8	no	KEEP-as-broadMatch	ICD code is RESIDUAL; cannot be an exact equivalent	"{source=""Orphanet:178382/inclusion"", source=""Orphanet:178382""}"
ICD10CM:Q66.8	Other congenital deformities of feet	RESIDUAL	MONDO:0013329	familial clubfoot due to 17q23.1q23.2 microduplication	provenance-only:orphanet	8	no	KEEP-as-broadMatch	ICD code is RESIDUAL; cannot be an exact equivalent	"{source=""Orphanet:238578""}"
ICD10CM:Q66.8	Other congenital deformities of feet	RESIDUAL	MONDO:0016046	familial clubfoot with or without associated lower limb anomalies	provenance-only:orphanet	8	no	KEEP-as-broadMatch	ICD code is RESIDUAL; cannot be an exact equivalent	"{source=""Orphanet:199315""}"
ICD10CM:Q66.8	Other congenital deformities of feet	RESIDUAL	MONDO:0017382	familial clubfoot due to 5q31 microdeletion	provenance-only:orphanet	8	no	KEEP-as-broadMatch	ICD code is RESIDUAL; cannot be an exact equivalent	"{source=""Orphanet:293144""}"
ICD10CM:Q66.8	Other congenital deformities of feet	RESIDUAL	MONDO:0017383	familial clubfoot due to PITX1 point mutation	provenance-only:orphanet	8	no	KEEP-as-broadMatch	ICD code is RESIDUAL; cannot be an exact equivalent	"{source=""Orphanet:293150""}"
ICD10CM:Q66.8	Other congenital deformities of feet	RESIDUAL	MONDO:0017546	congenital vertical talus, unilateral	provenance-only:orphanet	8	no	KEEP-as-broadMatch	ICD code is RESIDUAL; cannot be an exact equivalent	"{source=""Orphanet:295201""}"
ICD10CM:Q66.8	Other congenital deformities of feet	RESIDUAL	MONDO:0017547	congenital vertical talus, bilateral	provenance-only:orphanet	8	no	KEEP-as-broadMatch	ICD code is RESIDUAL; cannot be an exact equivalent	"{source=""Orphanet:295203""}"
ICD10CM:Q66.8	Other congenital deformities of feet	RESIDUAL	MONDO:0018228	bipartite talus	provenance-only:orphanet	8	no	KEEP-as-broadMatch	ICD code is RESIDUAL; cannot be an exact equivalent	"{source=""Orphanet:364198""}"
ICD10CM:Q66.89	Other specified congenital deformities of feet	RESIDUAL	MONDO:0007342	clubfoot	provenance-only:doid	1	no	KEEP-as-broadMatch	ICD code is RESIDUAL; cannot be an exact equivalent	"{source=""DOID:11836""}"
ICD10CM:Q67.4	Other congenital deformities of skull, face and jaw	RESIDUAL	MONDO:0007590	hemifacial hypertrophy	provenance-only:orphanet	4	no	KEEP-as-broadMatch	ICD code is RESIDUAL; cannot be an exact equivalent	"{source=""Orphanet:141145/inclusion"", source=""Orphanet:141145""}"
ICD10CM:Q67.4	Other congenital deformities of skull, face and jaw	RESIDUAL	MONDO:0007711	Bencze syndrome	provenance-only:orphanet	4	no	KEEP-as-broadMatch	ICD code is RESIDUAL; cannot be an exact equivalent	"{source=""Orphanet:1241""}"
ICD10CM:Q67.4	Other congenital deformities of skull, face and jaw	RESIDUAL	MONDO:0011723	hemifacial myohyperplasia	provenance-only:orphanet	4	no	KEEP-as-broadMatch	ICD code is RESIDUAL; cannot be an exact equivalent	"{source=""Orphanet:141148""}"
ICD10CM:Q67.4	Other congenital deformities of skull, face and jaw	RESIDUAL	MONDO:0015409	isolated congenital syngnathia	provenance-only:orphanet	4	no	KEEP-as-broadMatch	ICD code is RESIDUAL; cannot be an exact equivalent	"{source=""Orphanet:141214""}"
ICD10CM:Q68.1	Congenital deformity of finger(s) and hand	CONTAINER	MONDO:0007185	Banki syndrome	provenance-only:orphanet	5	no	KEEP-as-broadMatch	ICD code is CONTAINER; cannot be an exact equivalent	"{source=""Orphanet:1228""}"
ICD10CM:Q68.1	Congenital deformity of finger(s) and hand	CONTAINER	MONDO:0007250	camptodactyly of fingers	provenance-only:orphanet	5	no	KEEP-as-broadMatch	ICD code is CONTAINER; cannot be an exact equivalent	"{source=""Orphanet:295016""}"
ICD10CM:Q68.1	Congenital deformity of finger(s) and hand	CONTAINER	MONDO:0007343	isolated congenital digital clubbing	provenance-only:orphanet	5	no	KEEP-as-broadMatch	ICD code is CONTAINER; cannot be an exact equivalent	"{source=""Orphanet:217059/inclusion"", source=""Orphanet:217059""}"
ICD10CM:Q68.1	Congenital deformity of finger(s) and hand	CONTAINER	MONDO:0015272	camptodactyly-taurinuria syndrome	provenance-only:orphanet	5	no	KEEP-as-broadMatch	ICD code is CONTAINER; cannot be an exact equivalent	"{source=""Orphanet:1325""}"
ICD10CM:Q68.1	Congenital deformity of finger(s) and hand	CONTAINER	MONDO:0017461	familial isolated clinodactyly of fingers	provenance-only:orphanet	5	no	KEEP-as-broadMatch	ICD code is CONTAINER; cannot be an exact equivalent	"{source=""Orphanet:295014""}"
ICD10CM:Q68.2	Congenital deformity of knee	CONTAINER	MONDO:0017470	congenital knee dislocation	provenance-only:orphanet	3	no	KEEP-as-broadMatch	ICD code is CONTAINER; cannot be an exact equivalent	"{source=""Orphanet:295034/inclusion"", source=""Orphanet:295034""}"
ICD10CM:Q68.2	Congenital deformity of knee	CONTAINER	MONDO:0017560	congenital genu recurvatum	provenance-only:orphanet	3	no	KEEP-as-broadMatch	ICD code is CONTAINER; cannot be an exact equivalent	"{source=""Orphanet:295229/inclusion"", source=""Orphanet:295229""}"
ICD10CM:Q68.2	Congenital deformity of knee	CONTAINER	MONDO:0017561	congenital genu flexum	provenance-only:orphanet	3	no	KEEP-as-broadMatch	ICD code is CONTAINER; cannot be an exact equivalent	"{source=""Orphanet:295232""}"
ICD10CM:Q68.4	Congenital bowing of tibia and fibula	DISEASE	MONDO:0008882	congenital bowing of long bones	orphanet-btnt	2	no	KEEP-as-broadMatch	2 Mondo terms share this code; Mondo is narrower	"{source=""Orphanet:2292/specific"", source=""Orphanet:2292"", source=""Orphanet:2292/btnt""}"
ICD10CM:Q68.4	Congenital bowing of tibia and fibula	DISEASE	MONDO:0017927	severe lateral tibial bowing with short stature	provenance-only:orphanet	2	no	KEEP-as-broadMatch	2 Mondo terms share this code; Mondo is narrower	"{source=""Orphanet:324307""}"
ICD10CM:Q68.5	Congenital bowing of long bones of leg, unspecified	RESIDUAL	MONDO:0008882	congenital bowing of long bones	orphanet-btnt	1	no	KEEP-as-broadMatch	ICD code is RESIDUAL; cannot be an exact equivalent	"{source=""Orphanet:2292/specific"", source=""Orphanet:2292"", source=""Orphanet:2292/btnt""}"
ICD10CM:Q68.8	Other specified congenital musculoskeletal deformities	RESIDUAL	MONDO:0007158	arthrogryposis- oculomotor limitation-electroretinal anomalies syndrome	provenance-only:orphanet	24	no	KEEP-as-broadMatch	ICD code is RESIDUAL; cannot be an exact equivalent	"{source=""Orphanet:1154""}"
ICD10CM:Q68.8	Other specified congenital musculoskeletal deformities	RESIDUAL	MONDO:0007159	arthrogryposis-like hand anomaly-sensorineural deafness syndrome	provenance-only:orphanet	24	no	KEEP-as-broadMatch	ICD code is RESIDUAL; cannot be an exact equivalent	"{source=""Orphanet:1144""}"
ICD10CM:Q68.8	Other specified congenital musculoskeletal deformities	RESIDUAL	MONDO:0007252	Gordon syndrome	provenance-only:orphanet	24	no	KEEP-as-broadMatch	ICD code is RESIDUAL; cannot be an exact equivalent	"{source=""Orphanet:376""}"
ICD10CM:Q68.8	Other specified congenital musculoskeletal deformities	RESIDUAL	MONDO:0007363	congenital contractural arachnodactyly	provenance-only:orphanet	24	no	KEEP-as-broadMatch	ICD code is RESIDUAL; cannot be an exact equivalent	"{source=""Orphanet:115""}"
ICD10CM:Q68.8	Other specified congenital musculoskeletal deformities	RESIDUAL	MONDO:0007388	congenitally short costocoracoid ligament	provenance-only:orphanet	24	no	KEEP-as-broadMatch	ICD code is RESIDUAL; cannot be an exact equivalent	"{source=""Orphanet:2391""}"
ICD10CM:Q68.8	Other specified congenital musculoskeletal deformities	RESIDUAL	MONDO:0007894	Leri pleonosteosis	provenance-only:orphanet	24	no	KEEP-as-broadMatch	ICD code is RESIDUAL; cannot be an exact equivalent	"{source=""Orphanet:2900""}"
ICD10CM:Q68.8	Other specified congenital musculoskeletal deformities	RESIDUAL	MONDO:0008016	trismus-pseudocamptodactyly syndrome	provenance-only:orphanet	24	no	KEEP-as-broadMatch	ICD code is RESIDUAL; cannot be an exact equivalent	"{source=""Orphanet:3377""}"
ICD10CM:Q68.8	Other specified congenital musculoskeletal deformities	RESIDUAL	MONDO:0008882	congenital bowing of long bones	orphanet-btnt	24	no	KEEP-as-broadMatch	ICD code is RESIDUAL; cannot be an exact equivalent	"{source=""Orphanet:2292/specific"", source=""Orphanet:2292"", source=""Orphanet:2292/btnt""}"
ICD10CM:Q68.8	Other specified congenital musculoskeletal deformities	RESIDUAL	MONDO:0009670	lethal congenital contracture syndrome 1	provenance-only:orphanet	24	no	KEEP-as-broadMatch	ICD code is RESIDUAL; cannot be an exact equivalent	"{source=""Orphanet:1486""}"
ICD10CM:Q68.8	Other specified congenital musculoskeletal deformities	RESIDUAL	MONDO:0011128	Sheldon-hall syndrome	provenance-only:orphanet	24	no	KEEP-as-broadMatch	ICD code is RESIDUAL; cannot be an exact equivalent	"{source=""Orphanet:1147""}"
ICD10CM:Q68.8	Other specified congenital musculoskeletal deformities	RESIDUAL	MONDO:0011868	lethal congenital contracture syndrome 2	provenance-only:orphanet	24	no	KEEP-as-broadMatch	ICD code is RESIDUAL; cannot be an exact equivalent	"{source=""DOID:0060560"", source=""Orphanet:137776""}"
ICD10CM:Q68.8	Other specified congenital musculoskeletal deformities	RESIDUAL	MONDO:0012137	Carney complex - trismus - pseudocamptodactyly syndrome	provenance-only:orphanet	24	no	KEEP-as-broadMatch	ICD code is RESIDUAL; cannot be an exact equivalent	"{source=""Orphanet:319340""}"
ICD10CM:Q68.8	Other specified congenital musculoskeletal deformities	RESIDUAL	MONDO:0012195	arthrogryposis-severe scoliosis syndrome	provenance-only:orphanet	24	no	KEEP-as-broadMatch	ICD code is RESIDUAL; cannot be an exact equivalent	"{source=""Orphanet:65720""}"
ICD10CM:Q68.8	Other specified congenital musculoskeletal deformities	RESIDUAL	MONDO:0012656	lethal congenital contracture syndrome 3	provenance-only:orphanet	24	no	KEEP-as-broadMatch	ICD code is RESIDUAL; cannot be an exact equivalent	"{source=""DOID:0060653"", source=""Orphanet:137783""}"
ICD10CM:Q68.8	Other specified congenital musculoskeletal deformities	RESIDUAL	MONDO:0014028	distal arthrogryposis type 5D	provenance-only:orphanet	24	no	KEEP-as-broadMatch	ICD code is RESIDUAL; cannot be an exact equivalent	"{source=""Orphanet:329457""}"
ICD10CM:Q68.8	Other specified congenital musculoskeletal deformities	RESIDUAL	MONDO:0015225	arthrogryposis syndrome	provenance-only:orphanet	24	no	KEEP-as-broadMatch	ICD code is RESIDUAL; cannot be an exact equivalent	"{source=""Orphanet:109007""}"
ICD10CM:Q68.8	Other specified congenital musculoskeletal deformities	RESIDUAL	MONDO:0015240	digitotalar dysmorphism	provenance-only:orphanet	24	no	KEEP-as-broadMatch	ICD code is RESIDUAL; cannot be an exact equivalent	"{source=""Orphanet:1146""}"
ICD10CM:Q68.8	Other specified congenital musculoskeletal deformities	RESIDUAL	MONDO:0016675	distal arthrogryposis type 10	provenance-only:orphanet	24	no	KEEP-as-broadMatch	ICD code is RESIDUAL; cannot be an exact equivalent	"{source=""Orphanet:251515""}"
ICD10CM:Q68.8	Other specified congenital musculoskeletal deformities	RESIDUAL	MONDO:0017436	lethal congenital contracture syndrome	provenance-only:orphanet	24	no	KEEP-as-broadMatch	ICD code is RESIDUAL; cannot be an exact equivalent	"{source=""DOID:0060558"", source=""Orphanet:294965""}"
ICD10CM:Q68.8	Other specified congenital musculoskeletal deformities	RESIDUAL	MONDO:0017468	congenital shoulder dislocation	provenance-only:orphanet	24	no	KEEP-as-broadMatch	ICD code is RESIDUAL; cannot be an exact equivalent	"{source=""Orphanet:295030"", source=""Orphanet:295030/inclusion""}"
ICD10CM:Q68.8	Other specified congenital musculoskeletal deformities	RESIDUAL	MONDO:0017469	congenital elbow dislocation	provenance-only:orphanet	24	no	KEEP-as-broadMatch	ICD code is RESIDUAL; cannot be an exact equivalent	"{source=""Orphanet:295032/inclusion"", source=""Orphanet:295032""}"
ICD10CM:Q68.8	Other specified congenital musculoskeletal deformities	RESIDUAL	MONDO:0017558	congenital elbow dislocation, unilateral	provenance-only:orphanet	24	no	KEEP-as-broadMatch	ICD code is RESIDUAL; cannot be an exact equivalent	"{source=""Orphanet:295225""}"
ICD10CM:Q68.8	Other specified congenital musculoskeletal deformities	RESIDUAL	MONDO:0017559	congenital elbow dislocation, bilateral	provenance-only:orphanet	24	no	KEEP-as-broadMatch	ICD code is RESIDUAL; cannot be an exact equivalent	"{source=""Orphanet:295227""}"
ICD10CM:Q68.8	Other specified congenital musculoskeletal deformities	RESIDUAL	MONDO:0019942	distal arthrogryposis	provenance-only:orphanet	24	no	KEEP-as-broadMatch	ICD code is RESIDUAL; cannot be an exact equivalent	"{source=""Orphanet:97120""}"
ICD10CM:Q69.0	Accessory finger(s)	DISEASE	MONDO:0008271	polydactyly of an index finger	provenance-only:orphanet	15	no	KEEP-as-broadMatch	15 Mondo terms share this code; Mondo is narrower	"{source=""Orphanet:93337""}"
ICD10CM:Q69.0	Accessory finger(s)	DISEASE	MONDO:0011348	non-syndromic polydactyly	orphanet-btnt	15	no	KEEP-as-broadMatch	15 Mondo terms share this code; Mondo is narrower	"{source=""Orphanet:2913/specific"", source=""Orphanet:2913/btnt""}"
ICD10CM:Q69.0	Accessory finger(s)	DISEASE	MONDO:0017426	postaxial polydactyly of fingers	provenance-only:orphanet	15	no	KEEP-as-broadMatch	15 Mondo terms share this code; Mondo is narrower	"{source=""Orphanet:294942""}"
ICD10CM:Q69.0	Accessory finger(s)	DISEASE	MONDO:0017456	central polydactyly of fingers	provenance-only:orphanet	15	no	KEEP-as-broadMatch	15 Mondo terms share this code; Mondo is narrower	"{source=""Orphanet:295004""}"
ICD10CM:Q69.0	Accessory finger(s)	DISEASE	MONDO:0017527	polydactyly of an index finger, unilateral	provenance-only:orphanet	15	no	KEEP-as-broadMatch	15 Mondo terms share this code; Mondo is narrower	"{source=""Orphanet:295152""}"
ICD10CM:Q69.0	Accessory finger(s)	DISEASE	MONDO:0017528	polydactyly of an index finger, bilateral	provenance-only:orphanet	15	no	KEEP-as-broadMatch	15 Mondo terms share this code; Mondo is narrower	"{source=""Orphanet:295154""}"
ICD10CM:Q69.0	Accessory finger(s)	DISEASE	MONDO:0017531	postaxial polydactyly type A, unilateral	provenance-only:orphanet	15	no	KEEP-as-broadMatch	15 Mondo terms share this code; Mondo is narrower	"{source=""Orphanet:295163""}"
ICD10CM:Q69.0	Accessory finger(s)	DISEASE	MONDO:0017532	postaxial polydactyly type A, bilateral	provenance-only:orphanet	15	no	KEEP-as-broadMatch	15 Mondo terms share this code; Mondo is narrower	"{source=""Orphanet:295165""}"
ICD10CM:Q69.0	Accessory finger(s)	DISEASE	MONDO:0017533	postaxial polydactyly type B, unilateral	provenance-only:orphanet	15	no	KEEP-as-broadMatch	15 Mondo terms share this code; Mondo is narrower	"{source=""Orphanet:295167""}"
ICD10CM:Q69.0	Accessory finger(s)	DISEASE	MONDO:0017534	postaxial polydactyly type B, bilateral	provenance-only:orphanet	15	no	KEEP-as-broadMatch	15 Mondo terms share this code; Mondo is narrower	"{source=""Orphanet:295169""}"
ICD10CM:Q69.0	Accessory finger(s)	DISEASE	MONDO:0017535	central polydactyly of fingers, unilateral	provenance-only:orphanet	15	no	KEEP-as-broadMatch	15 Mondo terms share this code; Mondo is narrower	"{source=""Orphanet:295171""}"
ICD10CM:Q69.0	Accessory finger(s)	DISEASE	MONDO:0017536	central polydactyly of fingers, bilateral	provenance-only:orphanet	15	no	KEEP-as-broadMatch	15 Mondo terms share this code; Mondo is narrower	"{source=""Orphanet:295173""}"
ICD10CM:Q69.0	Accessory finger(s)	DISEASE	MONDO:0019673	postaxial polydactyly type A	provenance-only:orphanet	15	no	KEEP-as-broadMatch	15 Mondo terms share this code; Mondo is narrower	"{source=""Orphanet:93334""}"
ICD10CM:Q69.0	Accessory finger(s)	DISEASE	MONDO:0019674	postaxial polydactyly type B	provenance-only:orphanet	15	no	KEEP-as-broadMatch	15 Mondo terms share this code; Mondo is narrower	"{source=""Orphanet:93335""}"
ICD10CM:Q69.0	Accessory finger(s)	DISEASE	MONDO:0021003	polydactyly	provenance-only:orphanet	15	no	KEEP-as-broadMatch	15 Mondo terms share this code; Mondo is narrower	"{source=""Orphanet:2913""}"
ICD10CM:Q69.1	Accessory thumb(s)	DISEASE	MONDO:0008269	polydactyly of a biphalangeal thumb	orphanet-specific	9	no	KEEP-as-broadMatch	9 Mondo terms share this code; Mondo is narrower	"{source=""Orphanet:93339/e"", source=""Orphanet:93339/specific"", source=""Orphanet:93339""}"
ICD10CM:Q69.1	Accessory thumb(s)	DISEASE	MONDO:0008270	polydactyly of a triphalangeal thumb	provenance-only:orphanet	9	no	KEEP-as-broadMatch	9 Mondo terms share this code; Mondo is narrower	"{source=""Orphanet:93336""}"
ICD10CM:Q69.1	Accessory thumb(s)	DISEASE	MONDO:0011348	non-syndromic polydactyly	orphanet-btnt	9	no	KEEP-as-broadMatch	9 Mondo terms share this code; Mondo is narrower	"{source=""Orphanet:2913/specific"", source=""Orphanet:2913/btnt""}"
ICD10CM:Q69.1	Accessory thumb(s)	DISEASE	MONDO:0017425	preaxial polydactyly of fingers	provenance-only:orphanet	9	no	KEEP-as-broadMatch	9 Mondo terms share this code; Mondo is narrower	"{source=""Orphanet:294939""}"
ICD10CM:Q69.1	Accessory thumb(s)	DISEASE	MONDO:0017523	polydactyly of a biphalangeal thumb, unilateral	provenance-only:orphanet	9	no	KEEP-as-broadMatch	9 Mondo terms share this code; Mondo is narrower	"{source=""Orphanet:295144""}"
ICD10CM:Q69.1	Accessory thumb(s)	DISEASE	MONDO:0017524	polydactyly of a biphalangeal thumb, bilateral	provenance-only:orphanet	9	no	KEEP-as-broadMatch	9 Mondo terms share this code; Mondo is narrower	"{source=""Orphanet:295146""}"
ICD10CM:Q69.1	Accessory thumb(s)	DISEASE	MONDO:0017525	polydactyly of a triphalangeal thumb, unilateral	provenance-only:orphanet	9	no	KEEP-as-broadMatch	9 Mondo terms share this code; Mondo is narrower	"{source=""Orphanet:295148""}"
ICD10CM:Q69.1	Accessory thumb(s)	DISEASE	MONDO:0017526	polydactyly of a triphalangeal thumb, bilateral	provenance-only:orphanet	9	no	KEEP-as-broadMatch	9 Mondo terms share this code; Mondo is narrower	"{source=""Orphanet:295150""}"
ICD10CM:Q69.1	Accessory thumb(s)	DISEASE	MONDO:0021003	polydactyly	provenance-only:orphanet	9	no	KEEP-as-broadMatch	9 Mondo terms share this code; Mondo is narrower	"{source=""Orphanet:2913""}"
ICD10CM:Q69.2	Accessory toe(s)	DISEASE	MONDO:0011348	non-syndromic polydactyly	orphanet-btnt	5	no	KEEP-as-broadMatch	5 Mondo terms share this code; Mondo is narrower	"{source=""Orphanet:2913/specific"", source=""Orphanet:2913/btnt""}"
ICD10CM:Q69.2	Accessory toe(s)	DISEASE	MONDO:0017457	Preaxial polydactyly of toes	provenance-only:orphanet	5	no	KEEP-as-broadMatch	5 Mondo terms share this code; Mondo is narrower	"{source=""Orphanet:295006""}"
ICD10CM:Q69.2	Accessory toe(s)	DISEASE	MONDO:0017537	Preaxial polydactyly of toes, unilateral	provenance-only:orphanet	5	no	KEEP-as-broadMatch	5 Mondo terms share this code; Mondo is narrower	"{source=""Orphanet:295175""}"
ICD10CM:Q69.2	Accessory toe(s)	DISEASE	MONDO:0017538	Preaxial polydactyly of toes, bilateral	provenance-only:orphanet	5	no	KEEP-as-broadMatch	5 Mondo terms share this code; Mondo is narrower	"{source=""Orphanet:295177""}"
ICD10CM:Q69.2	Accessory toe(s)	DISEASE	MONDO:0021003	polydactyly	provenance-only:orphanet	5	no	KEEP-as-broadMatch	5 Mondo terms share this code; Mondo is narrower	"{source=""Orphanet:2913""}"
ICD10CM:Q69.9	Polydactyly, unspecified	RESIDUAL	MONDO:0011348	non-syndromic polydactyly	orphanet-btnt	2	no	KEEP-as-broadMatch	ICD code is RESIDUAL; cannot be an exact equivalent	"{source=""Orphanet:2913/specific"", source=""Orphanet:2913/btnt""}"
ICD10CM:Q69.9	Polydactyly, unspecified	RESIDUAL	MONDO:0021003	polydactyly	provenance-only:orphanet	2	match	KEEP-as-broadMatch	ICD code is RESIDUAL; cannot be an exact equivalent	"{source=""DOID:1148"", source=""Orphanet:2913""}"
ICD10CM:Q70.0	Fused fingers	DISEASE	MONDO:0008512	syndactyly type 1	provenance-only:orphanet	12	no	KEEP-as-broadMatch	12 Mondo terms share this code; Mondo is narrower	"{source=""Orphanet:93402"", source=""Orphanet:93402/nd""}"
ICD10CM:Q70.0	Fused fingers	DISEASE	MONDO:0008513	synpolydactyly type 1	provenance-only:orphanet	12	no	KEEP-as-broadMatch	12 Mondo terms share this code; Mondo is narrower	"{source=""Orphanet:295195"", source=""Orphanet:295195/nd""}"
ICD10CM:Q70.0	Fused fingers	DISEASE	MONDO:0008516	syndactyly type 5	provenance-only:orphanet	12	no	KEEP-as-broadMatch	12 Mondo terms share this code; Mondo is narrower	"{source=""Orphanet:93406/nd"", source=""Orphanet:93406""}"
ICD10CM:Q70.0	Fused fingers	DISEASE	MONDO:0010669	syndactyly type 8	provenance-only:orphanet	12	no	KEEP-as-broadMatch	12 Mondo terms share this code; Mondo is narrower	"{source=""Orphanet:2498""}"
ICD10CM:Q70.0	Fused fingers	DISEASE	MONDO:0011984	synpolydactyly type 2	provenance-only:orphanet	12	no	KEEP-as-broadMatch	12 Mondo terms share this code; Mondo is narrower	"{source=""Orphanet:295197/nd"", source=""Orphanet:295197""}"
ICD10CM:Q70.0	Fused fingers	DISEASE	MONDO:0012271	mesoaxial synostotic syndactyly with phalangeal reduction	provenance-only:orphanet	12	no	KEEP-as-broadMatch	12 Mondo terms share this code; Mondo is narrower	"{source=""Orphanet:157801""}"
ICD10CM:Q70.0	Fused fingers	DISEASE	MONDO:0012447	synpolydactyly type 3	provenance-only:orphanet	12	no	KEEP-as-broadMatch	12 Mondo terms share this code; Mondo is narrower	"{source=""Orphanet:295199"", source=""Orphanet:295199/nd""}"
ICD10CM:Q70.0	Fused fingers	DISEASE	MONDO:0017543	zygodactyly type 2	provenance-only:orphanet	12	no	KEEP-as-broadMatch	12 Mondo terms share this code; Mondo is narrower	"{source=""Orphanet:295189"", source=""Orphanet:295189/nd""}"
ICD10CM:Q70.0	Fused fingers	DISEASE	MONDO:0017544	zygodactyly type 3	provenance-only:orphanet	12	no	KEEP-as-broadMatch	12 Mondo terms share this code; Mondo is narrower	"{source=""Orphanet:295191/nd"", source=""Orphanet:295191""}"
ICD10CM:Q70.0	Fused fingers	DISEASE	MONDO:0019530	non-syndromic syndactyly	orphanet-btnt	12	no	KEEP-as-broadMatch	12 Mondo terms share this code; Mondo is narrower	"{source=""Orphanet:90025/specific"", source=""Orphanet:90025/btnt""}"
ICD10CM:Q70.0	Fused fingers	DISEASE	MONDO:0021002	syndactyly	provenance-only:orphanet	12	no	KEEP-as-broadMatch	12 Mondo terms share this code; Mondo is narrower	"{source=""Orphanet:90025""}"
ICD10CM:Q70.0	Fused fingers	DISEASE	MONDO:0021651	synpolydactyly	provenance-only:orphanet	12	no	KEEP-as-broadMatch	12 Mondo terms share this code; Mondo is narrower	"{source=""Orphanet:93403"", source=""Orphanet:93403/nd""}"
ICD10CM:Q70.4	Polysyndactyly, unspecified	RESIDUAL	MONDO:0008272	polysyndactyly 4	orphanet-specific	7	no	KEEP-as-broadMatch	ICD code is RESIDUAL; cannot be an exact equivalent	"{source=""Orphanet:93338/e"", source=""Orphanet:93338/specific"", source=""Orphanet:93338""}"
ICD10CM:Q70.4	Polysyndactyly, unspecified	RESIDUAL	MONDO:0008286	crossed polysyndactyly	provenance-only:orphanet	7	no	KEEP-as-broadMatch	ICD code is RESIDUAL; cannot be an exact equivalent	"{source=""Orphanet:2935""}"
ICD10CM:Q70.4	Polysyndactyly, unspecified	RESIDUAL	MONDO:0008515	syndactyly type 4	provenance-only:orphanet	7	no	KEEP-as-broadMatch	ICD code is RESIDUAL; cannot be an exact equivalent	"{source=""Orphanet:93405""}"
ICD10CM:Q70.4	Polysyndactyly, unspecified	RESIDUAL	MONDO:0017529	polysyndactyly, unilateral	provenance-only:orphanet	7	no	KEEP-as-broadMatch	ICD code is RESIDUAL; cannot be an exact equivalent	"{source=""Orphanet:295159""}"
ICD10CM:Q70.4	Polysyndactyly, unspecified	RESIDUAL	MONDO:0017530	polysyndactyly, bilateral	provenance-only:orphanet	7	no	KEEP-as-broadMatch	ICD code is RESIDUAL; cannot be an exact equivalent	"{source=""Orphanet:295161""}"
ICD10CM:Q70.4	Polysyndactyly, unspecified	RESIDUAL	MONDO:0019530	non-syndromic syndactyly	orphanet-btnt	7	no	KEEP-as-broadMatch	ICD code is RESIDUAL; cannot be an exact equivalent	"{source=""Orphanet:90025/specific"", source=""Orphanet:90025/btnt""}"
ICD10CM:Q70.4	Polysyndactyly, unspecified	RESIDUAL	MONDO:0021002	syndactyly	provenance-only:orphanet	7	no	KEEP-as-broadMatch	ICD code is RESIDUAL; cannot be an exact equivalent	"{source=""Orphanet:90025""}"
ICD10CM:Q70.9	Syndactyly, unspecified	RESIDUAL	MONDO:0008509	distal symphalangism	provenance-only:orphanet	4	no	KEEP-as-broadMatch	ICD code is RESIDUAL; cannot be an exact equivalent	"{source=""Orphanet:3248""}"
ICD10CM:Q70.9	Syndactyly, unspecified	RESIDUAL	MONDO:0008511	proximal symphalangism	provenance-only:orphanet	4	no	KEEP-as-broadMatch	ICD code is RESIDUAL; cannot be an exact equivalent	"{source=""Orphanet:3250""}"
ICD10CM:Q70.9	Syndactyly, unspecified	RESIDUAL	MONDO:0019530	non-syndromic syndactyly	orphanet-btnt	4	no	KEEP-as-broadMatch	ICD code is RESIDUAL; cannot be an exact equivalent	"{source=""Orphanet:90025/specific"", source=""Orphanet:90025/btnt""}"
ICD10CM:Q70.9	Syndactyly, unspecified	RESIDUAL	MONDO:0021002	syndactyly	provenance-only:orphanet	4	match	KEEP-as-broadMatch	ICD code is RESIDUAL; cannot be an exact equivalent	"{source=""DOID:11193"", source=""Orphanet:90025""}"
ICD10CM:Q71.0	Congenital complete absence of upper limb	DISEASE	MONDO:0017437	amelia of upper limb	orphanet-specific	4	no	KEEP-as-broadMatch	4 Mondo terms share this code; Mondo is narrower	"{source=""Orphanet:294967/specific"", source=""Orphanet:294967/e"", source=""Orphanet:294967""}"
ICD10CM:Q71.0	Congenital complete absence of upper limb	DISEASE	MONDO:0017478	amelia of upper limb, unilateral	provenance-only:orphanet	4	no	KEEP-as-broadMatch	4 Mondo terms share this code; Mondo is narrower	"{source=""Orphanet:295053""}"
ICD10CM:Q71.0	Congenital complete absence of upper limb	DISEASE	MONDO:0017479	amelia of upper limb, bilateral	provenance-only:orphanet	4	no	KEEP-as-broadMatch	4 Mondo terms share this code; Mondo is narrower	"{source=""Orphanet:295055""}"
ICD10CM:Q71.0	Congenital complete absence of upper limb	DISEASE	MONDO:0019713	non-syndromic limb reduction defect	orphanet-btnt	4	no	KEEP-as-broadMatch	4 Mondo terms share this code; Mondo is narrower	"{source=""Orphanet:93457/specific"", source=""Orphanet:93457"", source=""Orphanet:93457/btnt""}"
ICD10CM:Q71.5	Longitudinal reduction defect of ulna	DISEASE	MONDO:0017488	ulnar hemimelia, bilateral	provenance-only:orphanet	4	no	KEEP-as-broadMatch	4 Mondo terms share this code; Mondo is narrower	"{source=""Orphanet:295073""}"
ICD10CM:Q71.5	Longitudinal reduction defect of ulna	DISEASE	MONDO:0017489	ulnar hemimelia, unilateral	provenance-only:orphanet	4	no	KEEP-as-broadMatch	4 Mondo terms share this code; Mondo is narrower	"{source=""Orphanet:295075""}"
ICD10CM:Q71.5	Longitudinal reduction defect of ulna	DISEASE	MONDO:0019670	ulnar hemimelia	orphanet-specific	4	no	KEEP-as-broadMatch	4 Mondo terms share this code; Mondo is narrower	"{source=""Orphanet:93320"", source=""Orphanet:93320/e"", source=""Orphanet:93320/specific""}"
ICD10CM:Q71.5	Longitudinal reduction defect of ulna	DISEASE	MONDO:0019713	non-syndromic limb reduction defect	orphanet-btnt	4	no	KEEP-as-broadMatch	4 Mondo terms share this code; Mondo is narrower	"{source=""Orphanet:93457/specific"", source=""Orphanet:93457"", source=""Orphanet:93457/btnt""}"
ICD10CM:Q71.8	Other reduction defects of upper limb	RESIDUAL	MONDO:0007836	IVIC syndrome	provenance-only:orphanet	10	no	KEEP-as-broadMatch	ICD code is RESIDUAL; cannot be an exact equivalent	"{source=""Orphanet:2307""}"
ICD10CM:Q71.8	Other reduction defects of upper limb	RESIDUAL	MONDO:0008411	ulnar-mammary syndrome	provenance-only:orphanet	10	no	KEEP-as-broadMatch	ICD code is RESIDUAL; cannot be an exact equivalent	"{source=""Orphanet:3138"", source=""DOID:0060614""}"
ICD10CM:Q71.8	Other reduction defects of upper limb	RESIDUAL	MONDO:0016240	hemimelia	provenance-only:orphanet	10	no	KEEP-as-broadMatch	ICD code is RESIDUAL; cannot be an exact equivalent	"{source=""Orphanet:2130""}"
ICD10CM:Q71.8	Other reduction defects of upper limb	RESIDUAL	MONDO:0017440	humeral agenesis/hypoplasia	provenance-only:orphanet	10	no	KEEP-as-broadMatch	ICD code is RESIDUAL; cannot be an exact equivalent	"{source=""Orphanet:294973"", source=""Orphanet:294973/index""}"
ICD10CM:Q71.8	Other reduction defects of upper limb	RESIDUAL	MONDO:0017451	non-syndromic brachydactyly of fingers	provenance-only:orphanet	10	no	KEEP-as-broadMatch	ICD code is RESIDUAL; cannot be an exact equivalent	"{source=""Orphanet:294996""}"
ICD10CM:Q71.8	Other reduction defects of upper limb	RESIDUAL	MONDO:0017482	humeral agenesis/hypoplasia, unilateral	provenance-only:orphanet	10	no	KEEP-as-broadMatch	ICD code is RESIDUAL; cannot be an exact equivalent	"{source=""Orphanet:295061""}"
ICD10CM:Q71.8	Other reduction defects of upper limb	RESIDUAL	MONDO:0017483	humeral agenesis/hypoplasia, bilateral	provenance-only:orphanet	10	no	KEEP-as-broadMatch	ICD code is RESIDUAL; cannot be an exact equivalent	"{source=""Orphanet:295063""}"
ICD10CM:Q71.8	Other reduction defects of upper limb	RESIDUAL	MONDO:0017515	brachydactyly of fingers, unilateral	provenance-only:orphanet	10	no	KEEP-as-broadMatch	ICD code is RESIDUAL; cannot be an exact equivalent	"{source=""Orphanet:295128""}"
ICD10CM:Q71.8	Other reduction defects of upper limb	RESIDUAL	MONDO:0017516	brachydactyly of fingers, bilateral	provenance-only:orphanet	10	no	KEEP-as-broadMatch	ICD code is RESIDUAL; cannot be an exact equivalent	"{source=""Orphanet:295130""}"
ICD10CM:Q71.8	Other reduction defects of upper limb	RESIDUAL	MONDO:0019713	non-syndromic limb reduction defect	orphanet-btnt	10	no	KEEP-as-broadMatch	ICD code is RESIDUAL; cannot be an exact equivalent	"{source=""Orphanet:93457/specific"", source=""Orphanet:93457"", source=""Orphanet:93457/btnt""}"
ICD10CM:Q71.9	Unspecified reduction defect of upper limb	RESIDUAL	MONDO:0019713	non-syndromic limb reduction defect	orphanet-btnt	1	no	KEEP-as-broadMatch	ICD code is RESIDUAL; cannot be an exact equivalent	"{source=""Orphanet:93457/specific"", source=""Orphanet:93457"", source=""Orphanet:93457/btnt""}"
ICD10CM:Q72.0	Congenital complete absence of lower limb	DISEASE	MONDO:0017438	amelia of lower limb	orphanet-specific	4	no	KEEP-as-broadMatch	4 Mondo terms share this code; Mondo is narrower	"{source=""Orphanet:294969"", source=""Orphanet:294969/e"", source=""Orphanet:294969/specific""}"
ICD10CM:Q72.0	Congenital complete absence of lower limb	DISEASE	MONDO:0017480	amelia of lower limb, unilateral	provenance-only:orphanet	4	no	KEEP-as-broadMatch	4 Mondo terms share this code; Mondo is narrower	"{source=""Orphanet:295057""}"
ICD10CM:Q72.0	Congenital complete absence of lower limb	DISEASE	MONDO:0017481	amelia of lower limb, bilateral	provenance-only:orphanet	4	no	KEEP-as-broadMatch	4 Mondo terms share this code; Mondo is narrower	"{source=""Orphanet:295059""}"
ICD10CM:Q72.0	Congenital complete absence of lower limb	DISEASE	MONDO:0019713	non-syndromic limb reduction defect	orphanet-btnt	4	no	KEEP-as-broadMatch	4 Mondo terms share this code; Mondo is narrower	"{source=""Orphanet:93457/specific"", source=""Orphanet:93457"", source=""Orphanet:93457/btnt""}"
ICD10CM:Q72.4	Longitudinal reduction defect of femur	DISEASE	MONDO:0016032	femoral agenesis/hypoplasia	orphanet-specific	4	no	KEEP-as-broadMatch	4 Mondo terms share this code; Mondo is narrower	"{source=""Orphanet:1987/specific"", source=""Orphanet:1987"", source=""Orphanet:1987/e""}"
ICD10CM:Q72.4	Longitudinal reduction defect of femur	DISEASE	MONDO:0017484	femoral agenesis/hypoplasia, unilateral	provenance-only:orphanet	4	no	KEEP-as-broadMatch	4 Mondo terms share this code; Mondo is narrower	"{source=""Orphanet:295065""}"
ICD10CM:Q72.4	Longitudinal reduction defect of femur	DISEASE	MONDO:0017485	femoral agenesis/hypoplasia, bilateral	provenance-only:orphanet	4	no	KEEP-as-broadMatch	4 Mondo terms share this code; Mondo is narrower	"{source=""Orphanet:295067""}"
ICD10CM:Q72.4	Longitudinal reduction defect of femur	DISEASE	MONDO:0019713	non-syndromic limb reduction defect	orphanet-btnt	4	no	KEEP-as-broadMatch	4 Mondo terms share this code; Mondo is narrower	"{source=""Orphanet:93457/specific"", source=""Orphanet:93457"", source=""Orphanet:93457/btnt""}"
ICD10CM:Q72.5	Longitudinal reduction defect of tibia	DISEASE	MONDO:0010144	tibial hemimelia	orphanet-specific	4	no	KEEP-as-broadMatch	4 Mondo terms share this code; Mondo is narrower	"{source=""Orphanet:93322"", source=""Orphanet:93322/e"", source=""Orphanet:93322/specific""}"
ICD10CM:Q72.5	Longitudinal reduction defect of tibia	DISEASE	MONDO:0017490	tibial hemimelia, unilateral	provenance-only:orphanet	4	no	KEEP-as-broadMatch	4 Mondo terms share this code; Mondo is narrower	"{source=""Orphanet:295077""}"
ICD10CM:Q72.5	Longitudinal reduction defect of tibia	DISEASE	MONDO:0017491	tibial hemimelia, bilateral	provenance-only:orphanet	4	no	KEEP-as-broadMatch	4 Mondo terms share this code; Mondo is narrower	"{source=""Orphanet:295079""}"
ICD10CM:Q72.5	Longitudinal reduction defect of tibia	DISEASE	MONDO:0019713	non-syndromic limb reduction defect	orphanet-btnt	4	no	KEEP-as-broadMatch	4 Mondo terms share this code; Mondo is narrower	"{source=""Orphanet:93457/specific"", source=""Orphanet:93457"", source=""Orphanet:93457/btnt""}"
ICD10CM:Q72.6	Longitudinal reduction defect of fibula	DISEASE	MONDO:0017492	fibular hemimelia, unilateral	provenance-only:orphanet	4	no	KEEP-as-broadMatch	4 Mondo terms share this code; Mondo is narrower	"{source=""Orphanet:295081""}"
ICD10CM:Q72.6	Longitudinal reduction defect of fibula	DISEASE	MONDO:0017493	fibular hemimelia, bilateral	provenance-only:orphanet	4	no	KEEP-as-broadMatch	4 Mondo terms share this code; Mondo is narrower	"{source=""Orphanet:295083""}"
ICD10CM:Q72.6	Longitudinal reduction defect of fibula	DISEASE	MONDO:0019672	fibular hemimelia	orphanet-specific	4	no	KEEP-as-broadMatch	4 Mondo terms share this code; Mondo is narrower	"{source=""Orphanet:93323"", source=""Orphanet:93323/specific"", source=""Orphanet:93323/e""}"
ICD10CM:Q72.6	Longitudinal reduction defect of fibula	DISEASE	MONDO:0019713	non-syndromic limb reduction defect	orphanet-btnt	4	no	KEEP-as-broadMatch	4 Mondo terms share this code; Mondo is narrower	"{source=""Orphanet:93457/specific"", source=""Orphanet:93457"", source=""Orphanet:93457/btnt""}"
ICD10CM:Q72.8	Other reduction defects of lower limb	RESIDUAL	MONDO:0016240	hemimelia	provenance-only:orphanet	8	no	KEEP-as-broadMatch	ICD code is RESIDUAL; cannot be an exact equivalent	"{source=""Orphanet:2130""}"
ICD10CM:Q72.8	Other reduction defects of lower limb	RESIDUAL	MONDO:0017452	non-syndromic brachydactyly of toes	provenance-only:orphanet	8	no	KEEP-as-broadMatch	ICD code is RESIDUAL; cannot be an exact equivalent	"{source=""Orphanet:294998""}"
ICD10CM:Q72.8	Other reduction defects of lower limb	RESIDUAL	MONDO:0017509	adactyly of foot, unilateral	provenance-only:orphanet	8	no	KEEP-as-broadMatch	ICD code is RESIDUAL; cannot be an exact equivalent	"{source=""Orphanet:295116""}"
ICD10CM:Q72.8	Other reduction defects of lower limb	RESIDUAL	MONDO:0017510	adactyly of foot, bilateral	provenance-only:orphanet	8	no	KEEP-as-broadMatch	ICD code is RESIDUAL; cannot be an exact equivalent	"{source=""Orphanet:295118""}"
ICD10CM:Q72.8	Other reduction defects of lower limb	RESIDUAL	MONDO:0017517	brachydactyly of toes, unilateral	provenance-only:orphanet	8	no	KEEP-as-broadMatch	ICD code is RESIDUAL; cannot be an exact equivalent	"{source=""Orphanet:295132""}"
ICD10CM:Q72.8	Other reduction defects of lower limb	RESIDUAL	MONDO:0017518	brachydactyly of toes, bilateral	provenance-only:orphanet	8	no	KEEP-as-broadMatch	ICD code is RESIDUAL; cannot be an exact equivalent	"{source=""Orphanet:295134""}"
ICD10CM:Q72.8	Other reduction defects of lower limb	RESIDUAL	MONDO:0018563	adactyly of foot	provenance-only:orphanet	8	no	KEEP-as-broadMatch	ICD code is RESIDUAL; cannot be an exact equivalent	"{source=""Orphanet:435623""}"
ICD10CM:Q72.8	Other reduction defects of lower limb	RESIDUAL	MONDO:0019713	non-syndromic limb reduction defect	orphanet-btnt	8	no	KEEP-as-broadMatch	ICD code is RESIDUAL; cannot be an exact equivalent	"{source=""Orphanet:93457/specific"", source=""Orphanet:93457"", source=""Orphanet:93457/btnt""}"
ICD10CM:Q72.9	Unspecified reduction defect of lower limb	RESIDUAL	MONDO:0019713	non-syndromic limb reduction defect	orphanet-btnt	1	no	KEEP-as-broadMatch	ICD code is RESIDUAL; cannot be an exact equivalent	"{source=""Orphanet:93457/specific"", source=""Orphanet:93457"", source=""Orphanet:93457/btnt""}"
ICD10CM:Q73.0	Congenital absence of unspecified limb(s)	RESIDUAL	MONDO:0011054	autosomal recessive amelia	provenance-only:orphanet	4	no	KEEP-as-broadMatch	ICD code is RESIDUAL; cannot be an exact equivalent	"{source=""Orphanet:1027""}"
ICD10CM:Q73.0	Congenital absence of unspecified limb(s)	RESIDUAL	MONDO:0017419	non-syndromic amelia	orphanet-specific	4	no	KEEP-as-broadMatch	ICD code is RESIDUAL; cannot be an exact equivalent	"{source=""Orphanet:294925"", source=""Orphanet:294925/e"", source=""Orphanet:294925/specific""}"
ICD10CM:Q73.0	Congenital absence of unspecified limb(s)	RESIDUAL	MONDO:0017439	tetra-amelia	provenance-only:orphanet	4	no	KEEP-as-broadMatch	ICD code is RESIDUAL; cannot be an exact equivalent	"{source=""Orphanet:294971""}"
ICD10CM:Q73.0	Congenital absence of unspecified limb(s)	RESIDUAL	MONDO:0019713	non-syndromic limb reduction defect	orphanet-btnt	4	no	KEEP-as-broadMatch	ICD code is RESIDUAL; cannot be an exact equivalent	"{source=""Orphanet:93457/specific"", source=""Orphanet:93457"", source=""Orphanet:93457/btnt""}"
ICD10CM:Q73.1	Phocomelia, unspecified limb(s)	RESIDUAL	MONDO:0019713	non-syndromic limb reduction defect	orphanet-btnt	1	no	KEEP-as-broadMatch	ICD code is RESIDUAL; cannot be an exact equivalent	"{source=""Orphanet:93457/specific"", source=""Orphanet:93457"", source=""Orphanet:93457/btnt""}"
ICD10CM:Q73.8	Other reduction defects of unspecified limb(s)	RESIDUAL	MONDO:0007211	brachydactyly-arterial hypertension syndrome	provenance-only:orphanet	29	no	KEEP-as-broadMatch	ICD code is RESIDUAL; cannot be an exact equivalent	"{source=""Orphanet:1276""}"
ICD10CM:Q73.8	Other reduction defects of unspecified limb(s)	RESIDUAL	MONDO:0007213	Ballard syndrome	provenance-only:orphanet	29	no	KEEP-as-broadMatch	ICD code is RESIDUAL; cannot be an exact equivalent	"{source=""DOID:0110963"", source=""Orphanet:93395""}"
ICD10CM:Q73.8	Other reduction defects of unspecified limb(s)	RESIDUAL	MONDO:0007214	brachydactyly-preaxial hallux varus syndrome	provenance-only:orphanet	29	no	KEEP-as-broadMatch	ICD code is RESIDUAL; cannot be an exact equivalent	"{source=""DOID:0110962"", source=""Orphanet:1278""}"
ICD10CM:Q73.8	Other reduction defects of unspecified limb(s)	RESIDUAL	MONDO:0007215	brachydactyly type A1	provenance-only:orphanet	29	no	KEEP-as-broadMatch	ICD code is RESIDUAL; cannot be an exact equivalent	"{source=""Orphanet:93388""}"
ICD10CM:Q73.8	Other reduction defects of unspecified limb(s)	RESIDUAL	MONDO:0007216	brachydactyly type A2	provenance-only:orphanet	29	no	KEEP-as-broadMatch	ICD code is RESIDUAL; cannot be an exact equivalent	"{source=""DOID:0110965"", source=""Orphanet:93396""}"
ICD10CM:Q73.8	Other reduction defects of unspecified limb(s)	RESIDUAL	MONDO:0007218	brachydactyly type A4	provenance-only:orphanet	29	no	KEEP-as-broadMatch	ICD code is RESIDUAL; cannot be an exact equivalent	"{source=""Orphanet:93394"", source=""DOID:0110967""}"
ICD10CM:Q73.8	Other reduction defects of unspecified limb(s)	RESIDUAL	MONDO:0007219	Osebold-Remondini syndrome	provenance-only:orphanet	29	no	KEEP-as-broadMatch	ICD code is RESIDUAL; cannot be an exact equivalent	"{source=""DOID:0110968"", source=""Orphanet:93382""}"
ICD10CM:Q73.8	Other reduction defects of unspecified limb(s)	RESIDUAL	MONDO:0007221	brachydactyly type C	provenance-only:orphanet	29	no	KEEP-as-broadMatch	ICD code is RESIDUAL; cannot be an exact equivalent	"{source=""Orphanet:93384"", source=""DOID:0110970""}"
ICD10CM:Q73.8	Other reduction defects of unspecified limb(s)	RESIDUAL	MONDO:0007225	fibular aplasia-ectrodactyly syndrome	provenance-only:orphanet	29	no	KEEP-as-broadMatch	ICD code is RESIDUAL; cannot be an exact equivalent	"{source=""Orphanet:1118""}"
ICD10CM:Q73.8	Other reduction defects of unspecified limb(s)	RESIDUAL	MONDO:0008298	postaxial tetramelic oligodactyly	provenance-only:orphanet	29	no	KEEP-as-broadMatch	ICD code is RESIDUAL; cannot be an exact equivalent	"{source=""Orphanet:2730""}"
ICD10CM:Q73.8	Other reduction defects of unspecified limb(s)	RESIDUAL	MONDO:0008520	brachydactyly-elbow wrist dysplasia syndrome	provenance-only:orphanet	29	no	KEEP-as-broadMatch	ICD code is RESIDUAL; cannot be an exact equivalent	"{source=""Orphanet:1275""}"
ICD10CM:Q73.8	Other reduction defects of unspecified limb(s)	RESIDUAL	MONDO:0008544	tetramelic monodactyly	provenance-only:orphanet	29	no	KEEP-as-broadMatch	ICD code is RESIDUAL; cannot be an exact equivalent	"{source=""Orphanet:2564""}"
ICD10CM:Q73.8	Other reduction defects of unspecified limb(s)	RESIDUAL	MONDO:0009231	acromesomelic dysplasia 2B	provenance-only:orphanet	29	no	KEEP-as-broadMatch	ICD code is RESIDUAL; cannot be an exact equivalent	"{source=""Orphanet:2639""}"
ICD10CM:Q73.8	Other reduction defects of unspecified limb(s)	RESIDUAL	MONDO:0010750	ulnar hypoplasia-split foot syndrome	provenance-only:orphanet	29	no	KEEP-as-broadMatch	ICD code is RESIDUAL; cannot be an exact equivalent	"{source=""Orphanet:1122""}"
ICD10CM:Q73.8	Other reduction defects of unspecified limb(s)	RESIDUAL	MONDO:0012063	ulnar/fibula ray defect-brachydactyly syndrome	provenance-only:orphanet	29	no	KEEP-as-broadMatch	ICD code is RESIDUAL; cannot be an exact equivalent	"{source=""Orphanet:52056""}"
ICD10CM:Q73.8	Other reduction defects of unspecified limb(s)	RESIDUAL	MONDO:0012544	brachydactyly-syndactyly syndrome	provenance-only:orphanet	29	no	KEEP-as-broadMatch	ICD code is RESIDUAL; cannot be an exact equivalent	"{source=""Orphanet:93409""}"
ICD10CM:Q73.8	Other reduction defects of unspecified limb(s)	RESIDUAL	MONDO:0012658	brachydactyly type B2	provenance-only:orphanet	29	no	KEEP-as-broadMatch	ICD code is RESIDUAL; cannot be an exact equivalent	"{source=""DOID:0110975"", source=""Orphanet:140908""}"
ICD10CM:Q73.8	Other reduction defects of unspecified limb(s)	RESIDUAL	MONDO:0015232	radial deficiency-tibial hypoplasia syndrome	provenance-only:orphanet	29	no	KEEP-as-broadMatch	ICD code is RESIDUAL; cannot be an exact equivalent	"{source=""Orphanet:1121""}"
ICD10CM:Q73.8	Other reduction defects of unspecified limb(s)	RESIDUAL	MONDO:0015516	symbrachydactyly of hands and feet	provenance-only:orphanet	29	no	KEEP-as-broadMatch	ICD code is RESIDUAL; cannot be an exact equivalent	"{source=""Orphanet:1570""}"
ICD10CM:Q73.8	Other reduction defects of unspecified limb(s)	RESIDUAL	MONDO:0016240	hemimelia	provenance-only:orphanet	29	no	KEEP-as-broadMatch	ICD code is RESIDUAL; cannot be an exact equivalent	"{source=""Orphanet:2130""}"
ICD10CM:Q73.8	Other reduction defects of unspecified limb(s)	RESIDUAL	MONDO:0017519	symbrachydactyly of hand and foot, unilateral	provenance-only:orphanet	29	no	KEEP-as-broadMatch	ICD code is RESIDUAL; cannot be an exact equivalent	"{source=""Orphanet:295136""}"
ICD10CM:Q73.8	Other reduction defects of unspecified limb(s)	RESIDUAL	MONDO:0017520	symbrachydactyly of hand and foot, bilateral	provenance-only:orphanet	29	no	KEEP-as-broadMatch	ICD code is RESIDUAL; cannot be an exact equivalent	"{source=""Orphanet:295138""}"
ICD10CM:Q73.8	Other reduction defects of unspecified limb(s)	RESIDUAL	MONDO:0018050	tibial aplasia-ectrodactyly syndrome	provenance-only:orphanet	29	no	KEEP-as-broadMatch	ICD code is RESIDUAL; cannot be an exact equivalent	"{source=""Orphanet:3329""}"
ICD10CM:Q73.8	Other reduction defects of unspecified limb(s)	RESIDUAL	MONDO:0019676	brachydactyly type B	provenance-only:orphanet	29	no	KEEP-as-broadMatch	ICD code is RESIDUAL; cannot be an exact equivalent	"{source=""Orphanet:93383""}"
ICD10CM:Q73.8	Other reduction defects of unspecified limb(s)	RESIDUAL	MONDO:0019677	brachydactyly type E	provenance-only:orphanet	29	no	KEEP-as-broadMatch	ICD code is RESIDUAL; cannot be an exact equivalent	"{source=""Orphanet:93387""}"
ICD10CM:Q73.8	Other reduction defects of unspecified limb(s)	RESIDUAL	MONDO:0019678	brachydactyly type A5	provenance-only:orphanet	29	no	KEEP-as-broadMatch	ICD code is RESIDUAL; cannot be an exact equivalent	"{source=""Orphanet:93389""}"
ICD10CM:Q73.8	Other reduction defects of unspecified limb(s)	RESIDUAL	MONDO:0019679	brachydactyly type A7	provenance-only:orphanet	29	no	KEEP-as-broadMatch	ICD code is RESIDUAL; cannot be an exact equivalent	"{source=""Orphanet:93397""}"
ICD10CM:Q73.8	Other reduction defects of unspecified limb(s)	RESIDUAL	MONDO:0019713	non-syndromic limb reduction defect	orphanet-btnt	29	no	KEEP-as-broadMatch	ICD code is RESIDUAL; cannot be an exact equivalent	"{source=""Orphanet:93457/specific"", source=""Orphanet:93457"", source=""Orphanet:93457/btnt""}"
ICD10CM:Q73.8	Other reduction defects of unspecified limb(s)	RESIDUAL	MONDO:0100253	Roberts-SC phocomelia syndrome	provenance-only:orphanet	29	no	KEEP-as-broadMatch	ICD code is RESIDUAL; cannot be an exact equivalent	"{source=""Orphanet:3103""}"
ICD10CM:Q74.0	Other congenital malformations of upper limb(s), including shoulder girdle	RESIDUAL	MONDO:0007330	congenital pseudoarthrosis of clavicle	provenance-only:orphanet	28	no	KEEP-as-broadMatch	ICD code is RESIDUAL; cannot be an exact equivalent	"{source=""Orphanet:66630/inclusion"", source=""Orphanet:66630""}"
ICD10CM:Q74.0	Other congenital malformations of upper limb(s), including shoulder girdle	RESIDUAL	MONDO:0007340	cleidocranial dysplasia 1	provenance-only:orphanet	28	no	KEEP-as-broadMatch	ICD code is RESIDUAL; cannot be an exact equivalent	"{source=""Orphanet:1452"", source=""DOID:13994"", source=""Orphanet:1452/inclusion""}"
ICD10CM:Q74.0	Other congenital malformations of upper limb(s), including shoulder girdle	RESIDUAL	MONDO:0007737	humeroradial synostosis	provenance-only:orphanet	28	no	KEEP-as-broadMatch	ICD code is RESIDUAL; cannot be an exact equivalent	"{source=""Orphanet:3265"", source=""DOID:0060467""}"
ICD10CM:Q74.0	Other congenital malformations of upper limb(s), including shoulder girdle	RESIDUAL	MONDO:0008198	parietal foramina with cleidocranial dysplasia	provenance-only:orphanet	28	no	KEEP-as-broadMatch	ICD code is RESIDUAL; cannot be an exact equivalent	"{source=""Orphanet:251290""}"
ICD10CM:Q74.0	Other congenital malformations of upper limb(s), including shoulder girdle	RESIDUAL	MONDO:0008482	Sprengel deformity	provenance-only:orphanet	28	no	KEEP-as-broadMatch	ICD code is RESIDUAL; cannot be an exact equivalent	"{source=""Orphanet:3181""}"
ICD10CM:Q74.0	Other congenital malformations of upper limb(s), including shoulder girdle	RESIDUAL	MONDO:0008611	humerus trochlea aplasia	provenance-only:orphanet	28	no	KEEP-as-broadMatch	ICD code is RESIDUAL; cannot be an exact equivalent	"{source=""Orphanet:3383""}"
ICD10CM:Q74.0	Other congenital malformations of upper limb(s), including shoulder girdle	RESIDUAL	MONDO:0008901	Tel Hashomer camptodactyly syndrome	provenance-only:orphanet	28	no	KEEP-as-broadMatch	ICD code is RESIDUAL; cannot be an exact equivalent	"{source=""Orphanet:3292""}"
ICD10CM:Q74.0	Other congenital malformations of upper limb(s), including shoulder girdle	RESIDUAL	MONDO:0011621	acropectoral syndrome	provenance-only:orphanet	28	no	KEEP-as-broadMatch	ICD code is RESIDUAL; cannot be an exact equivalent	"{source=""Orphanet:85203""}"
ICD10CM:Q74.0	Other congenital malformations of upper limb(s), including shoulder girdle	RESIDUAL	MONDO:0017465	congenital pseudoarthrosis of the radius	provenance-only:orphanet	28	no	KEEP-as-broadMatch	ICD code is RESIDUAL; cannot be an exact equivalent	"{source=""Orphanet:295024""}"
ICD10CM:Q74.0	Other congenital malformations of upper limb(s), including shoulder girdle	RESIDUAL	MONDO:0017466	congenital pseudoarthrosis of the ulna	provenance-only:orphanet	28	no	KEEP-as-broadMatch	ICD code is RESIDUAL; cannot be an exact equivalent	"{source=""Orphanet:295026""}"
ICD10CM:Q74.0	Other congenital malformations of upper limb(s), including shoulder girdle	RESIDUAL	MONDO:0017474	macrodactyly of fingers	provenance-only:orphanet	28	no	KEEP-as-broadMatch	ICD code is RESIDUAL; cannot be an exact equivalent	"{source=""Orphanet:295044""}"
ICD10CM:Q74.0	Other congenital malformations of upper limb(s), including shoulder girdle	RESIDUAL	MONDO:0017476	upper limb hypertrophy	provenance-only:orphanet	28	no	KEEP-as-broadMatch	ICD code is RESIDUAL; cannot be an exact equivalent	"{source=""Orphanet:295049""}"
ICD10CM:Q74.0	Other congenital malformations of upper limb(s), including shoulder girdle	RESIDUAL	MONDO:0017548	humero-radio-ulnar synostosis, unilateral	provenance-only:orphanet	28	no	KEEP-as-broadMatch	ICD code is RESIDUAL; cannot be an exact equivalent	"{source=""Orphanet:295205""}"
ICD10CM:Q74.0	Other congenital malformations of upper limb(s), including shoulder girdle	RESIDUAL	MONDO:0017549	humero-radio-ulnar synostosis, bilateral	provenance-only:orphanet	28	no	KEEP-as-broadMatch	ICD code is RESIDUAL; cannot be an exact equivalent	"{source=""Orphanet:295207""}"
ICD10CM:Q74.0	Other congenital malformations of upper limb(s), including shoulder girdle	RESIDUAL	MONDO:0017550	humero-radial synostosis, unilateral	provenance-only:orphanet	28	no	KEEP-as-broadMatch	ICD code is RESIDUAL; cannot be an exact equivalent	"{source=""Orphanet:295209""}"
ICD10CM:Q74.0	Other congenital malformations of upper limb(s), including shoulder girdle	RESIDUAL	MONDO:0017551	humero-radial synostosis, bilateral	provenance-only:orphanet	28	no	KEEP-as-broadMatch	ICD code is RESIDUAL; cannot be an exact equivalent	"{source=""Orphanet:295211""}"
ICD10CM:Q74.0	Other congenital malformations of upper limb(s), including shoulder girdle	RESIDUAL	MONDO:0017552	humero-ulnar synostosis, unilateral	provenance-only:orphanet	28	no	KEEP-as-broadMatch	ICD code is RESIDUAL; cannot be an exact equivalent	"{source=""Orphanet:295213""}"
ICD10CM:Q74.0	Other congenital malformations of upper limb(s), including shoulder girdle	RESIDUAL	MONDO:0017553	humero-ulnar synostosis, bilateral	provenance-only:orphanet	28	no	KEEP-as-broadMatch	ICD code is RESIDUAL; cannot be an exact equivalent	"{source=""Orphanet:295215""}"
ICD10CM:Q74.0	Other congenital malformations of upper limb(s), including shoulder girdle	RESIDUAL	MONDO:0017554	radio-ulnar synostosis, unilateral	provenance-only:orphanet	28	no	KEEP-as-broadMatch	ICD code is RESIDUAL; cannot be an exact equivalent	"{source=""Orphanet:295217""}"
ICD10CM:Q74.0	Other congenital malformations of upper limb(s), including shoulder girdle	RESIDUAL	MONDO:0017555	radio-ulnar synostosis, bilateral	provenance-only:orphanet	28	no	KEEP-as-broadMatch	ICD code is RESIDUAL; cannot be an exact equivalent	"{source=""Orphanet:295219""}"
ICD10CM:Q74.0	Other congenital malformations of upper limb(s), including shoulder girdle	RESIDUAL	MONDO:0017556	Madelung deformity, unilateral	provenance-only:orphanet	28	no	KEEP-as-broadMatch	ICD code is RESIDUAL; cannot be an exact equivalent	"{source=""Orphanet:295221""}"
ICD10CM:Q74.0	Other congenital malformations of upper limb(s), including shoulder girdle	RESIDUAL	MONDO:0017557	Madelung deformity, bilateral	provenance-only:orphanet	28	no	KEEP-as-broadMatch	ICD code is RESIDUAL; cannot be an exact equivalent	"{source=""Orphanet:295223""}"
ICD10CM:Q74.0	Other congenital malformations of upper limb(s), including shoulder girdle	RESIDUAL	MONDO:0017564	macrodactyly of fingers, unilateral	provenance-only:orphanet	28	no	KEEP-as-broadMatch	ICD code is RESIDUAL; cannot be an exact equivalent	"{source=""Orphanet:295239""}"
ICD10CM:Q74.0	Other congenital malformations of upper limb(s), including shoulder girdle	RESIDUAL	MONDO:0017565	macrodactyly of fingers, bilateral	provenance-only:orphanet	28	no	KEEP-as-broadMatch	ICD code is RESIDUAL; cannot be an exact equivalent	"{source=""Orphanet:295241""}"
ICD10CM:Q74.0	Other congenital malformations of upper limb(s), including shoulder girdle	RESIDUAL	MONDO:0017983	humero-radio-ulnar synostosis	provenance-only:orphanet	28	no	KEEP-as-broadMatch	ICD code is RESIDUAL; cannot be an exact equivalent	"{source=""Orphanet:3266""}"
ICD10CM:Q74.0	Other congenital malformations of upper limb(s), including shoulder girdle	RESIDUAL	MONDO:0017985	congenital radioulnar synostosis	provenance-only:orphanet	28	no	KEEP-as-broadMatch	ICD code is RESIDUAL; cannot be an exact equivalent	"{source=""Orphanet:3269/inclusion"", source=""Orphanet:3269"", source=""DOID:9827""}"
ICD10CM:Q74.0	Other congenital malformations of upper limb(s), including shoulder girdle	RESIDUAL	MONDO:0018154	Madelung deformity	provenance-only:orphanet	28	no	KEEP-as-broadMatch	ICD code is RESIDUAL; cannot be an exact equivalent	"{source=""Orphanet:35688"", source=""Orphanet:35688/inclusion""}"
ICD10CM:Q74.0	Other congenital malformations of upper limb(s), including shoulder girdle	RESIDUAL	MONDO:0019782	humero-ulnar synostosis	provenance-only:orphanet	28	no	KEEP-as-broadMatch	ICD code is RESIDUAL; cannot be an exact equivalent	"{source=""Orphanet:94056""}"
ICD10CM:Q74.1	Congenital malformation of knee	CONTAINER	MONDO:0007841	coxopodopatellar syndrome	provenance-only:orphanet	7	no	KEEP-as-broadMatch	ICD code is CONTAINER; cannot be an exact equivalent	"{source=""Orphanet:1509""}"
ICD10CM:Q74.1	Congenital malformation of knee	CONTAINER	MONDO:0008205	patella aplasia/hypoplasia	provenance-only:orphanet	7	no	KEEP-as-broadMatch	ICD code is CONTAINER; cannot be an exact equivalent	"{source=""Orphanet:86789/inclusion"", source=""Orphanet:86789""}"
ICD10CM:Q74.1	Congenital malformation of knee	CONTAINER	MONDO:0017471	congenital patella dislocation	provenance-only:orphanet	7	no	KEEP-as-broadMatch	ICD code is CONTAINER; cannot be an exact equivalent	"{source=""Orphanet:295036/inclusion"", source=""Orphanet:295036""}"
ICD10CM:Q74.1	Congenital malformation of knee	CONTAINER	MONDO:0017472	patella aplasia/hypoplasia, unilateral	provenance-only:orphanet	7	no	KEEP-as-broadMatch	ICD code is CONTAINER; cannot be an exact equivalent	"{source=""Orphanet:295038""}"
ICD10CM:Q74.1	Congenital malformation of knee	CONTAINER	MONDO:0017473	patella aplasia/hypoplasia, bilateral	provenance-only:orphanet	7	no	KEEP-as-broadMatch	ICD code is CONTAINER; cannot be an exact equivalent	"{source=""Orphanet:295041""}"
ICD10CM:Q74.1	Congenital malformation of knee	CONTAINER	MONDO:0017562	congenital patella dislocation, unilateral	provenance-only:orphanet	7	no	KEEP-as-broadMatch	ICD code is CONTAINER; cannot be an exact equivalent	"{source=""Orphanet:295234""}"
ICD10CM:Q74.1	Congenital malformation of knee	CONTAINER	MONDO:0017563	congenital patella dislocation, bilateral	provenance-only:orphanet	7	no	KEEP-as-broadMatch	ICD code is CONTAINER; cannot be an exact equivalent	"{source=""Orphanet:295237""}"
ICD10CM:Q74.2	Other congenital malformations of lower limb(s), including pelvic girdle	RESIDUAL	MONDO:0009321	hallux varus-preaxial polysyndactyly syndrome	provenance-only:orphanet	9	no	KEEP-as-broadMatch	ICD code is RESIDUAL; cannot be an exact equivalent	"{source=""Orphanet:2110""}"
ICD10CM:Q74.2	Other congenital malformations of lower limb(s), including pelvic girdle	RESIDUAL	MONDO:0017462	congenital pseudoarthrosis of the tibia	provenance-only:orphanet	9	no	KEEP-as-broadMatch	ICD code is RESIDUAL; cannot be an exact equivalent	"{source=""Orphanet:295018""}"
ICD10CM:Q74.2	Other congenital malformations of lower limb(s), including pelvic girdle	RESIDUAL	MONDO:0017463	congenital pseudoarthrosis of the femur	provenance-only:orphanet	9	no	KEEP-as-broadMatch	ICD code is RESIDUAL; cannot be an exact equivalent	"{source=""Orphanet:295020""}"
ICD10CM:Q74.2	Other congenital malformations of lower limb(s), including pelvic girdle	RESIDUAL	MONDO:0017464	congenital pseudoarthrosis of the fibula	provenance-only:orphanet	9	no	KEEP-as-broadMatch	ICD code is RESIDUAL; cannot be an exact equivalent	"{source=""Orphanet:295022""}"
ICD10CM:Q74.2	Other congenital malformations of lower limb(s), including pelvic girdle	RESIDUAL	MONDO:0017467	tibio-fibular synostosis	provenance-only:orphanet	9	no	KEEP-as-broadMatch	ICD code is RESIDUAL; cannot be an exact equivalent	"{source=""Orphanet:295028""}"
ICD10CM:Q74.2	Other congenital malformations of lower limb(s), including pelvic girdle	RESIDUAL	MONDO:0017475	macrodactyly of toes	provenance-only:orphanet	9	no	KEEP-as-broadMatch	ICD code is RESIDUAL; cannot be an exact equivalent	"{source=""Orphanet:295047"", source=""Orphanet:295047/index""}"
ICD10CM:Q74.2	Other congenital malformations of lower limb(s), including pelvic girdle	RESIDUAL	MONDO:0017477	lower limb hypertrophy	provenance-only:orphanet	9	no	KEEP-as-broadMatch	ICD code is RESIDUAL; cannot be an exact equivalent	"{source=""Orphanet:295051""}"
ICD10CM:Q74.2	Other congenital malformations of lower limb(s), including pelvic girdle	RESIDUAL	MONDO:0017566	macrodactyly of toes, unilateral	provenance-only:orphanet	9	no	KEEP-as-broadMatch	ICD code is RESIDUAL; cannot be an exact equivalent	"{source=""Orphanet:295243""}"
ICD10CM:Q74.2	Other congenital malformations of lower limb(s), including pelvic girdle	RESIDUAL	MONDO:0017567	macrodactyly of toes, bilateral	provenance-only:orphanet	9	no	KEEP-as-broadMatch	ICD code is RESIDUAL; cannot be an exact equivalent	"{source=""Orphanet:295245""}"
ICD10CM:Q74.8	Other specified congenital malformations of limb(s)	RESIDUAL	MONDO:0007058	Acropectorovertebral dysplasia	provenance-only:orphanet	29	no	KEEP-as-broadMatch	ICD code is RESIDUAL; cannot be an exact equivalent	"{source=""Orphanet:957""}"
ICD10CM:Q74.8	Other specified congenital malformations of limb(s)	RESIDUAL	MONDO:0007227	Sillence syndrome	provenance-only:orphanet	29	no	KEEP-as-broadMatch	ICD code is RESIDUAL; cannot be an exact equivalent	"{source=""Orphanet:3168""}"
ICD10CM:Q74.8	Other specified congenital malformations of limb(s)	RESIDUAL	MONDO:0007249	camptobrachydactyly	provenance-only:orphanet	29	no	KEEP-as-broadMatch	ICD code is RESIDUAL; cannot be an exact equivalent	"{source=""Orphanet:1319""}"
ICD10CM:Q74.8	Other specified congenital malformations of limb(s)	RESIDUAL	MONDO:0007489	dysplasia epiphysealis hemimelica	provenance-only:orphanet	29	no	KEEP-as-broadMatch	ICD code is RESIDUAL; cannot be an exact equivalent	"{source=""Orphanet:1822""}"
ICD10CM:Q74.8	Other specified congenital malformations of limb(s)	RESIDUAL	MONDO:0007738	spondyloepiphyseal dysplasia with congenital joint dislocations	provenance-only:orphanet	29	no	KEEP-as-broadMatch	ICD code is RESIDUAL; cannot be an exact equivalent	"{source=""Orphanet:263463""}"
ICD10CM:Q74.8	Other specified congenital malformations of limb(s)	RESIDUAL	MONDO:0007875	Larsen syndrome	provenance-only:orphanet	29	no	KEEP-as-broadMatch	ICD code is RESIDUAL; cannot be an exact equivalent	"{source=""Orphanet:503/inclusion"", source=""Orphanet:503""}"
ICD10CM:Q74.8	Other specified congenital malformations of limb(s)	RESIDUAL	MONDO:0008227	peripheral dysostosis	provenance-only:orphanet	29	no	KEEP-as-broadMatch	ICD code is RESIDUAL; cannot be an exact equivalent	"{source=""Orphanet:1795""}"
ICD10CM:Q74.8	Other specified congenital malformations of limb(s)	RESIDUAL	MONDO:0008510	symphalangism with multiple anomalies of hands and feet	provenance-only:orphanet	29	no	KEEP-as-broadMatch	ICD code is RESIDUAL; cannot be an exact equivalent	"{source=""Orphanet:3246""}"
ICD10CM:Q74.8	Other specified congenital malformations of limb(s)	RESIDUAL	MONDO:0008521	tarsal-carpal coalition syndrome	provenance-only:orphanet	29	no	KEEP-as-broadMatch	ICD code is RESIDUAL; cannot be an exact equivalent	"{source=""Orphanet:1412""}"
ICD10CM:Q74.8	Other specified congenital malformations of limb(s)	RESIDUAL	MONDO:0008572	tibia, hypoplasia or aplasia of, with polydactyly	provenance-only:orphanet	29	no	KEEP-as-broadMatch	ICD code is RESIDUAL; cannot be an exact equivalent	"{source=""Orphanet:3332""}"
ICD10CM:Q74.8	Other specified congenital malformations of limb(s)	RESIDUAL	MONDO:0008606	Say-field-Coldwell syndrome	provenance-only:orphanet	29	no	KEEP-as-broadMatch	ICD code is RESIDUAL; cannot be an exact equivalent	"{source=""Orphanet:3133""}"
ICD10CM:Q74.8	Other specified congenital malformations of limb(s)	RESIDUAL	MONDO:0008607	triphalangeal thumbs-brachyectrodactyly syndrome	provenance-only:orphanet	29	no	KEEP-as-broadMatch	ICD code is RESIDUAL; cannot be an exact equivalent	"{source=""Orphanet:2947""}"
ICD10CM:Q74.8	Other specified congenital malformations of limb(s)	RESIDUAL	MONDO:0008700	acheiropody	provenance-only:orphanet	29	no	KEEP-as-broadMatch	ICD code is RESIDUAL; cannot be an exact equivalent	"{source=""Orphanet:931""}"
ICD10CM:Q74.8	Other specified congenital malformations of limb(s)	RESIDUAL	MONDO:0008724	adducted thumbs-arthrogryposis syndrome, Christian type	provenance-only:orphanet	29	no	KEEP-as-broadMatch	ICD code is RESIDUAL; cannot be an exact equivalent	"{source=""Orphanet:2952""}"
ICD10CM:Q74.8	Other specified congenital malformations of limb(s)	RESIDUAL	MONDO:0009156	ectrodactyly-polydactyly syndrome	provenance-only:orphanet	29	no	KEEP-as-broadMatch	ICD code is RESIDUAL; cannot be an exact equivalent	"{source=""Orphanet:1892""}"
ICD10CM:Q74.8	Other specified congenital malformations of limb(s)	RESIDUAL	MONDO:0009221	femur-fibula-ulna complex	provenance-only:orphanet	29	no	KEEP-as-broadMatch	ICD code is RESIDUAL; cannot be an exact equivalent	"{source=""Orphanet:2019""}"
ICD10CM:Q74.8	Other specified congenital malformations of limb(s)	RESIDUAL	MONDO:0009222	Gollop-Wolfgang complex	provenance-only:orphanet	29	no	KEEP-as-broadMatch	ICD code is RESIDUAL; cannot be an exact equivalent	"{source=""Orphanet:1986""}"
ICD10CM:Q74.8	Other specified congenital malformations of limb(s)	RESIDUAL	MONDO:0009232	Fuhrmann syndrome	provenance-only:orphanet	29	no	KEEP-as-broadMatch	ICD code is RESIDUAL; cannot be an exact equivalent	"{source=""DOID:0090067"", source=""Orphanet:2854""}"
ICD10CM:Q74.8	Other specified congenital malformations of limb(s)	RESIDUAL	MONDO:0009511	Larsen-like syndrome, B3GAT3 type	provenance-only:orphanet	29	no	KEEP-as-broadMatch	ICD code is RESIDUAL; cannot be an exact equivalent	"{source=""Orphanet:284139""}"
ICD10CM:Q74.8	Other specified congenital malformations of limb(s)	RESIDUAL	MONDO:0009512	lethal Larsen-like syndrome	provenance-only:orphanet	29	no	KEEP-as-broadMatch	ICD code is RESIDUAL; cannot be an exact equivalent	"{source=""Orphanet:2371""}"
ICD10CM:Q74.8	Other specified congenital malformations of limb(s)	RESIDUAL	MONDO:0010881	mesomelia-synostoses syndrome	provenance-only:orphanet	29	no	KEEP-as-broadMatch	ICD code is RESIDUAL; cannot be an exact equivalent	"{source=""Orphanet:2496""}"
ICD10CM:Q74.8	Other specified congenital malformations of limb(s)	RESIDUAL	MONDO:0012055	Larsen-like osseous dysplasia-short stature syndrome	provenance-only:orphanet	29	no	KEEP-as-broadMatch	ICD code is RESIDUAL; cannot be an exact equivalent	"{source=""Orphanet:2370""}"
ICD10CM:Q74.8	Other specified congenital malformations of limb(s)	RESIDUAL	MONDO:0015773	fibular dimelia-diplopodia syndrome	provenance-only:orphanet	29	no	KEEP-as-broadMatch	ICD code is RESIDUAL; cannot be an exact equivalent	"{source=""Orphanet:1757""}"
ICD10CM:Q74.8	Other specified congenital malformations of limb(s)	RESIDUAL	MONDO:0017413	Reunion island Larsen syndrome	provenance-only:orphanet	29	no	KEEP-as-broadMatch	ICD code is RESIDUAL; cannot be an exact equivalent	"{source=""Orphanet:294049""}"
ICD10CM:Q74.8	Other specified congenital malformations of limb(s)	RESIDUAL	MONDO:0017454	triphalangeal thumb-polysyndactyly syndrome	provenance-only:orphanet	29	no	KEEP-as-broadMatch	ICD code is RESIDUAL; cannot be an exact equivalent	"{source=""Orphanet:2950""}"
ICD10CM:Q74.8	Other specified congenital malformations of limb(s)	RESIDUAL	MONDO:0017455	hyperphalangy	provenance-only:orphanet	29	no	KEEP-as-broadMatch	ICD code is RESIDUAL; cannot be an exact equivalent	"{source=""Orphanet:295002""}"
ICD10CM:Q74.8	Other specified congenital malformations of limb(s)	RESIDUAL	MONDO:0017521	hyperphalangy, unilateral	provenance-only:orphanet	29	no	KEEP-as-broadMatch	ICD code is RESIDUAL; cannot be an exact equivalent	"{source=""Orphanet:295140""}"
ICD10CM:Q74.8	Other specified congenital malformations of limb(s)	RESIDUAL	MONDO:0017522	hyperphalangy, bilateral	provenance-only:orphanet	29	no	KEEP-as-broadMatch	ICD code is RESIDUAL; cannot be an exact equivalent	"{source=""Orphanet:295142""}"
ICD10CM:Q74.8	Other specified congenital malformations of limb(s)	RESIDUAL	MONDO:0019695	acromelic dysplasia	provenance-only:orphanet	29	no	KEEP-as-broadMatch	ICD code is RESIDUAL; cannot be an exact equivalent	"{source=""Orphanet:93436""}"
ICD10CM:Q75.1	Craniofacial dysostosis	DISEASE	MONDO:0007405	Crouzon syndrome	provenance-only:orphanet	4	syn-match	KEEP-as-broadMatch	4 Mondo terms share this code; Mondo is narrower	"{source=""Orphanet:207/inclusion"", source=""Orphanet:207"", source=""DOID:2339""}"
ICD10CM:Q75.1	Craniofacial dysostosis	DISEASE	MONDO:0008715	acrofrontofacionasal dysostosis	provenance-only:orphanet	4	no	KEEP-as-broadMatch	4 Mondo terms share this code; Mondo is narrower	"{source=""Orphanet:1784""}"
ICD10CM:Q75.1	Craniofacial dysostosis	DISEASE	MONDO:0012833	Crouzon syndrome-acanthosis nigricans syndrome	provenance-only:orphanet	4	no	KEEP-as-broadMatch	4 Mondo terms share this code; Mondo is narrower	"{source=""Orphanet:93262""}"
ICD10CM:Q75.1	Craniofacial dysostosis	DISEASE	MONDO:0015824	oculomaxillofacial dysostosis	provenance-only:orphanet	4	no	KEEP-as-broadMatch	4 Mondo terms share this code; Mondo is narrower	"{source=""Orphanet:1794""}"
ICD10CM:Q75.8	Other specified congenital malformations of skull and face bones	RESIDUAL	MONDO:0000107	auriculocondylar syndrome	provenance-only:orphanet	15	no	KEEP-as-broadMatch	ICD code is RESIDUAL; cannot be an exact equivalent	"{source=""Orphanet:137888""}"
ICD10CM:Q75.8	Other specified congenital malformations of skull and face bones	RESIDUAL	MONDO:0007188	primary basilar invagination	provenance-only:orphanet	15	no	KEEP-as-broadMatch	ICD code is RESIDUAL; cannot be an exact equivalent	"{source=""Orphanet:2285""}"
ICD10CM:Q75.8	Other specified congenital malformations of skull and face bones	RESIDUAL	MONDO:0007636	frontorhiny	provenance-only:orphanet	15	no	KEEP-as-broadMatch	ICD code is RESIDUAL; cannot be an exact equivalent	"{source=""Orphanet:391474""}"
ICD10CM:Q75.8	Other specified congenital malformations of skull and face bones	RESIDUAL	MONDO:0007712	oculoauriculovertebral spectrum with radial defects	provenance-only:orphanet	15	no	KEEP-as-broadMatch	ICD code is RESIDUAL; cannot be an exact equivalent	"{source=""Orphanet:2549""}"
ICD10CM:Q75.8	Other specified congenital malformations of skull and face bones	RESIDUAL	MONDO:0007953	Binder syndrome	provenance-only:orphanet	15	no	KEEP-as-broadMatch	ICD code is RESIDUAL; cannot be an exact equivalent	"{source=""Orphanet:1248""}"
ICD10CM:Q75.8	Other specified congenital malformations of skull and face bones	RESIDUAL	MONDO:0007971	delayed membranous cranial ossification	provenance-only:orphanet	15	no	KEEP-as-broadMatch	ICD code is RESIDUAL; cannot be an exact equivalent	"{source=""Orphanet:3034""}"
ICD10CM:Q75.8	Other specified congenital malformations of skull and face bones	RESIDUAL	MONDO:0008744	alar cartilages hypoplasia-coloboma-telecanthus syndrome	provenance-only:orphanet	15	no	KEEP-as-broadMatch	ICD code is RESIDUAL; cannot be an exact equivalent	"{source=""Orphanet:2007""}"
ICD10CM:Q75.8	Other specified congenital malformations of skull and face bones	RESIDUAL	MONDO:0009247	frontofacionasal dysplasia	provenance-only:orphanet	15	no	KEEP-as-broadMatch	ICD code is RESIDUAL; cannot be an exact equivalent	"{source=""Orphanet:1791""}"
ICD10CM:Q75.8	Other specified congenital malformations of skull and face bones	RESIDUAL	MONDO:0011359	acromelic frontonasal dysostosis	provenance-only:orphanet	15	no	KEEP-as-broadMatch	ICD code is RESIDUAL; cannot be an exact equivalent	"{source=""Orphanet:1827""}"
ICD10CM:Q75.8	Other specified congenital malformations of skull and face bones	RESIDUAL	MONDO:0011481	craniosynostosis 2	provenance-only:orphanet	15	no	KEEP-as-broadMatch	ICD code is RESIDUAL; cannot be an exact equivalent	"{source=""Orphanet:1541""}"
ICD10CM:Q75.8	Other specified congenital malformations of skull and face bones	RESIDUAL	MONDO:0011911	craniolenticulosutural dysplasia	provenance-only:orphanet	15	no	KEEP-as-broadMatch	ICD code is RESIDUAL; cannot be an exact equivalent	"{source=""Orphanet:50814""}"
ICD10CM:Q75.8	Other specified congenital malformations of skull and face bones	RESIDUAL	MONDO:0015397	craniofacial microsomia	provenance-only:orphanet	15	no	KEEP-as-broadMatch	ICD code is RESIDUAL; cannot be an exact equivalent	"{source=""Orphanet:141136""}"
ICD10CM:Q75.8	Other specified congenital malformations of skull and face bones	RESIDUAL	MONDO:0015800	osteosclerosis-developmental delay-craniosynostosis syndrome	provenance-only:orphanet	15	no	KEEP-as-broadMatch	ICD code is RESIDUAL; cannot be an exact equivalent	"{source=""Orphanet:178377""}"
ICD10CM:Q75.8	Other specified congenital malformations of skull and face bones	RESIDUAL	MONDO:0016643	frontonasal dysplasia	provenance-only:orphanet	15	no	KEEP-as-broadMatch	ICD code is RESIDUAL; cannot be an exact equivalent	"{source=""Orphanet:250""}"
ICD10CM:Q75.8	Other specified congenital malformations of skull and face bones	RESIDUAL	MONDO:0018953	parietal foramina	provenance-only:orphanet	15	no	KEEP-as-broadMatch	ICD code is RESIDUAL; cannot be an exact equivalent	"{source=""Orphanet:60015""}"
ICD10CM:Q76.3	Congenital scoliosis due to congenital bony malformation	DISEASE	MONDO:0007232	autosomal dominant brachyolmia	provenance-only:orphanet	5	no	KEEP-as-broadMatch	5 Mondo terms share this code; Mondo is narrower	"{source=""Orphanet:93304""}"
ICD10CM:Q76.3	Congenital scoliosis due to congenital bony malformation	DISEASE	MONDO:0011018	brachyolmia-amelogenesis imperfecta syndrome	provenance-only:orphanet	5	no	KEEP-as-broadMatch	5 Mondo terms share this code; Mondo is narrower	"{source=""DOID:0090143"", source=""Orphanet:2899""}"
ICD10CM:Q76.3	Congenital scoliosis due to congenital bony malformation	DISEASE	MONDO:0013360	brachyolmia, Maroteaux type	provenance-only:orphanet	5	no	KEEP-as-broadMatch	5 Mondo terms share this code; Mondo is narrower	"{source=""Orphanet:93302""}"
ICD10CM:Q76.3	Congenital scoliosis due to congenital bony malformation	DISEASE	MONDO:0015262	brachyolmia	provenance-only:orphanet	5	no	KEEP-as-broadMatch	5 Mondo terms share this code; Mondo is narrower	"{source=""Orphanet:1293""}"
ICD10CM:Q76.3	Congenital scoliosis due to congenital bony malformation	DISEASE	MONDO:0018662	autosomal recessive brachyolmia	provenance-only:orphanet	5	no	KEEP-as-broadMatch	5 Mondo terms share this code; Mondo is narrower	"{source=""Orphanet:448242""}"
ICD10CM:Q76.4	Other congenital malformations of spine, not associated with scoliosis	RESIDUAL	MONDO:0010094	spondylocarpotarsal synostosis syndrome	provenance-only:orphanet	3	no	KEEP-as-broadMatch	ICD code is RESIDUAL; cannot be an exact equivalent	"{source=""DOID:0090116"", source=""Orphanet:3275""}"
ICD10CM:Q76.4	Other congenital malformations of spine, not associated with scoliosis	RESIDUAL	MONDO:0015826	autosomal dominant spondylocostal dysostosis	provenance-only:orphanet	3	no	KEEP-as-broadMatch	ICD code is RESIDUAL; cannot be an exact equivalent	"{source=""Orphanet:1797""}"
ICD10CM:Q76.4	Other congenital malformations of spine, not associated with scoliosis	RESIDUAL	MONDO:0016622	Melhem-Fahl syndrome	provenance-only:orphanet	3	no	KEEP-as-broadMatch	ICD code is RESIDUAL; cannot be an exact equivalent	"{source=""Orphanet:2482""}"
ICD10CM:Q76.7	Congenital malformation of sternum	CONTAINER	MONDO:0016066	sternal cleft	provenance-only:orphanet	1	no	KEEP-as-broadMatch	ICD code is CONTAINER; cannot be an exact equivalent	"{source=""Orphanet:2017""}"
ICD10CM:Q76.8	Other congenital malformations of bony thorax	RESIDUAL	MONDO:0010180	autosomal recessive spondylocostal dysostosis	provenance-only:orphanet	1	no	KEEP-as-broadMatch	ICD code is RESIDUAL; cannot be an exact equivalent	"{source=""Orphanet:2311""}"
ICD10CM:Q77.1	Thanatophoric short stature	DISEASE	MONDO:0008546	thanatophoric dysplasia type 1	provenance-only:orphanet	3	no	KEEP-as-broadMatch	3 Mondo terms share this code; Mondo is narrower	"{source=""Orphanet:1860""}"
ICD10CM:Q77.1	Thanatophoric short stature	DISEASE	MONDO:0008547	thanatophoric dysplasia type 2	provenance-only:orphanet	3	no	KEEP-as-broadMatch	3 Mondo terms share this code; Mondo is narrower	"{source=""Orphanet:93274""}"
ICD10CM:Q77.1	Thanatophoric short stature	DISEASE	MONDO:0017042	thanatophoric dysplasia	orphanet-specific	3	no	KEEP-as-broadMatch	3 Mondo terms share this code; Mondo is narrower	"{source=""DOID:13481"", source=""Orphanet:2655"", source=""Orphanet:2655/specific"", source=""Orphanet:2655/e""}"
ICD10CM:Q77.2	Short rib syndrome	DISEASE	MONDO:0008551	thoracolaryngopelvic dysplasia	provenance-only:orphanet	19	no	KEEP-as-broadMatch	19 Mondo terms share this code; Mondo is narrower	"{source=""Orphanet:3317""}"
ICD10CM:Q77.2	Short rib syndrome	DISEASE	MONDO:0008831	asphyxiating thoracic dystrophy 1	provenance-only:doid	19	no	KEEP-as-broadMatch	19 Mondo terms share this code; Mondo is narrower	"{source=""DOID:0110085""}"
ICD10CM:Q77.2	Short rib syndrome	DISEASE	MONDO:0009894	short-rib thoracic dysplasia 6 with or without polydactyly	provenance-only:doid	19	no	KEEP-as-broadMatch	19 Mondo terms share this code; Mondo is narrower	"{source=""DOID:0110092""}"
ICD10CM:Q77.2	Short rib syndrome	DISEASE	MONDO:0010024	Beemer-Langer syndrome	provenance-only:orphanet	19	no	KEEP-as-broadMatch	19 Mondo terms share this code; Mondo is narrower	"{source=""Orphanet:93268""}"
ICD10CM:Q77.2	Short rib syndrome	DISEASE	MONDO:0010116	thoracomelic dysplasia	provenance-only:orphanet	19	no	KEEP-as-broadMatch	19 Mondo terms share this code; Mondo is narrower	"{source=""Orphanet:1803""}"
ICD10CM:Q77.2	Short rib syndrome	DISEASE	MONDO:0012644	asphyxiating thoracic dystrophy 2	provenance-only:doid	19	no	KEEP-as-broadMatch	19 Mondo terms share this code; Mondo is narrower	"{source=""DOID:0110086""}"
ICD10CM:Q77.2	Short rib syndrome	DISEASE	MONDO:0013127	asphyxiating thoracic dystrophy 3	provenance-only:orphanet	19	no	KEEP-as-broadMatch	19 Mondo terms share this code; Mondo is narrower	"{source=""DOID:0110087"", source=""Orphanet:93270"", source=""Orphanet:93271""}"
ICD10CM:Q77.2	Short rib syndrome	DISEASE	MONDO:0013441	asphyxiating thoracic dystrophy 4	provenance-only:doid	19	no	KEEP-as-broadMatch	19 Mondo terms share this code; Mondo is narrower	"{source=""DOID:0110088""}"
ICD10CM:Q77.2	Short rib syndrome	DISEASE	MONDO:0013569	short-rib thoracic dysplasia 7 with or without polydactyly	provenance-only:doid	19	no	KEEP-as-broadMatch	19 Mondo terms share this code; Mondo is narrower	"{source=""DOID:0110090""}"
ICD10CM:Q77.2	Short rib syndrome	DISEASE	MONDO:0013717	asphyxiating thoracic dystrophy 5	provenance-only:doid	19	no	KEEP-as-broadMatch	19 Mondo terms share this code; Mondo is narrower	"{source=""DOID:0110089""}"
ICD10CM:Q77.2	Short rib syndrome	DISEASE	MONDO:0014214	short-rib thoracic dysplasia 8 with or without polydactyly	provenance-only:doid	19	no	KEEP-as-broadMatch	19 Mondo terms share this code; Mondo is narrower	"{source=""DOID:0110094""}"
ICD10CM:Q77.2	Short rib syndrome	DISEASE	MONDO:0014284	short-rib thoracic dysplasia 10 with or without polydactyly	provenance-only:doid	19	no	KEEP-as-broadMatch	19 Mondo terms share this code; Mondo is narrower	"{source=""DOID:0110091""}"
ICD10CM:Q77.2	Short rib syndrome	DISEASE	MONDO:0014287	short-rib thoracic dysplasia 11 with or without polydactyly	provenance-only:doid	19	no	KEEP-as-broadMatch	19 Mondo terms share this code; Mondo is narrower	"{source=""DOID:0110095""}"
ICD10CM:Q77.2	Short rib syndrome	DISEASE	MONDO:0014577	short-rib thoracic dysplasia 13 with or without polydactyly	provenance-only:doid	19	no	KEEP-as-broadMatch	19 Mondo terms share this code; Mondo is narrower	"{source=""DOID:0110093""}"
ICD10CM:Q77.2	Short rib syndrome	DISEASE	MONDO:0014870	NEK9-related lethal skeletal dysplasia	provenance-only:orphanet	19	no	KEEP-as-broadMatch	19 Mondo terms share this code; Mondo is narrower	"{source=""Orphanet:464366""}"
ICD10CM:Q77.2	Short rib syndrome	DISEASE	MONDO:0015461	short rib-polydactyly syndrome	provenance-only:orphanet	19	no	KEEP-as-broadMatch	19 Mondo terms share this code; Mondo is narrower	"{source=""Orphanet:1505""}"
ICD10CM:Q77.2	Short rib syndrome	DISEASE	MONDO:0018770	Jeune syndrome	provenance-only:orphanet	19	no	KEEP-as-broadMatch	19 Mondo terms share this code; Mondo is narrower	"{source=""Orphanet:474/inclusion"", source=""Orphanet:474"", source=""DOID:0050592""}"
ICD10CM:Q77.2	Short rib syndrome	DISEASE	MONDO:0019662	short rib-polydactyly syndrome, Majewski type	provenance-only:orphanet	19	no	KEEP-as-broadMatch	19 Mondo terms share this code; Mondo is narrower	"{source=""Orphanet:93269""}"
ICD10CM:Q77.2	Short rib syndrome	DISEASE	MONDO:0019691	short rib dysplasia	orphanet-specific	19	no	KEEP-as-broadMatch	19 Mondo terms share this code; Mondo is narrower	"{source=""Orphanet:93426/e"", source=""Orphanet:93426/specific"", source=""Orphanet:93426""}"
ICD10CM:Q77.8	Other osteochondrodysplasia with defects of growth of tubular bones and spine	RESIDUAL	MONDO:0007055	Acromicric dysplasia	provenance-only:orphanet	32	no	KEEP-as-broadMatch	ICD code is RESIDUAL; cannot be an exact equivalent	"{source=""Orphanet:969""}"
ICD10CM:Q77.8	Other osteochondrodysplasia with defects of growth of tubular bones and spine	RESIDUAL	MONDO:0007209	Weismann-Netter syndrome	provenance-only:orphanet	32	no	KEEP-as-broadMatch	ICD code is RESIDUAL; cannot be an exact equivalent	"{source=""Orphanet:3344""}"
ICD10CM:Q77.8	Other osteochondrodysplasia with defects of growth of tubular bones and spine	RESIDUAL	MONDO:0007341	cleidorhizomelic syndrome	provenance-only:orphanet	32	no	KEEP-as-broadMatch	ICD code is RESIDUAL; cannot be an exact equivalent	"{source=""Orphanet:1453""}"
ICD10CM:Q77.8	Other osteochondrodysplasia with defects of growth of tubular bones and spine	RESIDUAL	MONDO:0007481	Leri-Weill dyschondrosteosis	provenance-only:orphanet	32	no	KEEP-as-broadMatch	ICD code is RESIDUAL; cannot be an exact equivalent	"{source=""Orphanet:240"", source=""DOID:0060847""}"
ICD10CM:Q77.8	Other osteochondrodysplasia with defects of growth of tubular bones and spine	RESIDUAL	MONDO:0007895	platyspondylic dysplasia, Torrance type	provenance-only:orphanet	32	no	KEEP-as-broadMatch	ICD code is RESIDUAL; cannot be an exact equivalent	"{source=""Orphanet:85166""}"
ICD10CM:Q77.8	Other osteochondrodysplasia with defects of growth of tubular bones and spine	RESIDUAL	MONDO:0007984	metaphyseal dysplasia-maxillary hypoplasia-brachydacty syndrome	provenance-only:orphanet	32	no	KEEP-as-broadMatch	ICD code is RESIDUAL; cannot be an exact equivalent	"{source=""Orphanet:2504""}"
ICD10CM:Q77.8	Other osteochondrodysplasia with defects of growth of tubular bones and spine	RESIDUAL	MONDO:0007986	metatropic dysplasia	provenance-only:orphanet	32	no	KEEP-as-broadMatch	ICD code is RESIDUAL; cannot be an exact equivalent	"{source=""Orphanet:2635""}"
ICD10CM:Q77.8	Other osteochondrodysplasia with defects of growth of tubular bones and spine	RESIDUAL	MONDO:0008175	pacman dysplasia	provenance-only:orphanet	32	no	KEEP-as-broadMatch	ICD code is RESIDUAL; cannot be an exact equivalent	"{source=""Orphanet:1952""}"
ICD10CM:Q77.8	Other osteochondrodysplasia with defects of growth of tubular bones and spine	RESIDUAL	MONDO:0008322	pseudoachondroplasia	provenance-only:orphanet	32	no	KEEP-as-broadMatch	ICD code is RESIDUAL; cannot be an exact equivalent	"{source=""Orphanet:750""}"
ICD10CM:Q77.8	Other osteochondrodysplasia with defects of growth of tubular bones and spine	RESIDUAL	MONDO:0008477	spondylometaphyseal dysplasia, Kozlowski type	provenance-only:orphanet	32	no	KEEP-as-broadMatch	ICD code is RESIDUAL; cannot be an exact equivalent	"{source=""Orphanet:93314""}"
ICD10CM:Q77.8	Other osteochondrodysplasia with defects of growth of tubular bones and spine	RESIDUAL	MONDO:0008478	spondylometaphyseal dysplasia, Schmidt type	provenance-only:orphanet	32	no	KEEP-as-broadMatch	ICD code is RESIDUAL; cannot be an exact equivalent	"{source=""Orphanet:93316""}"
ICD10CM:Q77.8	Other osteochondrodysplasia with defects of growth of tubular bones and spine	RESIDUAL	MONDO:0008479	spondylometaphyseal dysplasia, 'corner fracture' type	provenance-only:orphanet	32	no	KEEP-as-broadMatch	ICD code is RESIDUAL; cannot be an exact equivalent	"{source=""Orphanet:93315""}"
ICD10CM:Q77.8	Other osteochondrodysplasia with defects of growth of tubular bones and spine	RESIDUAL	MONDO:0008878	bone dysplasia, lethal Holmgren type	provenance-only:orphanet	32	no	KEEP-as-broadMatch	ICD code is RESIDUAL; cannot be an exact equivalent	"{source=""Orphanet:1842""}"
ICD10CM:Q77.8	Other osteochondrodysplasia with defects of growth of tubular bones and spine	RESIDUAL	MONDO:0009498	lethal Kniest-like dysplasia	provenance-only:orphanet	32	no	KEEP-as-broadMatch	ICD code is RESIDUAL; cannot be an exact equivalent	"{source=""Orphanet:2347""}"
ICD10CM:Q77.8	Other osteochondrodysplasia with defects of growth of tubular bones and spine	RESIDUAL	MONDO:0009593	spondylometaphyseal dysplasia, Sedaghatian type	provenance-only:orphanet	32	no	KEEP-as-broadMatch	ICD code is RESIDUAL; cannot be an exact equivalent	"{source=""Orphanet:93317""}"
ICD10CM:Q77.8	Other osteochondrodysplasia with defects of growth of tubular bones and spine	RESIDUAL	MONDO:0010650	Melnick-Needles syndrome	provenance-only:orphanet	32	no	KEEP-as-broadMatch	ICD code is RESIDUAL; cannot be an exact equivalent	"{source=""Orphanet:2484""}"
ICD10CM:Q77.8	Other osteochondrodysplasia with defects of growth of tubular bones and spine	RESIDUAL	MONDO:0010738	spondylometaphyseal dysplasia, Golden type	provenance-only:orphanet	32	no	KEEP-as-broadMatch	ICD code is RESIDUAL; cannot be an exact equivalent	"{source=""Orphanet:168544""}"
ICD10CM:Q77.8	Other osteochondrodysplasia with defects of growth of tubular bones and spine	RESIDUAL	MONDO:0010801	spondylocamptodactyly syndrome	provenance-only:orphanet	32	no	KEEP-as-broadMatch	ICD code is RESIDUAL; cannot be an exact equivalent	"{source=""Orphanet:3180""}"
ICD10CM:Q77.8	Other osteochondrodysplasia with defects of growth of tubular bones and spine	RESIDUAL	MONDO:0011064	lethal chondrodysplasia, Seller type	provenance-only:orphanet	32	no	KEEP-as-broadMatch	ICD code is RESIDUAL; cannot be an exact equivalent	"{source=""Orphanet:1421""}"
ICD10CM:Q77.8	Other osteochondrodysplasia with defects of growth of tubular bones and spine	RESIDUAL	MONDO:0011211	axial spondylometaphyseal dysplasia	provenance-only:orphanet	32	no	KEEP-as-broadMatch	ICD code is RESIDUAL; cannot be an exact equivalent	"{source=""Orphanet:168549""}"
ICD10CM:Q77.8	Other osteochondrodysplasia with defects of growth of tubular bones and spine	RESIDUAL	MONDO:0011275	acromesomelic dysplasia 1, Maroteaux type	provenance-only:orphanet	32	no	KEEP-as-broadMatch	ICD code is RESIDUAL; cannot be an exact equivalent	"{source=""Orphanet:40""}"
ICD10CM:Q77.8	Other osteochondrodysplasia with defects of growth of tubular bones and spine	RESIDUAL	MONDO:0011856	spondylometaphyseal dysplasia-bowed forearms-facial dysmorphism syndrome	provenance-only:orphanet	32	no	KEEP-as-broadMatch	ICD code is RESIDUAL; cannot be an exact equivalent	"{source=""Orphanet:168552""}"
ICD10CM:Q77.8	Other osteochondrodysplasia with defects of growth of tubular bones and spine	RESIDUAL	MONDO:0012160	spondylometaphyseal dysplasia-cone-rod dystrophy syndrome	provenance-only:orphanet	32	no	KEEP-as-broadMatch	ICD code is RESIDUAL; cannot be an exact equivalent	"{source=""Orphanet:85167""}"
ICD10CM:Q77.8	Other osteochondrodysplasia with defects of growth of tubular bones and spine	RESIDUAL	MONDO:0012185	spondylometaphyseal dysplasia, A4 type	provenance-only:orphanet	32	no	KEEP-as-broadMatch	ICD code is RESIDUAL; cannot be an exact equivalent	"{source=""Orphanet:168555""}"
ICD10CM:Q77.8	Other osteochondrodysplasia with defects of growth of tubular bones and spine	RESIDUAL	MONDO:0013223	autosomal recessive spondylometaphyseal dysplasia, Megarbane type	provenance-only:orphanet	32	no	KEEP-as-broadMatch	ICD code is RESIDUAL; cannot be an exact equivalent	"{source=""Orphanet:401979""}"
ICD10CM:Q77.8	Other osteochondrodysplasia with defects of growth of tubular bones and spine	RESIDUAL	MONDO:0015907	epimetaphyseal skeletal dysplasia	provenance-only:orphanet	32	no	KEEP-as-broadMatch	ICD code is RESIDUAL; cannot be an exact equivalent	"{source=""Orphanet:1819""}"
ICD10CM:Q77.8	Other osteochondrodysplasia with defects of growth of tubular bones and spine	RESIDUAL	MONDO:0016763	spondylometaphyseal dysplasia	provenance-only:orphanet	32	no	KEEP-as-broadMatch	ICD code is RESIDUAL; cannot be an exact equivalent	"{source=""Orphanet:254""}"
ICD10CM:Q77.8	Other osteochondrodysplasia with defects of growth of tubular bones and spine	RESIDUAL	MONDO:0017197	osteopathia striata-pigmentary dermopathy-white forelock syndrome	provenance-only:orphanet	32	no	KEEP-as-broadMatch	ICD code is RESIDUAL; cannot be an exact equivalent	"{source=""Orphanet:2779""}"
ICD10CM:Q77.8	Other osteochondrodysplasia with defects of growth of tubular bones and spine	RESIDUAL	MONDO:0018254	spondyloepimetaphyseal dysplasia, Isidor type	provenance-only:orphanet	32	no	KEEP-as-broadMatch	ICD code is RESIDUAL; cannot be an exact equivalent	"{source=""Orphanet:370015""}"
ICD10CM:Q77.8	Other osteochondrodysplasia with defects of growth of tubular bones and spine	RESIDUAL	MONDO:0018255	spondylometaphyseal dysplasia, Czarny-Ratajczak type	provenance-only:orphanet	32	no	KEEP-as-broadMatch	ICD code is RESIDUAL; cannot be an exact equivalent	"{source=""Orphanet:370019""}"
ICD10CM:Q77.8	Other osteochondrodysplasia with defects of growth of tubular bones and spine	RESIDUAL	MONDO:0018663	regressive spondylometaphyseal dysplasia	provenance-only:orphanet	32	no	KEEP-as-broadMatch	ICD code is RESIDUAL; cannot be an exact equivalent	"{source=""Orphanet:448267""}"
ICD10CM:Q77.8	Other osteochondrodysplasia with defects of growth of tubular bones and spine	RESIDUAL	MONDO:0019413	ischio-vertebral syndrome	provenance-only:orphanet	32	no	KEEP-as-broadMatch	ICD code is RESIDUAL; cannot be an exact equivalent	"{source=""Orphanet:85200""}"
ICD10CM:Q78.8	Other specified osteochondrodysplasias	RESIDUAL	MONDO:0001414	osteopoikilosis	provenance-only:doid	44	no	KEEP-as-broadMatch	ICD code is RESIDUAL; cannot be an exact equivalent	"{source=""DOID:11991""}"
ICD10CM:Q78.8	Other specified osteochondrodysplasias	RESIDUAL	MONDO:0007114	Angel-shaped phalango-epiphyseal dysplasia	provenance-only:orphanet	44	no	KEEP-as-broadMatch	ICD code is RESIDUAL; cannot be an exact equivalent	"{source=""Orphanet:63442""}"
ICD10CM:Q78.8	Other specified osteochondrodysplasias	RESIDUAL	MONDO:0007167	atelosteogenesis type I	provenance-only:orphanet	44	no	KEEP-as-broadMatch	ICD code is RESIDUAL; cannot be an exact equivalent	"{source=""Orphanet:1190""}"
ICD10CM:Q78.8	Other specified osteochondrodysplasias	RESIDUAL	MONDO:0007168	atelosteogenesis type III	provenance-only:orphanet	44	no	KEEP-as-broadMatch	ICD code is RESIDUAL; cannot be an exact equivalent	"{source=""Orphanet:56305""}"
ICD10CM:Q78.8	Other specified osteochondrodysplasias	RESIDUAL	MONDO:0007396	dysostosis, Stanescu type	provenance-only:orphanet	44	no	KEEP-as-broadMatch	ICD code is RESIDUAL; cannot be an exact equivalent	"{source=""Orphanet:1798""}"
ICD10CM:Q78.8	Other specified osteochondrodysplasias	RESIDUAL	MONDO:0007977	mesomelic dysplasia, Kantaputra type	provenance-only:orphanet	44	no	KEEP-as-broadMatch	ICD code is RESIDUAL; cannot be an exact equivalent	"{source=""Orphanet:1836""}"
ICD10CM:Q78.8	Other specified osteochondrodysplasias	RESIDUAL	MONDO:0008098	mesomelic dwarfism, Nievergelt type	provenance-only:orphanet	44	no	KEEP-as-broadMatch	ICD code is RESIDUAL; cannot be an exact equivalent	"{source=""Orphanet:2633""}"
ICD10CM:Q78.8	Other specified osteochondrodysplasias	RESIDUAL	MONDO:0008123	autosomal dominant omodysplasia	provenance-only:orphanet	44	no	KEEP-as-broadMatch	ICD code is RESIDUAL; cannot be an exact equivalent	"{source=""Orphanet:93328""}"
ICD10CM:Q78.8	Other specified osteochondrodysplasias	RESIDUAL	MONDO:0008157	Buschke-Ollendorff syndrome	provenance-only:orphanet	44	no	KEEP-as-broadMatch	ICD code is RESIDUAL; cannot be an exact equivalent	"{source=""Orphanet:1306""}"
ICD10CM:Q78.8	Other specified osteochondrodysplasias	RESIDUAL	MONDO:0008429	Singleton-Merten dysplasia	provenance-only:orphanet	44	no	KEEP-as-broadMatch	ICD code is RESIDUAL; cannot be an exact equivalent	"{source=""Orphanet:85191""}"
ICD10CM:Q78.8	Other specified osteochondrodysplasias	RESIDUAL	MONDO:0008618	mesomelic dwarfism, Reinhardt-Pfeiffer type	provenance-only:orphanet	44	no	KEEP-as-broadMatch	ICD code is RESIDUAL; cannot be an exact equivalent	"{source=""Orphanet:2634""}"
ICD10CM:Q78.8	Other specified osteochondrodysplasias	RESIDUAL	MONDO:0008620	upper limb mesomelic dysplasia	provenance-only:orphanet	44	no	KEEP-as-broadMatch	ICD code is RESIDUAL; cannot be an exact equivalent	"{source=""Orphanet:2497""}"
ICD10CM:Q78.8	Other specified osteochondrodysplasias	RESIDUAL	MONDO:0008703	acromesomelic dysplasia 2A	provenance-only:orphanet	44	no	KEEP-as-broadMatch	ICD code is RESIDUAL; cannot be an exact equivalent	"{source=""Orphanet:2098""}"
ICD10CM:Q78.8	Other specified osteochondrodysplasias	RESIDUAL	MONDO:0008717	acromesomelic dysplasia 2C, Hunter-Thompson type	provenance-only:orphanet	44	no	KEEP-as-broadMatch	ICD code is RESIDUAL; cannot be an exact equivalent	"{source=""Orphanet:968""}"
ICD10CM:Q78.8	Other specified osteochondrodysplasias	RESIDUAL	MONDO:0008970	chondrodysplasia Blomstrand type	provenance-only:orphanet	44	no	KEEP-as-broadMatch	ICD code is RESIDUAL; cannot be an exact equivalent	"{source=""Orphanet:50945""}"
ICD10CM:Q78.8	Other specified osteochondrodysplasias	RESIDUAL	MONDO:0009138	dysosteosclerosis	provenance-only:orphanet	44	no	KEEP-as-broadMatch	ICD code is RESIDUAL; cannot be an exact equivalent	"{source=""Orphanet:1782""}"
ICD10CM:Q78.8	Other specified osteochondrodysplasias	RESIDUAL	MONDO:0009589	mesomelic dwarfism-cleft palate-camptodactyly syndrome	provenance-only:orphanet	44	no	KEEP-as-broadMatch	ICD code is RESIDUAL; cannot be an exact equivalent	"{source=""Orphanet:2631""}"
ICD10CM:Q78.8	Other specified osteochondrodysplasias	RESIDUAL	MONDO:0009595	cartilage-hair hypoplasia	provenance-only:orphanet	44	no	KEEP-as-broadMatch	ICD code is RESIDUAL; cannot be an exact equivalent	"{source=""Orphanet:175""}"
ICD10CM:Q78.8	Other specified osteochondrodysplasias	RESIDUAL	MONDO:0009717	Schwartz-Jampel syndrome	provenance-only:orphanet	44	no	KEEP-as-broadMatch	ICD code is RESIDUAL; cannot be an exact equivalent	"{source=""Orphanet:800"", source=""Orphanet:800/index""}"
ICD10CM:Q78.8	Other specified osteochondrodysplasias	RESIDUAL	MONDO:0009779	autosomal recessive omodysplasia	provenance-only:orphanet	44	no	KEEP-as-broadMatch	ICD code is RESIDUAL; cannot be an exact equivalent	"{source=""Orphanet:93329""}"
ICD10CM:Q78.8	Other specified osteochondrodysplasias	RESIDUAL	MONDO:0009785	opsismodysplasia	provenance-only:orphanet	44	no	KEEP-as-broadMatch	ICD code is RESIDUAL; cannot be an exact equivalent	"{source=""Orphanet:2746""}"
ICD10CM:Q78.8	Other specified osteochondrodysplasias	RESIDUAL	MONDO:0009914	pseudodiastrophic dysplasia	provenance-only:orphanet	44	no	KEEP-as-broadMatch	ICD code is RESIDUAL; cannot be an exact equivalent	"{source=""Orphanet:85174""}"
ICD10CM:Q78.8	Other specified osteochondrodysplasias	RESIDUAL	MONDO:0009940	pycnodysostosis	provenance-only:orphanet	44	no	KEEP-as-broadMatch	ICD code is RESIDUAL; cannot be an exact equivalent	"{source=""Orphanet:763""}"
ICD10CM:Q78.8	Other specified osteochondrodysplasias	RESIDUAL	MONDO:0009942	pyknoachondrogenesis	provenance-only:orphanet	44	no	KEEP-as-broadMatch	ICD code is RESIDUAL; cannot be an exact equivalent	"{source=""Orphanet:3003""}"
ICD10CM:Q78.8	Other specified osteochondrodysplasias	RESIDUAL	MONDO:0010014	craniometadiaphyseal dysplasia, wormian bone type	provenance-only:orphanet	44	no	KEEP-as-broadMatch	ICD code is RESIDUAL; cannot be an exact equivalent	"{source=""Orphanet:85184""}"
ICD10CM:Q78.8	Other specified osteochondrodysplasias	RESIDUAL	MONDO:0010310	osteopathia striata with cranial sclerosis	provenance-only:orphanet	44	no	KEEP-as-broadMatch	ICD code is RESIDUAL; cannot be an exact equivalent	"{source=""DOID:0060886"", source=""Orphanet:2780""}"
ICD10CM:Q78.8	Other specified osteochondrodysplasias	RESIDUAL	MONDO:0011079	rhizomelic dysplasia, Patterson-Lowry type	provenance-only:orphanet	44	no	KEEP-as-broadMatch	ICD code is RESIDUAL; cannot be an exact equivalent	"{source=""Orphanet:2831""}"
ICD10CM:Q78.8	Other specified osteochondrodysplasias	RESIDUAL	MONDO:0011109	multiple epiphyseal dysplasia, Lowry type	provenance-only:orphanet	44	no	KEEP-as-broadMatch	ICD code is RESIDUAL; cannot be an exact equivalent	"{source=""Orphanet:166016""}"
ICD10CM:Q78.8	Other specified osteochondrodysplasias	RESIDUAL	MONDO:0011501	wormian bone-multiple fractures-dentinogenesis imperfecta-skeletal dysplasia	provenance-only:orphanet	44	no	KEEP-as-broadMatch	ICD code is RESIDUAL; cannot be an exact equivalent	"{source=""Orphanet:166277""}"
ICD10CM:Q78.8	Other specified osteochondrodysplasias	RESIDUAL	MONDO:0011530	mesomelic dysplasia, Savarirayan type	provenance-only:orphanet	44	no	KEEP-as-broadMatch	ICD code is RESIDUAL; cannot be an exact equivalent	"{source=""Orphanet:85170""}"
ICD10CM:Q78.8	Other specified osteochondrodysplasias	RESIDUAL	MONDO:0011907	acrocapitofemoral dysplasia	provenance-only:orphanet	44	no	KEEP-as-broadMatch	ICD code is RESIDUAL; cannot be an exact equivalent	"{source=""Orphanet:63446""}"
ICD10CM:Q78.8	Other specified osteochondrodysplasias	RESIDUAL	MONDO:0011946	diaphanospondylodysostosis	provenance-only:orphanet	44	no	KEEP-as-broadMatch	ICD code is RESIDUAL; cannot be an exact equivalent	"{source=""Orphanet:66637""}"
ICD10CM:Q78.8	Other specified osteochondrodysplasias	RESIDUAL	MONDO:0011976	lipodystrophy-intellectual disability-deafness syndrome	provenance-only:orphanet	44	no	KEEP-as-broadMatch	ICD code is RESIDUAL; cannot be an exact equivalent	"{source=""Orphanet:50811""}"
ICD10CM:Q78.8	Other specified osteochondrodysplasias	RESIDUAL	MONDO:0014821	complex lethal osteochondrodysplasia	provenance-only:orphanet	44	no	KEEP-as-broadMatch	ICD code is RESIDUAL; cannot be an exact equivalent	"{source=""Orphanet:457378""}"
ICD10CM:Q78.8	Other specified osteochondrodysplasias	RESIDUAL	MONDO:0015425	lethal recessive chondrodysplasia	provenance-only:orphanet	44	no	KEEP-as-broadMatch	ICD code is RESIDUAL; cannot be an exact equivalent	"{source=""Orphanet:1423""}"
ICD10CM:Q78.8	Other specified osteochondrodysplasias	RESIDUAL	MONDO:0015426	Desbuquois dysplasia	provenance-only:orphanet	44	no	KEEP-as-broadMatch	ICD code is RESIDUAL; cannot be an exact equivalent	"{source=""Orphanet:1425""}"
ICD10CM:Q78.8	Other specified osteochondrodysplasias	RESIDUAL	MONDO:0015465	craniometaphyseal dysplasia	provenance-only:orphanet	44	no	KEEP-as-broadMatch	ICD code is RESIDUAL; cannot be an exact equivalent	"{source=""Orphanet:1522""}"
ICD10CM:Q78.8	Other specified osteochondrodysplasias	RESIDUAL	MONDO:0015634	isolated osteopoikilosis	provenance-only:orphanet	44	no	KEEP-as-broadMatch	ICD code is RESIDUAL; cannot be an exact equivalent	"{source=""Orphanet:166119/inclusion"", source=""Orphanet:166119""}"
ICD10CM:Q78.8	Other specified osteochondrodysplasias	RESIDUAL	MONDO:0015678	dysplasia of head of femur, Meyer type	provenance-only:orphanet	44	no	KEEP-as-broadMatch	ICD code is RESIDUAL; cannot be an exact equivalent	"{source=""Orphanet:168621""}"
ICD10CM:Q78.8	Other specified osteochondrodysplasias	RESIDUAL	MONDO:0017136	omodysplasia	provenance-only:orphanet	44	no	KEEP-as-broadMatch	ICD code is RESIDUAL; cannot be an exact equivalent	"{source=""Orphanet:2733""}"
ICD10CM:Q78.8	Other specified osteochondrodysplasias	RESIDUAL	MONDO:0017923	multiple synostoses syndrome	provenance-only:orphanet	44	no	KEEP-as-broadMatch	ICD code is RESIDUAL; cannot be an exact equivalent	"{source=""Orphanet:3237""}"
ICD10CM:Q78.8	Other specified osteochondrodysplasias	RESIDUAL	MONDO:0019407	microcephalic osteodysplastic dysplasia, Saul-Wilson type	provenance-only:orphanet	44	no	KEEP-as-broadMatch	ICD code is RESIDUAL; cannot be an exact equivalent	"{source=""Orphanet:85172""}"
ICD10CM:Q78.8	Other specified osteochondrodysplasias	RESIDUAL	MONDO:0100325	odontochondrodysplasia 1	provenance-only:orphanet	44	no	KEEP-as-broadMatch	ICD code is RESIDUAL; cannot be an exact equivalent	"{source=""Orphanet:166272""}"
ICD10CM:Q78.8	Other specified osteochondrodysplasias	RESIDUAL	MONDO:0800043	Stüve-Wiedemann syndrome 1	provenance-only:orphanet	44	no	KEEP-as-broadMatch	ICD code is RESIDUAL; cannot be an exact equivalent	"{source=""Orphanet:3206""}"
ICD10CM:Q78.9	Osteochondrodysplasia, unspecified	RESIDUAL	MONDO:0005516	osteochondrodysplasia	provenance-only:doid	1	match	KEEP-as-broadMatch	ICD code is RESIDUAL; cannot be an exact equivalent	"{source=""DOID:2256""}"
ICD10CM:Q79.1	Other congenital malformations of diaphragm	RESIDUAL	MONDO:0006726	diaphragmatic eventration	provenance-only:doid	1	no	KEEP-as-broadMatch	ICD code is RESIDUAL; cannot be an exact equivalent	"{source=""DOID:10480""}"
ICD10CM:Q79.2	Exomphalos	DISEASE	MONDO:0008425	omphalocele syndrome, Shprintzen-Goldberg type	provenance-only:orphanet	2	no	KEEP-as-broadMatch	2 Mondo terms share this code; Mondo is narrower	"{source=""Orphanet:3164""}"
ICD10CM:Q79.2	Exomphalos	DISEASE	MONDO:0019015	omphalocele	provenance-only:orphanet	2	syn-match	KEEP-as-broadMatch	2 Mondo terms share this code; Mondo is narrower	"{source=""DOID:0060327"", source=""Orphanet:660""}"
ICD10CM:Q79.8	Other congenital malformations of musculoskeletal system	RESIDUAL	MONDO:0008262	Poland syndrome	provenance-only:orphanet	9	no	KEEP-as-broadMatch	ICD code is RESIDUAL; cannot be an exact equivalent	"{source=""Orphanet:2911/inclusion"", source=""Orphanet:2911"", source=""DOID:12961""}"
ICD10CM:Q79.8	Other congenital malformations of musculoskeletal system	RESIDUAL	MONDO:0008338	contractures, pterygia, and spondylocarpotarsal fusion syndrome 1A	provenance-only:orphanet	9	no	KEEP-as-broadMatch	ICD code is RESIDUAL; cannot be an exact equivalent	"{source=""Orphanet:65743""}"
ICD10CM:Q79.8	Other congenital malformations of musculoskeletal system	RESIDUAL	MONDO:0009668	lethal multiple pterygium syndrome	provenance-only:orphanet	9	no	KEEP-as-broadMatch	ICD code is RESIDUAL; cannot be an exact equivalent	"{source=""Orphanet:33108""}"
ICD10CM:Q79.8	Other congenital malformations of musculoskeletal system	RESIDUAL	MONDO:0009926	autosomal recessive multiple pterygium syndrome	provenance-only:orphanet	9	no	KEEP-as-broadMatch	ICD code is RESIDUAL; cannot be an exact equivalent	"{source=""Orphanet:2990""}"
ICD10CM:Q79.8	Other congenital malformations of musculoskeletal system	RESIDUAL	MONDO:0010716	X-linked lethal multiple pterygium syndrome	provenance-only:orphanet	9	no	KEEP-as-broadMatch	ICD code is RESIDUAL; cannot be an exact equivalent	"{source=""Orphanet:79447""}"
ICD10CM:Q79.8	Other congenital malformations of musculoskeletal system	RESIDUAL	MONDO:0015167	amniotic band syndrome	provenance-only:orphanet	9	no	KEEP-as-broadMatch	ICD code is RESIDUAL; cannot be an exact equivalent	"{source=""Orphanet:1034"", source=""Orphanet:295000""}"
ICD10CM:Q79.8	Other congenital malformations of musculoskeletal system	RESIDUAL	MONDO:0017415	multiple pterygium syndrome	provenance-only:orphanet	9	no	KEEP-as-broadMatch	ICD code is RESIDUAL; cannot be an exact equivalent	"{source=""Orphanet:294060""}"
ICD10CM:Q79.8	Other congenital malformations of musculoskeletal system	RESIDUAL	MONDO:0019131	ossification anomalies-psychomotor developmental delay syndrome	provenance-only:orphanet	9	no	KEEP-as-broadMatch	ICD code is RESIDUAL; cannot be an exact equivalent	"{source=""Orphanet:73230""}"
ICD10CM:Q79.8	Other congenital malformations of musculoskeletal system	RESIDUAL	MONDO:0019760	terminal transverse defects of arm	provenance-only:orphanet	9	no	KEEP-as-broadMatch	ICD code is RESIDUAL; cannot be an exact equivalent	"{source=""Orphanet:93937""}"
ICD10CM:Q80-Q89	Other congenital malformations (Q80-Q89)	BLOCK	MONDO:0019755	developmental defect during embryogenesis	provenance-only:other	1	no	KEEP-as-broadMatch	ICD code is BLOCK; cannot be an exact equivalent	"{source=""https://github.com/monarch-initiative/mondo/issues/4536"", source=""https://orcid.org/0000-0001-5208-3432"", source=""https://orcid.org/0000-0002-4142-7153""}"
ICD10CM:Q80.3	Congenital bullous ichthyosiform erythroderma	DISEASE	MONDO:0007239	epidermolytic ichthyosis	orphanet-specific	2	syn-match	KEEP-as-broadMatch	2 Mondo terms share this code; Mondo is narrower	"{source=""Orphanet:312"", source=""Orphanet:312/e"", source=""DOID:4603"", source=""Orphanet:312/specific""}"
ICD10CM:Q80.3	Congenital bullous ichthyosiform erythroderma	DISEASE	MONDO:0011870	annular epidermolytic ichthyosis	provenance-only:orphanet	2	no	KEEP-as-broadMatch	2 Mondo terms share this code; Mondo is narrower	"{source=""Orphanet:281139""}"
ICD10CM:Q80.8	Other congenital ichthyosis	RESIDUAL	MONDO:0007808	ichthyosis hystrix of Curth-Macklin	provenance-only:orphanet	14	no	KEEP-as-broadMatch	ICD code is RESIDUAL; cannot be an exact equivalent	"{source=""Orphanet:79503""}"
ICD10CM:Q80.8	Other congenital ichthyosis	RESIDUAL	MONDO:0007813	superficial epidermolytic ichthyosis	provenance-only:orphanet	14	no	KEEP-as-broadMatch	ICD code is RESIDUAL; cannot be an exact equivalent	"{source=""Orphanet:455"", source=""DOID:0060877""}"
ICD10CM:Q80.8	Other congenital ichthyosis	RESIDUAL	MONDO:0007850	autosomal dominant keratitis-ichthyosis-hearing loss syndrome	provenance-only:doid	14	no	KEEP-as-broadMatch	ICD code is RESIDUAL; cannot be an exact equivalent	"{source=""DOID:0060871""}"
ICD10CM:Q80.8	Other congenital ichthyosis	RESIDUAL	MONDO:0009735	Netherton syndrome	provenance-only:orphanet	14	no	KEEP-as-broadMatch	ICD code is RESIDUAL; cannot be an exact equivalent	"{source=""Orphanet:634""}"
ICD10CM:Q80.8	Other congenital ichthyosis	RESIDUAL	MONDO:0010033	generalized peeling skin syndrome	provenance-only:orphanet	14	no	KEEP-as-broadMatch	ICD code is RESIDUAL; cannot be an exact equivalent	"{source=""Orphanet:263543""}"
ICD10CM:Q80.8	Other congenital ichthyosis	RESIDUAL	MONDO:0011218	autosomal recessive congenital ichthyosis 11	provenance-only:orphanet	14	no	KEEP-as-broadMatch	ICD code is RESIDUAL; cannot be an exact equivalent	"{source=""Orphanet:91132"", source=""DOID:0060720""}"
ICD10CM:Q80.8	Other congenital ichthyosis	RESIDUAL	MONDO:0012345	acral peeling skin syndrome	provenance-only:orphanet	14	no	KEEP-as-broadMatch	ICD code is RESIDUAL; cannot be an exact equivalent	"{source=""Orphanet:263534""}"
ICD10CM:Q80.8	Other congenital ichthyosis	RESIDUAL	MONDO:0013760	congenital ichthyosis-intellectual disability-spastic quadriplegia syndrome	provenance-only:orphanet	14	no	KEEP-as-broadMatch	ICD code is RESIDUAL; cannot be an exact equivalent	"{source=""Orphanet:352333""}"
ICD10CM:Q80.8	Other congenital ichthyosis	RESIDUAL	MONDO:0014555	peeling skin syndrome type A	provenance-only:orphanet	14	no	KEEP-as-broadMatch	ICD code is RESIDUAL; cannot be an exact equivalent	"{source=""Orphanet:263548""}"
ICD10CM:Q80.8	Other congenital ichthyosis	RESIDUAL	MONDO:0016993	generalized peeling skin syndrome type C	provenance-only:orphanet	14	no	KEEP-as-broadMatch	ICD code is RESIDUAL; cannot be an exact equivalent	"{source=""Orphanet:263558""}"
ICD10CM:Q80.8	Other congenital ichthyosis	RESIDUAL	MONDO:0017339	exfoliative ichthyosis	provenance-only:orphanet	14	no	KEEP-as-broadMatch	ICD code is RESIDUAL; cannot be an exact equivalent	"{source=""Orphanet:289586""}"
ICD10CM:Q80.8	Other congenital ichthyosis	RESIDUAL	MONDO:0018781	KID syndrome	provenance-only:orphanet	14	no	KEEP-as-broadMatch	ICD code is RESIDUAL; cannot be an exact equivalent	"{source=""Orphanet:477""}"
ICD10CM:Q80.8	Other congenital ichthyosis	RESIDUAL	MONDO:0019347	peeling skin syndrome	provenance-only:orphanet	14	no	KEEP-as-broadMatch	ICD code is RESIDUAL; cannot be an exact equivalent	"{source=""Orphanet:817"", source=""DOID:0060283""}"
ICD10CM:Q80.8	Other congenital ichthyosis	RESIDUAL	MONDO:0024548	peeling skin syndrome 1	provenance-only:orphanet	14	no	KEEP-as-broadMatch	ICD code is RESIDUAL; cannot be an exact equivalent	"{source=""Orphanet:263553""}"
ICD10CM:Q81.8	Other epidermolysis bullosa	RESIDUAL	MONDO:0008260	Kindler syndrome	provenance-only:orphanet	11	no	KEEP-as-broadMatch	ICD code is RESIDUAL; cannot be an exact equivalent	"{source=""Orphanet:2908""}"
ICD10CM:Q81.8	Other epidermolysis bullosa	RESIDUAL	MONDO:0009177	late-onset localized junctional epidermolysis bullosa-intellectual disability syndrome	provenance-only:orphanet	11	no	KEEP-as-broadMatch	ICD code is RESIDUAL; cannot be an exact equivalent	"{source=""Orphanet:231556""}"
ICD10CM:Q81.8	Other epidermolysis bullosa	RESIDUAL	MONDO:0009180	junctional epidermolysis bullosa, non-Herlitz type	provenance-only:orphanet	11	no	KEEP-as-broadMatch	ICD code is RESIDUAL; cannot be an exact equivalent	"{source=""Orphanet:89840""}"
ICD10CM:Q81.8	Other epidermolysis bullosa	RESIDUAL	MONDO:0009183	junctional epidermolysis bullosa with pyloric atresia	provenance-only:orphanet	11	no	KEEP-as-broadMatch	ICD code is RESIDUAL; cannot be an exact equivalent	"{source=""Orphanet:79403"", source=""DOID:0060733""}"
ICD10CM:Q81.8	Other epidermolysis bullosa	RESIDUAL	MONDO:0009513	laryngo-onycho-cutaneous syndrome	provenance-only:orphanet	11	no	KEEP-as-broadMatch	ICD code is RESIDUAL; cannot be an exact equivalent	"{source=""Orphanet:2407""}"
ICD10CM:Q81.8	Other epidermolysis bullosa	RESIDUAL	MONDO:0010540	bullous dystrophy, macular type	provenance-only:orphanet	11	no	KEEP-as-broadMatch	ICD code is RESIDUAL; cannot be an exact equivalent	"{source=""Orphanet:1867""}"
ICD10CM:Q81.8	Other epidermolysis bullosa	RESIDUAL	MONDO:0016673	localized junctional epidermolysis bullosa, non-Herlitz type	provenance-only:orphanet	11	no	KEEP-as-broadMatch	ICD code is RESIDUAL; cannot be an exact equivalent	"{source=""Orphanet:251393""}"
ICD10CM:Q81.8	Other epidermolysis bullosa	RESIDUAL	MONDO:0019276	inherited epidermolysis bullosa	provenance-only:orphanet	11	no	KEEP-as-broadMatch	ICD code is RESIDUAL; cannot be an exact equivalent	"{source=""Orphanet:79361""}"
ICD10CM:Q81.8	Other epidermolysis bullosa	RESIDUAL	MONDO:0019307	generalized junctional epidermolysis bullosa non-Herlitz type	provenance-only:orphanet	11	no	KEEP-as-broadMatch	ICD code is RESIDUAL; cannot be an exact equivalent	"{source=""Orphanet:79402"", source=""DOID:0060738""}"
ICD10CM:Q81.8	Other epidermolysis bullosa	RESIDUAL	MONDO:0019308	junctional epidermolysis bullosa inversa	provenance-only:orphanet	11	no	KEEP-as-broadMatch	ICD code is RESIDUAL; cannot be an exact equivalent	"{source=""Orphanet:79405""}"
ICD10CM:Q81.8	Other epidermolysis bullosa	RESIDUAL	MONDO:0019309	late-onset junctional epidermolysis bullosa	provenance-only:orphanet	11	no	KEEP-as-broadMatch	ICD code is RESIDUAL; cannot be an exact equivalent	"{source=""Orphanet:79406""}"
ICD10CM:Q81.9	Epidermolysis bullosa, unspecified	RESIDUAL	MONDO:0006541	epidermolysis bullosa	provenance-only:doid	2	match	KEEP-as-broadMatch	ICD code is RESIDUAL; cannot be an exact equivalent	"{source=""DOID:2730""}"
ICD10CM:Q81.9	Epidermolysis bullosa, unspecified	RESIDUAL	MONDO:0019276	inherited epidermolysis bullosa	provenance-only:orphanet	2	no	KEEP-as-broadMatch	ICD code is RESIDUAL; cannot be an exact equivalent	"{source=""Orphanet:79361""}"
ICD10CM:Q82.2	Congenital cutaneous mastocytosis	DISEASE	MONDO:0007950	mastocytosis	orphanet-btnt	13	no	KEEP-as-broadMatch	13 Mondo terms share this code; Mondo is narrower	"{source=""DOID:350"", source=""Orphanet:98292"", source=""Orphanet:98292/btnt""}"
ICD10CM:Q82.2	Congenital cutaneous mastocytosis	DISEASE	MONDO:0008876	Bloom syndrome	other-mondo-qualifier:directSiblingOf	13	no	KEEP-as-broadMatch	13 Mondo terms share this code; Mondo is narrower	"{source=""Orphanet:125"", source=""Orphanet:125/index"", source=""MONDO:directSiblingOf""}"
ICD10CM:Q82.2	Congenital cutaneous mastocytosis	DISEASE	MONDO:0009569	Hennekam-Beemer syndrome	relatedTo	13	no	KEEP-as-broadMatch	13 Mondo terms share this code; Mondo is narrower	"{source=""Orphanet:2135"", source=""MONDO:relatedTo""}"
ICD10CM:Q82.2	Congenital cutaneous mastocytosis	DISEASE	MONDO:0015554	typical urticaria pigmentosa	provenance-only:orphanet	13	no	KEEP-as-broadMatch	13 Mondo terms share this code; Mondo is narrower	"{source=""Orphanet:158766""}"
ICD10CM:Q82.2	Congenital cutaneous mastocytosis	DISEASE	MONDO:0015555	plaque-form urticaria pigmentosa	provenance-only:orphanet	13	no	KEEP-as-broadMatch	13 Mondo terms share this code; Mondo is narrower	"{source=""Orphanet:158769""}"
ICD10CM:Q82.2	Congenital cutaneous mastocytosis	DISEASE	MONDO:0015556	nodular urticaria pigmentosa	provenance-only:orphanet	13	no	KEEP-as-broadMatch	13 Mondo terms share this code; Mondo is narrower	"{source=""Orphanet:158772""}"
ICD10CM:Q82.2	Congenital cutaneous mastocytosis	DISEASE	MONDO:0017243	bullous diffuse cutaneous mastocytosis	provenance-only:orphanet	13	no	KEEP-as-broadMatch	13 Mondo terms share this code; Mondo is narrower	"{source=""Orphanet:280785""}"
ICD10CM:Q82.2	Congenital cutaneous mastocytosis	DISEASE	MONDO:0017244	pseudoxanthomatous diffuse cutaneous mastocytosis	provenance-only:orphanet	13	no	KEEP-as-broadMatch	13 Mondo terms share this code; Mondo is narrower	"{source=""Orphanet:280794""}"
ICD10CM:Q82.2	Congenital cutaneous mastocytosis	DISEASE	MONDO:0019023	cutaneous mastocytosis	orphanet-exact	13	match	KEEP-as-broadMatch	13 Mondo terms share this code; Mondo is narrower	"{source=""Orphanet:66646"", source=""Orphanet:66646/e""}"
ICD10CM:Q82.2	Congenital cutaneous mastocytosis	DISEASE	MONDO:0019314	cutaneous mastocytoma	provenance-only:orphanet	13	no	KEEP-as-broadMatch	13 Mondo terms share this code; Mondo is narrower	"{source=""Orphanet:79455""}"
ICD10CM:Q82.2	Congenital cutaneous mastocytosis	DISEASE	MONDO:0019315	diffuse cutaneous mastocytosis	provenance-only:orphanet	13	no	KEEP-as-broadMatch	13 Mondo terms share this code; Mondo is narrower	"{source=""Orphanet:79456""}"
ICD10CM:Q82.2	Congenital cutaneous mastocytosis	DISEASE	MONDO:0019316	maculopapular cutaneous mastocytosis	provenance-only:orphanet	13	no	KEEP-as-broadMatch	13 Mondo terms share this code; Mondo is narrower	"{source=""Orphanet:79457"", source=""DOID:12309""}"
ICD10CM:Q82.2	Congenital cutaneous mastocytosis	DISEASE	MONDO:0019576	telangiectasia macularis eruptiva perstans	provenance-only:orphanet	13	no	KEEP-as-broadMatch	13 Mondo terms share this code; Mondo is narrower	"{source=""Orphanet:90389""}"
ICD10CM:Q82.4	Ectodermal dysplasia (anhidrotic)	DISEASE	MONDO:0007095	ameloonychohypohidrotic syndrome	provenance-only:orphanet	20	no	KEEP-as-broadMatch	20 Mondo terms share this code; Mondo is narrower	"{source=""Orphanet:1028""}"
ICD10CM:Q82.4	Ectodermal dysplasia (anhidrotic)	DISEASE	MONDO:0007124	ankyloblepharon-ectodermal defects-cleft lip/palate syndrome	provenance-only:orphanet	20	no	KEEP-as-broadMatch	20 Mondo terms share this code; Mondo is narrower	"{source=""Orphanet:1071"", source=""DOID:0090119""}"
ICD10CM:Q82.4	Ectodermal dysplasia (anhidrotic)	DISEASE	MONDO:0007207	Böök syndrome	provenance-only:orphanet	20	no	KEEP-as-broadMatch	20 Mondo terms share this code; Mondo is narrower	"{source=""Orphanet:1262""}"
ICD10CM:Q82.4	Ectodermal dysplasia (anhidrotic)	DISEASE	MONDO:0007445	dermatopathia pigmentosa reticularis	provenance-only:orphanet	20	no	KEEP-as-broadMatch	20 Mondo terms share this code; Mondo is narrower	"{source=""Orphanet:86920""}"
ICD10CM:Q82.4	Ectodermal dysplasia (anhidrotic)	DISEASE	MONDO:0007449	dermo-odonto dysplasia	provenance-only:orphanet	20	no	KEEP-as-broadMatch	20 Mondo terms share this code; Mondo is narrower	"{source=""Orphanet:1660""}"
ICD10CM:Q82.4	Ectodermal dysplasia (anhidrotic)	DISEASE	MONDO:0007511	ectodermal dysplasia, trichoodontoonychial type	provenance-only:orphanet	20	no	KEEP-as-broadMatch	20 Mondo terms share this code; Mondo is narrower	"{source=""Orphanet:1818""}"
ICD10CM:Q82.4	Ectodermal dysplasia (anhidrotic)	DISEASE	MONDO:0007520	ectrodactyly, ectodermal dysplasia, and cleft lip-palate syndrome 1	provenance-only:doid	20	no	KEEP-as-broadMatch	20 Mondo terms share this code; Mondo is narrower	"{source=""DOID:0060784""}"
ICD10CM:Q82.4	Ectodermal dysplasia (anhidrotic)	DISEASE	MONDO:0008059	Naegeli-Franceschetti-Jadassohn syndrome	provenance-only:orphanet	20	no	KEEP-as-broadMatch	20 Mondo terms share this code; Mondo is narrower	"{source=""Orphanet:69087""}"
ICD10CM:Q82.4	Ectodermal dysplasia (anhidrotic)	DISEASE	MONDO:0008582	tooth and nail syndrome	provenance-only:orphanet	20	no	KEEP-as-broadMatch	20 Mondo terms share this code; Mondo is narrower	"{source=""Orphanet:2228""}"
ICD10CM:Q82.4	Ectodermal dysplasia (anhidrotic)	DISEASE	MONDO:0008592	tricho-dento-osseous syndrome	provenance-only:orphanet	20	no	KEEP-as-broadMatch	20 Mondo terms share this code; Mondo is narrower	"{source=""Orphanet:3352""}"
ICD10CM:Q82.4	Ectodermal dysplasia (anhidrotic)	DISEASE	MONDO:0008622	tricho-retino-dento-digital syndrome	provenance-only:orphanet	20	no	KEEP-as-broadMatch	20 Mondo terms share this code; Mondo is narrower	"{source=""Orphanet:1264""}"
ICD10CM:Q82.4	Ectodermal dysplasia (anhidrotic)	DISEASE	MONDO:0009150	hypohidrotic ectodermal dysplasia-hypothyroidism-ciliary dyskinesia syndrome	provenance-only:orphanet	20	no	KEEP-as-broadMatch	20 Mondo terms share this code; Mondo is narrower	"{source=""Orphanet:1882""}"
ICD10CM:Q82.4	Ectodermal dysplasia (anhidrotic)	DISEASE	MONDO:0009522	Leukomelanoderma-infantilism-intellectual disability-hypodontia-hypotrichosis syndrome	provenance-only:orphanet	20	no	KEEP-as-broadMatch	20 Mondo terms share this code; Mondo is narrower	"{source=""Orphanet:1816""}"
ICD10CM:Q82.4	Ectodermal dysplasia (anhidrotic)	DISEASE	MONDO:0009773	odonto-onycho-dermal dysplasia	provenance-only:orphanet	20	no	KEEP-as-broadMatch	20 Mondo terms share this code; Mondo is narrower	"{source=""Orphanet:2721""}"
ICD10CM:Q82.4	Ectodermal dysplasia (anhidrotic)	DISEASE	MONDO:0010004	EEC syndrome	provenance-only:orphanet	20	no	KEEP-as-broadMatch	20 Mondo terms share this code; Mondo is narrower	"{source=""DOID:0060782"", source=""Orphanet:1896""}"
ICD10CM:Q82.4	Ectodermal dysplasia (anhidrotic)	DISEASE	MONDO:0010585	X-linked hypohidrotic ectodermal dysplasia	provenance-only:orphanet	20	no	KEEP-as-broadMatch	20 Mondo terms share this code; Mondo is narrower	"{source=""Orphanet:181""}"
ICD10CM:Q82.4	Ectodermal dysplasia (anhidrotic)	DISEASE	MONDO:0011428	ectrodactyly, ectodermal dysplasia, and cleft lip-palate syndrome 3	provenance-only:doid	20	no	KEEP-as-broadMatch	20 Mondo terms share this code; Mondo is narrower	"{source=""DOID:0060783""}"
ICD10CM:Q82.4	Ectodermal dysplasia (anhidrotic)	DISEASE	MONDO:0015884	autosomal dominant hypohidrotic ectodermal dysplasia	provenance-only:orphanet	20	no	KEEP-as-broadMatch	20 Mondo terms share this code; Mondo is narrower	"{source=""Orphanet:1810""}"
ICD10CM:Q82.4	Ectodermal dysplasia (anhidrotic)	DISEASE	MONDO:0016535	hypohidrotic ectodermal dysplasia	orphanet-specific	20	no	KEEP-as-broadMatch	20 Mondo terms share this code; Mondo is narrower	"{source=""Orphanet:238468"", source=""Orphanet:238468/e"", source=""Orphanet:238468/specific""}"
ICD10CM:Q82.4	Ectodermal dysplasia (anhidrotic)	DISEASE	MONDO:0016619	autosomal recessive hypohidrotic ectodermal dysplasia	provenance-only:orphanet	20	no	KEEP-as-broadMatch	20 Mondo terms share this code; Mondo is narrower	"{source=""Orphanet:248""}"
ICD10CM:Q82.5	Congenital non-neoplastic nevus	DISEASE	MONDO:0002407	capillary hemangioma	provenance-only:doid	11	no	KEEP-as-broadMatch	11 Mondo terms share this code; Mondo is narrower	"{source=""DOID:2725""}"
ICD10CM:Q82.5	Congenital non-neoplastic nevus	DISEASE	MONDO:0008094	familial multiple nevi flammei	provenance-only:orphanet	11	no	KEEP-as-broadMatch	11 Mondo terms share this code; Mondo is narrower	"{source=""Orphanet:624/inclusion"", source=""Orphanet:624""}"
ICD10CM:Q82.5	Congenital non-neoplastic nevus	DISEASE	MONDO:0011605	generalized basaloid follicular hamartoma syndrome	provenance-only:orphanet	11	no	KEEP-as-broadMatch	11 Mondo terms share this code; Mondo is narrower	"{source=""Orphanet:168632""}"
ICD10CM:Q82.5	Congenital non-neoplastic nevus	DISEASE	MONDO:0014873	nevus comedonicus syndrome	provenance-only:orphanet	11	no	KEEP-as-broadMatch	11 Mondo terms share this code; Mondo is narrower	"{source=""Orphanet:64754"", source=""Orphanet:64754/index""}"
ICD10CM:Q82.5	Congenital non-neoplastic nevus	DISEASE	MONDO:0015635	porokeratotic eccrine ostial and dermal duct nevus	provenance-only:orphanet	11	no	KEEP-as-broadMatch	11 Mondo terms share this code; Mondo is narrower	"{source=""Orphanet:166286""}"
ICD10CM:Q82.5	Congenital non-neoplastic nevus	DISEASE	MONDO:0016831	linear verrucous nevus syndrome	provenance-only:orphanet	11	no	KEEP-as-broadMatch	11 Mondo terms share this code; Mondo is narrower	"{source=""Orphanet:2611""}"
ICD10CM:Q82.5	Congenital non-neoplastic nevus	DISEASE	MONDO:0018258	Angora hair nevus	provenance-only:orphanet	11	no	KEEP-as-broadMatch	11 Mondo terms share this code; Mondo is narrower	"{source=""Orphanet:370039""}"
ICD10CM:Q82.5	Congenital non-neoplastic nevus	DISEASE	MONDO:0019318	inflammatory linear verrucous epidermal nevus	provenance-only:orphanet	11	no	KEEP-as-broadMatch	11 Mondo terms share this code; Mondo is narrower	"{source=""Orphanet:79466""}"
ICD10CM:Q82.5	Congenital non-neoplastic nevus	DISEASE	MONDO:0019319	verrucous nevus	provenance-only:orphanet	11	no	KEEP-as-broadMatch	11 Mondo terms share this code; Mondo is narrower	"{source=""Orphanet:79467""}"
ICD10CM:Q82.5	Congenital non-neoplastic nevus	DISEASE	MONDO:0019320	acanthokeratolytic verrucous nevus	provenance-only:orphanet	11	no	KEEP-as-broadMatch	11 Mondo terms share this code; Mondo is narrower	"{source=""Orphanet:79468""}"
ICD10CM:Q82.5	Congenital non-neoplastic nevus	DISEASE	MONDO:0044792	large congenital melanocytic nevus	provenance-only:orphanet	11	no	KEEP-as-broadMatch	11 Mondo terms share this code; Mondo is narrower	"{source=""Orphanet:626""}"
ICD10CM:Q82.8	Other specified congenital malformations of skin	RESIDUAL	MONDO:0000136	keratosis follicularis spinulosa decalvans	provenance-only:orphanet	109	no	KEEP-as-broadMatch	ICD code is RESIDUAL; cannot be an exact equivalent	"{source=""Orphanet:2340""}"
ICD10CM:Q82.8	Other specified congenital malformations of skin	RESIDUAL	MONDO:0006602	porokeratosis	provenance-only:orphanet	109	no	KEEP-as-broadMatch	ICD code is RESIDUAL; cannot be an exact equivalent	"{source=""Orphanet:79358""}"
ICD10CM:Q82.8	Other specified congenital malformations of skin	RESIDUAL	MONDO:0007047	punctate palmoplantar keratoderma type III	provenance-only:orphanet	109	no	KEEP-as-broadMatch	ICD code is RESIDUAL; cannot be an exact equivalent	"{source=""Orphanet:38""}"
ICD10CM:Q82.8	Other specified congenital malformations of skin	RESIDUAL	MONDO:0007048	acrokeratosis verruciformis	provenance-only:orphanet	109	no	KEEP-as-broadMatch	ICD code is RESIDUAL; cannot be an exact equivalent	"{source=""Orphanet:79151""}"
ICD10CM:Q82.8	Other specified congenital malformations of skin	RESIDUAL	MONDO:0007083	autosomal dominant palmoplantar keratoderma and congenital alopecia	provenance-only:orphanet	109	no	KEEP-as-broadMatch	ICD code is RESIDUAL; cannot be an exact equivalent	"{source=""Orphanet:1010""}"
ICD10CM:Q82.8	Other specified congenital malformations of skin	RESIDUAL	MONDO:0007248	hereditary painful callosities	provenance-only:orphanet	109	no	KEEP-as-broadMatch	ICD code is RESIDUAL; cannot be an exact equivalent	"{source=""Orphanet:79141""}"
ICD10CM:Q82.8	Other specified congenital malformations of skin	RESIDUAL	MONDO:0007411	cutis laxa, autosomal dominant 1	provenance-only:doid	109	no	KEEP-as-broadMatch	ICD code is RESIDUAL; cannot be an exact equivalent	"{source=""DOID:0070130""}"
ICD10CM:Q82.8	Other specified congenital malformations of skin	RESIDUAL	MONDO:0007417	Darier disease	provenance-only:orphanet	109	no	KEEP-as-broadMatch	ICD code is RESIDUAL; cannot be an exact equivalent	"{source=""Orphanet:218/inclusion"", source=""Orphanet:218""}"
ICD10CM:Q82.8	Other specified congenital malformations of skin	RESIDUAL	MONDO:0007422	keratoderma hereditarium mutilans	provenance-only:orphanet	109	no	KEEP-as-broadMatch	ICD code is RESIDUAL; cannot be an exact equivalent	"{source=""Orphanet:494""}"
ICD10CM:Q82.8	Other specified congenital malformations of skin	RESIDUAL	MONDO:0007486	hereditary benign intraepithelial dyskeratosis	provenance-only:orphanet	109	no	KEEP-as-broadMatch	ICD code is RESIDUAL; cannot be an exact equivalent	"{source=""Orphanet:352657""}"
ICD10CM:Q82.8	Other specified congenital malformations of skin	RESIDUAL	MONDO:0007507	absence of fingerprints-congenital milia syndrome	provenance-only:orphanet	109	no	KEEP-as-broadMatch	ICD code is RESIDUAL; cannot be an exact equivalent	"{source=""Orphanet:1658""}"
ICD10CM:Q82.8	Other specified congenital malformations of skin	RESIDUAL	MONDO:0007510	Clouston syndrome	provenance-only:orphanet	109	no	KEEP-as-broadMatch	ICD code is RESIDUAL; cannot be an exact equivalent	"{source=""Orphanet:189""}"
ICD10CM:Q82.8	Other specified congenital malformations of skin	RESIDUAL	MONDO:0007619	isolated congenital adermatoglyphia	provenance-only:orphanet	109	no	KEEP-as-broadMatch	ICD code is RESIDUAL; cannot be an exact equivalent	"{source=""Orphanet:289465""}"
ICD10CM:Q82.8	Other specified congenital malformations of skin	RESIDUAL	MONDO:0007627	focal facial dermal dysplasia type I	provenance-only:orphanet	109	no	KEEP-as-broadMatch	ICD code is RESIDUAL; cannot be an exact equivalent	"{source=""Orphanet:79133""}"
ICD10CM:Q82.8	Other specified congenital malformations of skin	RESIDUAL	MONDO:0007757	hyperkeratosis-hyperpigmentation syndrome	provenance-only:orphanet	109	no	KEEP-as-broadMatch	ICD code is RESIDUAL; cannot be an exact equivalent	"{source=""Orphanet:1336""}"
ICD10CM:Q82.8	Other specified congenital malformations of skin	RESIDUAL	MONDO:0007758	epidermolytic palmoplantar keratoderma, 1	provenance-only:orphanet	109	no	KEEP-as-broadMatch	ICD code is RESIDUAL; cannot be an exact equivalent	"{source=""Orphanet:2199""}"
ICD10CM:Q82.8	Other specified congenital malformations of skin	RESIDUAL	MONDO:0007852	palmoplantar keratoderma-deafness syndrome	provenance-only:orphanet	109	no	KEEP-as-broadMatch	ICD code is RESIDUAL; cannot be an exact equivalent	"{source=""Orphanet:2202""}"
ICD10CM:Q82.8	Other specified congenital malformations of skin	RESIDUAL	MONDO:0007857	keratosis palmaris et plantaris-clinodactyly syndrome	provenance-only:orphanet	109	no	KEEP-as-broadMatch	ICD code is RESIDUAL; cannot be an exact equivalent	"{source=""Orphanet:86919""}"
ICD10CM:Q82.8	Other specified congenital malformations of skin	RESIDUAL	MONDO:0007860	focal palmoplantar and gingival keratoderma	provenance-only:orphanet	109	no	KEEP-as-broadMatch	ICD code is RESIDUAL; cannot be an exact equivalent	"{source=""Orphanet:2200""}"
ICD10CM:Q82.8	Other specified congenital malformations of skin	RESIDUAL	MONDO:0007866	Bart-Pumphrey syndrome	provenance-only:orphanet	109	no	KEEP-as-broadMatch	ICD code is RESIDUAL; cannot be an exact equivalent	"{source=""Orphanet:2698""}"
ICD10CM:Q82.8	Other specified congenital malformations of skin	RESIDUAL	MONDO:0007990	multiple benign circumferential skin creases on limbs	provenance-only:orphanet	109	no	KEEP-as-broadMatch	ICD code is RESIDUAL; cannot be an exact equivalent	"{source=""Orphanet:2505""}"
ICD10CM:Q82.8	Other specified congenital malformations of skin	RESIDUAL	MONDO:0008218	Hailey-Hailey disease	provenance-only:orphanet	109	no	KEEP-as-broadMatch	ICD code is RESIDUAL; cannot be an exact equivalent	"{source=""Orphanet:2841/inclusion"", source=""Orphanet:2841"", source=""DOID:0050429""}"
ICD10CM:Q82.8	Other specified congenital malformations of skin	RESIDUAL	MONDO:0008261	hereditary sclerosing poikiloderma, Weary type	provenance-only:orphanet	109	no	KEEP-as-broadMatch	ICD code is RESIDUAL; cannot be an exact equivalent	"{source=""Orphanet:221039""}"
ICD10CM:Q82.8	Other specified congenital malformations of skin	RESIDUAL	MONDO:0008291	porokeratosis plantaris palmaris et disseminata	provenance-only:orphanet	109	no	KEEP-as-broadMatch	ICD code is RESIDUAL; cannot be an exact equivalent	"{source=""Orphanet:737""}"
ICD10CM:Q82.8	Other specified congenital malformations of skin	RESIDUAL	MONDO:0008292	punctate palmoplantar keratoderma type 2	provenance-only:orphanet	109	no	KEEP-as-broadMatch	ICD code is RESIDUAL; cannot be an exact equivalent	"{source=""Orphanet:79502""}"
ICD10CM:Q82.8	Other specified congenital malformations of skin	RESIDUAL	MONDO:0008416	palmoplantar keratoderma-sclerodactyly syndrome	provenance-only:orphanet	109	no	KEEP-as-broadMatch	ICD code is RESIDUAL; cannot be an exact equivalent	"{source=""Orphanet:384""}"
ICD10CM:Q82.8	Other specified congenital malformations of skin	RESIDUAL	MONDO:0008923	autosomal recessive palmoplantar keratoderma and congenital alopecia	provenance-only:orphanet	109	no	KEEP-as-broadMatch	ICD code is RESIDUAL; cannot be an exact equivalent	"{source=""Orphanet:1366""}"
ICD10CM:Q82.8	Other specified congenital malformations of skin	RESIDUAL	MONDO:0009052	cutis laxa, autosomal recessive, type 1A	provenance-only:doid	109	no	KEEP-as-broadMatch	ICD code is RESIDUAL; cannot be an exact equivalent	"{source=""DOID:0070135""}"
ICD10CM:Q82.8	Other specified congenital malformations of skin	RESIDUAL	MONDO:0009053	ALDH18A1-related de Barsy syndrome	provenance-only:doid	109	no	KEEP-as-broadMatch	ICD code is RESIDUAL; cannot be an exact equivalent	"{source=""DOID:0070132""}"
ICD10CM:Q82.8	Other specified congenital malformations of skin	RESIDUAL	MONDO:0009054	autosomal recessive cutis laxa type 2, classic type	provenance-only:orphanet	109	no	KEEP-as-broadMatch	ICD code is RESIDUAL; cannot be an exact equivalent	"{source=""DOID:0070141"", source=""DOID:0070136"", source=""Orphanet:357074""}"
ICD10CM:Q82.8	Other specified congenital malformations of skin	RESIDUAL	MONDO:0009055	cutis marmorata telangiectatica congenita	provenance-only:orphanet	109	no	KEEP-as-broadMatch	ICD code is RESIDUAL; cannot be an exact equivalent	"{source=""Orphanet:1556""}"
ICD10CM:Q82.8	Other specified congenital malformations of skin	RESIDUAL	MONDO:0009145	Schöpf-Schulz-Passarge syndrome	provenance-only:orphanet	109	no	KEEP-as-broadMatch	ICD code is RESIDUAL; cannot be an exact equivalent	"{source=""Orphanet:50944""}"
ICD10CM:Q82.8	Other specified congenital malformations of skin	RESIDUAL	MONDO:0009198	congenital lethal erythroderma	provenance-only:orphanet	109	no	KEEP-as-broadMatch	ICD code is RESIDUAL; cannot be an exact equivalent	"{source=""Orphanet:1954""}"
ICD10CM:Q82.8	Other specified congenital malformations of skin	RESIDUAL	MONDO:0009203	focal facial dermal dysplasia type III	provenance-only:orphanet	109	no	KEEP-as-broadMatch	ICD code is RESIDUAL; cannot be an exact equivalent	"{source=""Orphanet:1807""}"
ICD10CM:Q82.8	Other specified congenital malformations of skin	RESIDUAL	MONDO:0009271	geroderma osteodysplastica	provenance-only:orphanet	109	no	KEEP-as-broadMatch	ICD code is RESIDUAL; cannot be an exact equivalent	"{source=""Orphanet:2078""}"
ICD10CM:Q82.8	Other specified congenital malformations of skin	RESIDUAL	MONDO:0009465	multiple intestinal atresia	provenance-only:orphanet	109	no	KEEP-as-broadMatch	ICD code is RESIDUAL; cannot be an exact equivalent	"{source=""Orphanet:436252""}"
ICD10CM:Q82.8	Other specified congenital malformations of skin	RESIDUAL	MONDO:0009489	hereditary palmoplantar keratoderma, Gamborg-Nielsen type	provenance-only:orphanet	109	no	KEEP-as-broadMatch	ICD code is RESIDUAL; cannot be an exact equivalent	"{source=""Orphanet:86923""}"
ICD10CM:Q82.8	Other specified congenital malformations of skin	RESIDUAL	MONDO:0009490	Papillon-Lefevre disease	provenance-only:orphanet	109	no	KEEP-as-broadMatch	ICD code is RESIDUAL; cannot be an exact equivalent	"{source=""Orphanet:678""}"
ICD10CM:Q82.8	Other specified congenital malformations of skin	RESIDUAL	MONDO:0009491	Haim-Munk syndrome	provenance-only:orphanet	109	no	KEEP-as-broadMatch	ICD code is RESIDUAL; cannot be an exact equivalent	"{source=""Orphanet:2342""}"
ICD10CM:Q82.8	Other specified congenital malformations of skin	RESIDUAL	MONDO:0009552	mal de Meleda	provenance-only:orphanet	109	no	KEEP-as-broadMatch	ICD code is RESIDUAL; cannot be an exact equivalent	"{source=""DOID:0060862"", source=""Orphanet:87503""}"
ICD10CM:Q82.8	Other specified congenital malformations of skin	RESIDUAL	MONDO:0009925	autosomal recessive inherited pseudoxanthoma elasticum	provenance-only:orphanet	109	no	KEEP-as-broadMatch	ICD code is RESIDUAL; cannot be an exact equivalent	"{source=""Orphanet:758"", source=""Orphanet:758/index""}"
ICD10CM:Q82.8	Other specified congenital malformations of skin	RESIDUAL	MONDO:0010002	Rothmund-Thomson syndrome	provenance-only:orphanet	109	no	KEEP-as-broadMatch	ICD code is RESIDUAL; cannot be an exact equivalent	"{source=""Orphanet:2909"", source=""Orphanet:2909/index"", source=""DOID:2732""}"
ICD10CM:Q82.8	Other specified congenital malformations of skin	RESIDUAL	MONDO:0010208	wrinkly skin syndrome	provenance-only:orphanet	109	no	KEEP-as-broadMatch	ICD code is RESIDUAL; cannot be an exact equivalent	"{source=""Orphanet:2834""}"
ICD10CM:Q82.8	Other specified congenital malformations of skin	RESIDUAL	MONDO:0010592	focal dermal hypoplasia	provenance-only:orphanet	109	no	KEEP-as-broadMatch	ICD code is RESIDUAL; cannot be an exact equivalent	"{source=""Orphanet:2092"", source=""Orphanet:2092/index""}"
ICD10CM:Q82.8	Other specified congenital malformations of skin	RESIDUAL	MONDO:0010728	SCARF syndrome	provenance-only:orphanet	109	no	KEEP-as-broadMatch	ICD code is RESIDUAL; cannot be an exact equivalent	"{source=""Orphanet:3134""}"
ICD10CM:Q82.8	Other specified congenital malformations of skin	RESIDUAL	MONDO:0010962	diffuse nonepidermolytic palmoplantar keratoderma	provenance-only:orphanet	109	no	KEEP-as-broadMatch	ICD code is RESIDUAL; cannot be an exact equivalent	"{source=""Orphanet:2337""}"
ICD10CM:Q82.8	Other specified congenital malformations of skin	RESIDUAL	MONDO:0011063	hidrotic ectodermal dysplasia, Christianson-Fourie type	provenance-only:orphanet	109	no	KEEP-as-broadMatch	ICD code is RESIDUAL; cannot be an exact equivalent	"{source=""Orphanet:1808""}"
ICD10CM:Q82.8	Other specified congenital malformations of skin	RESIDUAL	MONDO:0011169	keratosis linearis-ichthyosis congenita-sclerosing keratoderma syndrome	provenance-only:orphanet	109	no	KEEP-as-broadMatch	ICD code is RESIDUAL; cannot be an exact equivalent	"{source=""Orphanet:281201""}"
ICD10CM:Q82.8	Other specified congenital malformations of skin	RESIDUAL	MONDO:0011396	loricrin keratoderma	provenance-only:orphanet	109	no	KEEP-as-broadMatch	ICD code is RESIDUAL; cannot be an exact equivalent	"{source=""Orphanet:79395""}"
ICD10CM:Q82.8	Other specified congenital malformations of skin	RESIDUAL	MONDO:0011882	skin fragility-woolly hair-palmoplantar keratoderma syndrome	provenance-only:orphanet	109	no	KEEP-as-broadMatch	ICD code is RESIDUAL; cannot be an exact equivalent	"{source=""Orphanet:293165""}"
ICD10CM:Q82.8	Other specified congenital malformations of skin	RESIDUAL	MONDO:0011883	Curly hair - acral keratoderma - caries syndrome	provenance-only:orphanet	109	no	KEEP-as-broadMatch	ICD code is RESIDUAL; cannot be an exact equivalent	"{source=""Orphanet:307766""}"
ICD10CM:Q82.8	Other specified congenital malformations of skin	RESIDUAL	MONDO:0011884	hypotrichosis-osteolysis-periodontitis-palmoplantar keratoderma syndrome	provenance-only:orphanet	109	no	KEEP-as-broadMatch	ICD code is RESIDUAL; cannot be an exact equivalent	"{source=""Orphanet:307936""}"
ICD10CM:Q82.8	Other specified congenital malformations of skin	RESIDUAL	MONDO:0012290	CEDNIK syndrome	provenance-only:orphanet	109	no	KEEP-as-broadMatch	ICD code is RESIDUAL; cannot be an exact equivalent	"{source=""Orphanet:66631""}"
ICD10CM:Q82.8	Other specified congenital malformations of skin	RESIDUAL	MONDO:0013051	autosomal recessive cutis laxa type 2B	provenance-only:orphanet	109	no	KEEP-as-broadMatch	ICD code is RESIDUAL; cannot be an exact equivalent	"{source=""DOID:0070137"", source=""Orphanet:357064""}"
ICD10CM:Q82.8	Other specified congenital malformations of skin	RESIDUAL	MONDO:0013115	RIN2 syndrome	provenance-only:orphanet	109	no	KEEP-as-broadMatch	ICD code is RESIDUAL; cannot be an exact equivalent	"{source=""Orphanet:217335""}"
ICD10CM:Q82.8	Other specified congenital malformations of skin	RESIDUAL	MONDO:0013170	cutis laxa with severe pulmonary, gastrointestinal and urinary anomalies	provenance-only:orphanet	109	no	KEEP-as-broadMatch	ICD code is RESIDUAL; cannot be an exact equivalent	"{source=""Orphanet:221145""}"
ICD10CM:Q82.8	Other specified congenital malformations of skin	RESIDUAL	MONDO:0013311	ectodermal dysplasia-syndactyly syndrome	provenance-only:orphanet	109	no	KEEP-as-broadMatch	ICD code is RESIDUAL; cannot be an exact equivalent	"{source=""Orphanet:247820""}"
ICD10CM:Q82.8	Other specified congenital malformations of skin	RESIDUAL	MONDO:0013313	ectodermal dysplasia-cutaneous syndactyly syndrome	provenance-only:orphanet	109	no	KEEP-as-broadMatch	ICD code is RESIDUAL; cannot be an exact equivalent	"{source=""Orphanet:247827""}"
ICD10CM:Q82.8	Other specified congenital malformations of skin	RESIDUAL	MONDO:0013754	cutis laxa, autosomal recessive, type 1B	provenance-only:doid	109	no	KEEP-as-broadMatch	ICD code is RESIDUAL; cannot be an exact equivalent	"{source=""DOID:0070133""}"
ICD10CM:Q82.8	Other specified congenital malformations of skin	RESIDUAL	MONDO:0013755	PYCR1-related de Barsy syndrome	provenance-only:doid	109	no	KEEP-as-broadMatch	ICD code is RESIDUAL; cannot be an exact equivalent	"{source=""DOID:0070138""}"
ICD10CM:Q82.8	Other specified congenital malformations of skin	RESIDUAL	MONDO:0013996	focal facial dermal dysplasia type II	provenance-only:orphanet	109	no	KEEP-as-broadMatch	ICD code is RESIDUAL; cannot be an exact equivalent	"{source=""Orphanet:398173""}"
ICD10CM:Q82.8	Other specified congenital malformations of skin	RESIDUAL	MONDO:0013997	focal facial dermal dysplasia type IV	provenance-only:orphanet	109	no	KEEP-as-broadMatch	ICD code is RESIDUAL; cannot be an exact equivalent	"{source=""Orphanet:398189""}"
ICD10CM:Q82.8	Other specified congenital malformations of skin	RESIDUAL	MONDO:0014089	corneal intraepithelial dyskeratosis-palmoplantar hyperkeratosis-laryngeal dyskeratosis syndrome	provenance-only:orphanet	109	no	KEEP-as-broadMatch	ICD code is RESIDUAL; cannot be an exact equivalent	"{source=""Orphanet:352662""}"
ICD10CM:Q82.8	Other specified congenital malformations of skin	RESIDUAL	MONDO:0014131	hypohidrosis-enamel hypoplasia-palmoplantar keratoderma-intellectual disability syndrome	provenance-only:orphanet	109	no	KEEP-as-broadMatch	ICD code is RESIDUAL; cannot be an exact equivalent	"{source=""Orphanet:363523""}"
ICD10CM:Q82.8	Other specified congenital malformations of skin	RESIDUAL	MONDO:0014218	severe dermatitis-multiple allergies-metabolic wasting syndrome	provenance-only:orphanet	109	no	KEEP-as-broadMatch	ICD code is RESIDUAL; cannot be an exact equivalent	"{source=""Orphanet:369992""}"
ICD10CM:Q82.8	Other specified congenital malformations of skin	RESIDUAL	MONDO:0014227	hypopigmentation-punctate palmoplantar keratoderma syndrome	provenance-only:orphanet	109	no	KEEP-as-broadMatch	ICD code is RESIDUAL; cannot be an exact equivalent	"{source=""Orphanet:324561""}"
ICD10CM:Q82.8	Other specified congenital malformations of skin	RESIDUAL	MONDO:0014272	palmoplantar keratoderma, Nagashima type	provenance-only:orphanet	109	no	KEEP-as-broadMatch	ICD code is RESIDUAL; cannot be an exact equivalent	"{source=""Orphanet:140966""}"
ICD10CM:Q82.8	Other specified congenital malformations of skin	RESIDUAL	MONDO:0014310	hereditary sclerosing poikiloderma with tendon and pulmonary involvement	provenance-only:orphanet	109	no	KEEP-as-broadMatch	ICD code is RESIDUAL; cannot be an exact equivalent	"{source=""Orphanet:221043""}"
ICD10CM:Q82.8	Other specified congenital malformations of skin	RESIDUAL	MONDO:0014327	palmoplantar keratoderma, nonepidermolytic, focal or diffuse	provenance-only:orphanet	109	no	KEEP-as-broadMatch	ICD code is RESIDUAL; cannot be an exact equivalent	"{source=""Orphanet:402003""}"
ICD10CM:Q82.8	Other specified congenital malformations of skin	RESIDUAL	MONDO:0014460	nail and teeth abnormalities-marginal palmoplantar keratoderma-oral hyperpigmentation syndrome	provenance-only:orphanet	109	no	KEEP-as-broadMatch	ICD code is RESIDUAL; cannot be an exact equivalent	"{source=""Orphanet:423454""}"
ICD10CM:Q82.8	Other specified congenital malformations of skin	RESIDUAL	MONDO:0014492	wooly hair-palmoplantar keratoderma syndrome	provenance-only:orphanet	109	no	KEEP-as-broadMatch	ICD code is RESIDUAL; cannot be an exact equivalent	"{source=""Orphanet:420686""}"
ICD10CM:Q82.8	Other specified congenital malformations of skin	RESIDUAL	MONDO:0014574	peeling skin-leukonuchia-acral punctate keratoses-cheilitis-knuckle pads syndrome	provenance-only:orphanet	109	no	KEEP-as-broadMatch	ICD code is RESIDUAL; cannot be an exact equivalent	"{source=""Orphanet:444138""}"
ICD10CM:Q82.8	Other specified congenital malformations of skin	RESIDUAL	MONDO:0014706	cutis laxa, autosomal dominant 3	provenance-only:doid	109	no	KEEP-as-broadMatch	ICD code is RESIDUAL; cannot be an exact equivalent	"{source=""DOID:0070131""}"
ICD10CM:Q82.8	Other specified congenital malformations of skin	RESIDUAL	MONDO:0015780	dyskeratosis congenita	provenance-only:orphanet	109	no	KEEP-as-broadMatch	ICD code is RESIDUAL; cannot be an exact equivalent	"{source=""Orphanet:1775"", source=""Orphanet:1775/index""}"
ICD10CM:Q82.8	Other specified congenital malformations of skin	RESIDUAL	MONDO:0015883	hidrotic ectodermal dysplasia, Halal type	provenance-only:orphanet	109	no	KEEP-as-broadMatch	ICD code is RESIDUAL; cannot be an exact equivalent	"{source=""Orphanet:1809""}"
ICD10CM:Q82.8	Other specified congenital malformations of skin	RESIDUAL	MONDO:0016175	cutis laxa	provenance-only:orphanet	109	no	KEEP-as-broadMatch	ICD code is RESIDUAL; cannot be an exact equivalent	"{source=""DOID:3144"", source=""Orphanet:209/inclusion"", source=""Orphanet:209""}"
ICD10CM:Q82.8	Other specified congenital malformations of skin	RESIDUAL	MONDO:0016213	leukonychia totalis-acanthosis-nigricans-like lesions-abnormal hair syndrome	provenance-only:orphanet	109	no	KEEP-as-broadMatch	ICD code is RESIDUAL; cannot be an exact equivalent	"{source=""Orphanet:210133""}"
ICD10CM:Q82.8	Other specified congenital malformations of skin	RESIDUAL	MONDO:0016237	diffuse neonatal hemangiomatosis	provenance-only:orphanet	109	no	KEEP-as-broadMatch	ICD code is RESIDUAL; cannot be an exact equivalent	"{source=""Orphanet:2123""}"
ICD10CM:Q82.8	Other specified congenital malformations of skin	RESIDUAL	MONDO:0016368	Rothmund-Thomson syndrome type 1	provenance-only:orphanet	109	no	KEEP-as-broadMatch	ICD code is RESIDUAL; cannot be an exact equivalent	"{source=""Orphanet:221008""}"
ICD10CM:Q82.8	Other specified congenital malformations of skin	RESIDUAL	MONDO:0016369	Rothmund-Thomson syndrome type 2	provenance-only:orphanet	109	no	KEEP-as-broadMatch	ICD code is RESIDUAL; cannot be an exact equivalent	"{source=""Orphanet:221016""}"
ICD10CM:Q82.8	Other specified congenital malformations of skin	RESIDUAL	MONDO:0017365	hereditary acrokeratotic poikiloderma, Weary type	provenance-only:orphanet	109	no	KEEP-as-broadMatch	ICD code is RESIDUAL; cannot be an exact equivalent	"{source=""Orphanet:2907""}"
ICD10CM:Q82.8	Other specified congenital malformations of skin	RESIDUAL	MONDO:0017666	diffuse palmoplantar keratoderma	provenance-only:orphanet	109	no	KEEP-as-broadMatch	ICD code is RESIDUAL; cannot be an exact equivalent	"{source=""Orphanet:307141""}"
ICD10CM:Q82.8	Other specified congenital malformations of skin	RESIDUAL	MONDO:0017672	focal palmoplantar keratoderma	provenance-only:orphanet	109	no	KEEP-as-broadMatch	ICD code is RESIDUAL; cannot be an exact equivalent	"{source=""Orphanet:307837""}"
ICD10CM:Q82.8	Other specified congenital malformations of skin	RESIDUAL	MONDO:0017675	punctate palmoplantar keratoderma	provenance-only:orphanet	109	no	KEEP-as-broadMatch	ICD code is RESIDUAL; cannot be an exact equivalent	"{source=""Orphanet:307967""}"
ICD10CM:Q82.8	Other specified congenital malformations of skin	RESIDUAL	MONDO:0017677	focal acral hyperkeratosis	provenance-only:orphanet	109	no	KEEP-as-broadMatch	ICD code is RESIDUAL; cannot be an exact equivalent	"{source=""Orphanet:308013""}"
ICD10CM:Q82.8	Other specified congenital malformations of skin	RESIDUAL	MONDO:0017836	erythrokeratoderma en cocardes	provenance-only:orphanet	109	no	KEEP-as-broadMatch	ICD code is RESIDUAL; cannot be an exact equivalent	"{source=""Orphanet:315""}"
ICD10CM:Q82.8	Other specified congenital malformations of skin	RESIDUAL	MONDO:0017851	erythrokeratodermia variabilis	provenance-only:orphanet	109	no	KEEP-as-broadMatch	ICD code is RESIDUAL; cannot be an exact equivalent	"{source=""Orphanet:317"", source=""Orphanet:316"", source=""Orphanet:308166""}"
ICD10CM:Q82.8	Other specified congenital malformations of skin	RESIDUAL	MONDO:0018163	autosomal recessive cutis laxa type 2A	provenance-only:orphanet	109	no	KEEP-as-broadMatch	ICD code is RESIDUAL; cannot be an exact equivalent	"{source=""Orphanet:357058"", source=""DOID:0070134""}"
ICD10CM:Q82.8	Other specified congenital malformations of skin	RESIDUAL	MONDO:0018167	primary essential cutis verticis gyrata	provenance-only:orphanet	109	no	KEEP-as-broadMatch	ICD code is RESIDUAL; cannot be an exact equivalent	"{source=""Orphanet:357220""}"
ICD10CM:Q82.8	Other specified congenital malformations of skin	RESIDUAL	MONDO:0018168	primary non-essential cutis verticis gyrata	provenance-only:orphanet	109	no	KEEP-as-broadMatch	ICD code is RESIDUAL; cannot be an exact equivalent	"{source=""Orphanet:357225""}"
ICD10CM:Q82.8	Other specified congenital malformations of skin	RESIDUAL	MONDO:0018250	diffuse palmoplantar keratoderma with painful fissures	provenance-only:orphanet	109	no	KEEP-as-broadMatch	ICD code is RESIDUAL; cannot be an exact equivalent	"{source=""Orphanet:369999""}"
ICD10CM:Q82.8	Other specified congenital malformations of skin	RESIDUAL	MONDO:0018252	focal palmoplantar keratoderma with joint keratoses	provenance-only:orphanet	109	no	KEEP-as-broadMatch	ICD code is RESIDUAL; cannot be an exact equivalent	"{source=""Orphanet:370002""}"
ICD10CM:Q82.8	Other specified congenital malformations of skin	RESIDUAL	MONDO:0018363	focal facial dermal dysplasia	provenance-only:orphanet	109	no	KEEP-as-broadMatch	ICD code is RESIDUAL; cannot be an exact equivalent	"{source=""Orphanet:398166""}"
ICD10CM:Q82.8	Other specified congenital malformations of skin	RESIDUAL	MONDO:0018577	pseudoxanthoma elasticum-like skin manifestations with retinitis pigmentosa	provenance-only:orphanet	109	no	KEEP-as-broadMatch	ICD code is RESIDUAL; cannot be an exact equivalent	"{source=""Orphanet:436274""}"
ICD10CM:Q82.8	Other specified congenital malformations of skin	RESIDUAL	MONDO:0018853	transgrediens et progrediens palmoplantar keratoderma	provenance-only:orphanet	109	no	KEEP-as-broadMatch	ICD code is RESIDUAL; cannot be an exact equivalent	"{source=""Orphanet:495""}"
ICD10CM:Q82.8	Other specified congenital malformations of skin	RESIDUAL	MONDO:0018865	striate palmoplantar keratoderma	provenance-only:orphanet	109	no	KEEP-as-broadMatch	ICD code is RESIDUAL; cannot be an exact equivalent	"{source=""Orphanet:50942""}"
ICD10CM:Q82.8	Other specified congenital malformations of skin	RESIDUAL	MONDO:0019033	primary cutis verticis gyrata	provenance-only:orphanet	109	no	KEEP-as-broadMatch	ICD code is RESIDUAL; cannot be an exact equivalent	"{source=""Orphanet:671""}"
ICD10CM:Q82.8	Other specified congenital malformations of skin	RESIDUAL	MONDO:0019141	porokeratosis of Mibelli	provenance-only:orphanet	109	no	KEEP-as-broadMatch	ICD code is RESIDUAL; cannot be an exact equivalent	"{source=""Orphanet:735""}"
ICD10CM:Q82.8	Other specified congenital malformations of skin	RESIDUAL	MONDO:0019212	disseminated superficial actinic porokeratosis	provenance-only:orphanet	109	no	KEEP-as-broadMatch	ICD code is RESIDUAL; cannot be an exact equivalent	"{source=""Orphanet:79152""}"
ICD10CM:Q82.8	Other specified congenital malformations of skin	RESIDUAL	MONDO:0019272	hereditary palmoplantar keratoderma	provenance-only:orphanet	109	no	KEEP-as-broadMatch	ICD code is RESIDUAL; cannot be an exact equivalent	"{source=""Orphanet:79357/inclusion"", source=""Orphanet:79357""}"
ICD10CM:Q82.8	Other specified congenital malformations of skin	RESIDUAL	MONDO:0019332	punctate palmoplantar keratoderma type 1	provenance-only:orphanet	109	no	KEEP-as-broadMatch	ICD code is RESIDUAL; cannot be an exact equivalent	"{source=""Orphanet:79501""}"
ICD10CM:Q82.8	Other specified congenital malformations of skin	RESIDUAL	MONDO:0019489	diffuse palmoplantar keratoderma - acrocyanosis syndrome	provenance-only:orphanet	109	no	KEEP-as-broadMatch	ICD code is RESIDUAL; cannot be an exact equivalent	"{source=""Orphanet:86918""}"
ICD10CM:Q82.8	Other specified congenital malformations of skin	RESIDUAL	MONDO:0019571	autosomal dominant cutis laxa	provenance-only:orphanet	109	no	KEEP-as-broadMatch	ICD code is RESIDUAL; cannot be an exact equivalent	"{source=""DOID:0070142"", source=""Orphanet:90348""}"
ICD10CM:Q82.8	Other specified congenital malformations of skin	RESIDUAL	MONDO:0019572	autosomal recessive cutis laxa type 1	provenance-only:orphanet	109	no	KEEP-as-broadMatch	ICD code is RESIDUAL; cannot be an exact equivalent	"{source=""Orphanet:90349""}"
ICD10CM:Q82.8	Other specified congenital malformations of skin	RESIDUAL	MONDO:0019573	autosomal recessive cutis laxa type 2	provenance-only:orphanet	109	no	KEEP-as-broadMatch	ICD code is RESIDUAL; cannot be an exact equivalent	"{source=""Orphanet:90350""}"
ICD10CM:Q82.8	Other specified congenital malformations of skin	RESIDUAL	MONDO:0027451	autosomal recessive cutis laxa type 2D	provenance-only:doid	109	no	KEEP-as-broadMatch	ICD code is RESIDUAL; cannot be an exact equivalent	"{source=""DOID:0070129""}"
ICD10CM:Q82.8	Other specified congenital malformations of skin	RESIDUAL	MONDO:0027462	autosomal recessive cutis laxa type 2C	provenance-only:doid	109	no	KEEP-as-broadMatch	ICD code is RESIDUAL; cannot be an exact equivalent	"{source=""DOID:0070140""}"
ICD10CM:Q82.8	Other specified congenital malformations of skin	RESIDUAL	MONDO:0031421	Olmsted syndrome	provenance-only:orphanet	109	no	KEEP-as-broadMatch	ICD code is RESIDUAL; cannot be an exact equivalent	"{source=""Orphanet:659""}"
ICD10CM:Q82.8	Other specified congenital malformations of skin	RESIDUAL	MONDO:0800042	restrictive dermopathy 1	provenance-only:orphanet	109	no	KEEP-as-broadMatch	ICD code is RESIDUAL; cannot be an exact equivalent	"{source=""Orphanet:1662"", source=""DOID:0060762""}"
ICD10CM:Q84.1	Congenital morphological disturbances of hair, not elsewhere classified	CONTAINER	MONDO:0008009	monilethrix	provenance-only:orphanet	5	no	KEEP-as-broadMatch	ICD code is CONTAINER; cannot be an exact equivalent	"{source=""Orphanet:573/inclusion"", source=""Orphanet:573"", source=""DOID:0050472""}"
ICD10CM:Q84.1	Congenital morphological disturbances of hair, not elsewhere classified	CONTAINER	MONDO:0008388	ringed hair disease	provenance-only:orphanet	5	no	KEEP-as-broadMatch	ICD code is CONTAINER; cannot be an exact equivalent	"{source=""Orphanet:169"", source=""Orphanet:169/index""}"
ICD10CM:Q84.1	Congenital morphological disturbances of hair, not elsewhere classified	CONTAINER	MONDO:0008621	uncombable hair syndrome	provenance-only:orphanet	5	no	KEEP-as-broadMatch	ICD code is CONTAINER; cannot be an exact equivalent	"{source=""Orphanet:1410""}"
ICD10CM:Q84.1	Congenital morphological disturbances of hair, not elsewhere classified	CONTAINER	MONDO:0008686	isolated familial wooly hair disorder	provenance-only:orphanet	5	no	KEEP-as-broadMatch	ICD code is CONTAINER; cannot be an exact equivalent	"{source=""Orphanet:170"", source=""Orphanet:170/index""}"
ICD10CM:Q84.1	Congenital morphological disturbances of hair, not elsewhere classified	CONTAINER	MONDO:0009870	pili torti	provenance-only:orphanet	5	no	KEEP-as-broadMatch	ICD code is CONTAINER; cannot be an exact equivalent	"{source=""Orphanet:2889""}"
ICD10CM:Q84.2	Other congenital malformations of hair	RESIDUAL	MONDO:0007693	hypertrichosis cubiti-short stature syndrome	provenance-only:orphanet	4	no	KEEP-as-broadMatch	ICD code is RESIDUAL; cannot be an exact equivalent	"{source=""Orphanet:2220""}"
ICD10CM:Q84.2	Other congenital malformations of hair	RESIDUAL	MONDO:0007787	Ambras type hypertrichosis universalis congenita	provenance-only:orphanet	4	no	KEEP-as-broadMatch	ICD code is RESIDUAL; cannot be an exact equivalent	"{source=""Orphanet:1023"", source=""DOID:0111060""}"
ICD10CM:Q84.2	Other congenital malformations of hair	RESIDUAL	MONDO:0010614	X-linked congenital generalized hypertrichosis	provenance-only:orphanet	4	no	KEEP-as-broadMatch	ICD code is RESIDUAL; cannot be an exact equivalent	"{source=""Orphanet:79495""}"
ICD10CM:Q84.2	Other congenital malformations of hair	RESIDUAL	MONDO:0016381	hypertrichosis lanuginosa congenita	provenance-only:orphanet	4	no	KEEP-as-broadMatch	ICD code is RESIDUAL; cannot be an exact equivalent	"{source=""Orphanet:2222""}"
ICD10CM:Q84.6	Other congenital malformations of nails	RESIDUAL	MONDO:0007134	Cooks syndrome	provenance-only:orphanet	3	no	KEEP-as-broadMatch	ICD code is RESIDUAL; cannot be an exact equivalent	"{source=""Orphanet:1487""}"
ICD10CM:Q84.6	Other congenital malformations of nails	RESIDUAL	MONDO:0008060	nonsyndromic congenital nail disorder 1	provenance-only:orphanet	3	no	KEEP-as-broadMatch	ICD code is RESIDUAL; cannot be an exact equivalent	"{source=""Orphanet:280654""}"
ICD10CM:Q84.6	Other congenital malformations of nails	RESIDUAL	MONDO:0011595	nonsyndromic congenital nail disorder 7	provenance-only:orphanet	3	no	KEEP-as-broadMatch	ICD code is RESIDUAL; cannot be an exact equivalent	"{source=""Orphanet:79144""}"
ICD10CM:Q84.8	Other specified congenital malformations of integument	RESIDUAL	MONDO:0007145	aplasia cutis congenita	provenance-only:orphanet	6	no	KEEP-as-broadMatch	ICD code is RESIDUAL; cannot be an exact equivalent	"{source=""Orphanet:1114""}"
ICD10CM:Q84.8	Other specified congenital malformations of integument	RESIDUAL	MONDO:0010876	recessive aplasia cutis congenita of limbs	provenance-only:orphanet	6	no	KEEP-as-broadMatch	ICD code is RESIDUAL; cannot be an exact equivalent	"{source=""Orphanet:1115""}"
ICD10CM:Q84.8	Other specified congenital malformations of integument	RESIDUAL	MONDO:0010988	aplasia cutis-myopia syndrome	provenance-only:orphanet	6	no	KEEP-as-broadMatch	ICD code is RESIDUAL; cannot be an exact equivalent	"{source=""Orphanet:1117""}"
ICD10CM:Q84.8	Other specified congenital malformations of integument	RESIDUAL	MONDO:0018259	didymosis aplasticosebacea	provenance-only:orphanet	6	no	KEEP-as-broadMatch	ICD code is RESIDUAL; cannot be an exact equivalent	"{source=""Orphanet:370046""}"
ICD10CM:Q84.8	Other specified congenital malformations of integument	RESIDUAL	MONDO:0018260	scalp syndrome	provenance-only:orphanet	6	no	KEEP-as-broadMatch	ICD code is RESIDUAL; cannot be an exact equivalent	"{source=""Orphanet:370052""}"
ICD10CM:Q84.8	Other specified congenital malformations of integument	RESIDUAL	MONDO:0018261	Nevada syndrome	provenance-only:orphanet	6	no	KEEP-as-broadMatch	ICD code is RESIDUAL; cannot be an exact equivalent	"{source=""Orphanet:370059""}"
ICD10CM:Q85.00	Neurofibromatosis, unspecified	RESIDUAL	MONDO:0021061	neurofibromatosis	provenance-only:doid	1	match	KEEP-as-broadMatch	ICD code is RESIDUAL; cannot be an exact equivalent	"{source=""DOID:8712""}"
ICD10CM:Q85.8	Other phakomatoses, not elsewhere classified	RESIDUAL	MONDO:0008097	linear nevus sebaceous syndrome	provenance-only:orphanet	12	no	KEEP-as-broadMatch	ICD code is RESIDUAL; cannot be an exact equivalent	"{source=""Orphanet:2612""}"
ICD10CM:Q85.8	Other phakomatoses, not elsewhere classified	RESIDUAL	MONDO:0008280	Peutz-Jeghers syndrome	provenance-only:orphanet	12	no	KEEP-as-broadMatch	ICD code is RESIDUAL; cannot be an exact equivalent	"{source=""DOID:3852"", source=""Orphanet:2869/inclusion"", source=""Orphanet:2869""}"
ICD10CM:Q85.8	Other phakomatoses, not elsewhere classified	RESIDUAL	MONDO:0008501	Sturge-Weber syndrome	provenance-only:orphanet	12	no	KEEP-as-broadMatch	ICD code is RESIDUAL; cannot be an exact equivalent	"{source=""Orphanet:3205/inclusion"", source=""Orphanet:3205""}"
ICD10CM:Q85.8	Other phakomatoses, not elsewhere classified	RESIDUAL	MONDO:0008667	von Hippel-Lindau disease	provenance-only:orphanet	12	no	KEEP-as-broadMatch	ICD code is RESIDUAL; cannot be an exact equivalent	"{source=""DOID:14175"", source=""Orphanet:892/inclusion"", source=""Orphanet:892""}"
ICD10CM:Q85.8	Other phakomatoses, not elsewhere classified	RESIDUAL	MONDO:0016063	Cowden disease	provenance-only:orphanet	12	no	KEEP-as-broadMatch	ICD code is RESIDUAL; cannot be an exact equivalent	"{source=""Orphanet:201""}"
ICD10CM:Q85.8	Other phakomatoses, not elsewhere classified	RESIDUAL	MONDO:0017317	phakomatosis pigmentokeratotica	provenance-only:orphanet	12	no	KEEP-as-broadMatch	ICD code is RESIDUAL; cannot be an exact equivalent	"{source=""Orphanet:2874""}"
ICD10CM:Q85.8	Other phakomatoses, not elsewhere classified	RESIDUAL	MONDO:0017318	phakomatosis pigmentovascularis	provenance-only:orphanet	12	no	KEEP-as-broadMatch	ICD code is RESIDUAL; cannot be an exact equivalent	"{source=""Orphanet:2875""}"
ICD10CM:Q85.8	Other phakomatoses, not elsewhere classified	RESIDUAL	MONDO:0018115	epidermal nevus syndrome	provenance-only:orphanet	12	no	KEEP-as-broadMatch	ICD code is RESIDUAL; cannot be an exact equivalent	"{source=""Orphanet:35125""}"
ICD10CM:Q85.8	Other phakomatoses, not elsewhere classified	RESIDUAL	MONDO:0019325	phakomatosis cesioflammea	provenance-only:orphanet	12	no	KEEP-as-broadMatch	ICD code is RESIDUAL; cannot be an exact equivalent	"{source=""Orphanet:79483""}"
ICD10CM:Q85.8	Other phakomatoses, not elsewhere classified	RESIDUAL	MONDO:0019326	phakomatosis cesiomarmorata	provenance-only:orphanet	12	no	KEEP-as-broadMatch	ICD code is RESIDUAL; cannot be an exact equivalent	"{source=""Orphanet:79484""}"
ICD10CM:Q85.8	Other phakomatoses, not elsewhere classified	RESIDUAL	MONDO:0019327	phakomatosis spilorosea	provenance-only:orphanet	12	no	KEEP-as-broadMatch	ICD code is RESIDUAL; cannot be an exact equivalent	"{source=""Orphanet:79485""}"
ICD10CM:Q85.8	Other phakomatoses, not elsewhere classified	RESIDUAL	MONDO:0023275	Graham-Boyle-Troxell syndrome	provenance-only:orphanet	12	no	KEEP-as-broadMatch	ICD code is RESIDUAL; cannot be an exact equivalent	"{source=""Orphanet:2111""}"
ICD10CM:Q85.9	Phakomatosis, unspecified	RESIDUAL	MONDO:0018298	multicentric osteolysis-nodulosis-arthropathy spectrum	provenance-only:orphanet	1	no	KEEP-as-broadMatch	ICD code is RESIDUAL; cannot be an exact equivalent	"{source=""Orphanet:371428""}"
ICD10CM:Q86.8	Other congenital malformation syndromes due to known exogenous causes	RESIDUAL	MONDO:0012275	fetal valproate syndrome	provenance-only:orphanet	16	no	KEEP-as-broadMatch	ICD code is RESIDUAL; cannot be an exact equivalent	"{source=""Orphanet:1906""}"
ICD10CM:Q86.8	Other congenital malformation syndromes due to known exogenous causes	RESIDUAL	MONDO:0016004	aminopterin/methotrexate embryofetopathy	provenance-only:orphanet	16	no	KEEP-as-broadMatch	ICD code is RESIDUAL; cannot be an exact equivalent	"{source=""Orphanet:1908""}"
ICD10CM:Q86.8	Other congenital malformation syndromes due to known exogenous causes	RESIDUAL	MONDO:0016005	indomethacin embryofetopathy	provenance-only:orphanet	16	no	KEEP-as-broadMatch	ICD code is RESIDUAL; cannot be an exact equivalent	"{source=""Orphanet:1909""}"
ICD10CM:Q86.8	Other congenital malformation syndromes due to known exogenous causes	RESIDUAL	MONDO:0016007	cocaine embryofetopathy	provenance-only:orphanet	16	no	KEEP-as-broadMatch	ICD code is RESIDUAL; cannot be an exact equivalent	"{source=""Orphanet:1911""}"
ICD10CM:Q86.8	Other congenital malformation syndromes due to known exogenous causes	RESIDUAL	MONDO:0016009	fetal trimethadione syndrome	provenance-only:orphanet	16	no	KEEP-as-broadMatch	ICD code is RESIDUAL; cannot be an exact equivalent	"{source=""Orphanet:1913""}"
ICD10CM:Q86.8	Other congenital malformation syndromes due to known exogenous causes	RESIDUAL	MONDO:0016012	diethylstilbestrol syndrome	provenance-only:orphanet	16	no	KEEP-as-broadMatch	ICD code is RESIDUAL; cannot be an exact equivalent	"{source=""Orphanet:1916""}"
ICD10CM:Q86.8	Other congenital malformation syndromes due to known exogenous causes	RESIDUAL	MONDO:0016014	fetal minoxidil syndrome	provenance-only:orphanet	16	no	KEEP-as-broadMatch	ICD code is RESIDUAL; cannot be an exact equivalent	"{source=""Orphanet:1918""}"
ICD10CM:Q86.8	Other congenital malformation syndromes due to known exogenous causes	RESIDUAL	MONDO:0016015	phenobarbital embryopathy	provenance-only:orphanet	16	no	KEEP-as-broadMatch	ICD code is RESIDUAL; cannot be an exact equivalent	"{source=""Orphanet:1919""}"
ICD10CM:Q86.8	Other congenital malformation syndromes due to known exogenous causes	RESIDUAL	MONDO:0016016	toluene embryopathy	provenance-only:orphanet	16	no	KEEP-as-broadMatch	ICD code is RESIDUAL; cannot be an exact equivalent	"{source=""Orphanet:1920""}"
ICD10CM:Q86.8	Other congenital malformation syndromes due to known exogenous causes	RESIDUAL	MONDO:0016017	methimazole embryofetopathy	provenance-only:orphanet	16	no	KEEP-as-broadMatch	ICD code is RESIDUAL; cannot be an exact equivalent	"{source=""Orphanet:1923""}"
ICD10CM:Q86.8	Other congenital malformation syndromes due to known exogenous causes	RESIDUAL	MONDO:0016378	maternal hyperthermia induced birth defects	provenance-only:orphanet	16	no	KEEP-as-broadMatch	ICD code is RESIDUAL; cannot be an exact equivalent	"{source=""Orphanet:2216""}"
ICD10CM:Q86.8	Other congenital malformation syndromes due to known exogenous causes	RESIDUAL	MONDO:0016467	isotretinoin syndrome	provenance-only:orphanet	16	no	KEEP-as-broadMatch	ICD code is RESIDUAL; cannot be an exact equivalent	"{source=""Orphanet:2305""}"
ICD10CM:Q86.8	Other congenital malformation syndromes due to known exogenous causes	RESIDUAL	MONDO:0017055	mycophenolate mofetil embryopathy	provenance-only:orphanet	16	no	KEEP-as-broadMatch	ICD code is RESIDUAL; cannot be an exact equivalent	"{source=""Orphanet:268249""}"
ICD10CM:Q86.8	Other congenital malformation syndromes due to known exogenous causes	RESIDUAL	MONDO:0018034	thalidomide embryopathy	provenance-only:orphanet	16	no	KEEP-as-broadMatch	ICD code is RESIDUAL; cannot be an exact equivalent	"{source=""Orphanet:3312""}"
ICD10CM:Q86.8	Other congenital malformation syndromes due to known exogenous causes	RESIDUAL	MONDO:0018263	fetal carbamazepine syndrome	provenance-only:orphanet	16	no	KEEP-as-broadMatch	ICD code is RESIDUAL; cannot be an exact equivalent	"{source=""Orphanet:370076""}"
ICD10CM:Q86.8	Other congenital malformation syndromes due to known exogenous causes	RESIDUAL	MONDO:0018442	acitretin/etretinate embryopathy	provenance-only:orphanet	16	no	KEEP-as-broadMatch	ICD code is RESIDUAL; cannot be an exact equivalent	"{source=""Orphanet:40366""}"
ICD10CM:Q87.0	Congenital malformation syndromes predominantly affecting facial appearance	CONTAINER	MONDO:0007040	Sakati-Nyhan syndrome	provenance-only:doid	128	no	KEEP-as-broadMatch	ICD code is CONTAINER; cannot be an exact equivalent	"{source=""DOID:0060359""}"
ICD10CM:Q87.0	Congenital malformation syndromes predominantly affecting facial appearance	CONTAINER	MONDO:0007041	Apert syndrome	provenance-only:orphanet	128	no	KEEP-as-broadMatch	ICD code is CONTAINER; cannot be an exact equivalent	"{source=""Orphanet:87"", source=""Orphanet:87/inclusion""}"
ICD10CM:Q87.0	Congenital malformation syndromes predominantly affecting facial appearance	CONTAINER	MONDO:0007042	Saethre-Chotzen syndrome	provenance-only:orphanet	128	no	KEEP-as-broadMatch	ICD code is CONTAINER; cannot be an exact equivalent	"{source=""Orphanet:794""}"
ICD10CM:Q87.0	Congenital malformation syndromes predominantly affecting facial appearance	CONTAINER	MONDO:0007043	Pfeiffer syndrome	provenance-only:orphanet	128	no	KEEP-as-broadMatch	ICD code is CONTAINER; cannot be an exact equivalent	"{source=""Orphanet:710""}"
ICD10CM:Q87.0	Congenital malformation syndromes predominantly affecting facial appearance	CONTAINER	MONDO:0007051	acromegaloid facial appearance syndrome	orphanet-specific	128	no	KEEP-as-broadMatch	ICD code is CONTAINER; cannot be an exact equivalent	"{source=""Orphanet:965"", source=""Orphanet:965/specific"", source=""Orphanet:965/e""}"
ICD10CM:Q87.0	Congenital malformation syndromes predominantly affecting facial appearance	CONTAINER	MONDO:0007123	ankyloblepharon filiforme adnatum-cleft palate syndrome	provenance-only:orphanet	128	no	KEEP-as-broadMatch	ICD code is CONTAINER; cannot be an exact equivalent	"{source=""Orphanet:1072""}"
ICD10CM:Q87.0	Congenital malformation syndromes predominantly affecting facial appearance	CONTAINER	MONDO:0007198	Ascher syndrome	provenance-only:orphanet	128	no	KEEP-as-broadMatch	ICD code is CONTAINER; cannot be an exact equivalent	"{source=""Orphanet:1253""}"
ICD10CM:Q87.0	Congenital malformation syndromes predominantly affecting facial appearance	CONTAINER	MONDO:0007200	blepharonasofacial malformation syndrome	provenance-only:orphanet	128	no	KEEP-as-broadMatch	ICD code is CONTAINER; cannot be an exact equivalent	"{source=""Orphanet:1252""}"
ICD10CM:Q87.0	Congenital malformation syndromes predominantly affecting facial appearance	CONTAINER	MONDO:0007231	brachytelephalangy-dysmorphism-Kallmann syndrome	provenance-only:orphanet	128	no	KEEP-as-broadMatch	ICD code is CONTAINER; cannot be an exact equivalent	"{source=""Orphanet:1295""}"
ICD10CM:Q87.0	Congenital malformation syndromes predominantly affecting facial appearance	CONTAINER	MONDO:0007259	craniofaciofrontodigital syndrome	provenance-only:orphanet	128	no	KEEP-as-broadMatch	ICD code is CONTAINER; cannot be an exact equivalent	"{source=""Orphanet:363705""}"
ICD10CM:Q87.0	Congenital malformation syndromes predominantly affecting facial appearance	CONTAINER	MONDO:0007395	craniofacial-deafness-hand syndrome	provenance-only:orphanet	128	no	KEEP-as-broadMatch	ICD code is CONTAINER; cannot be an exact equivalent	"{source=""Orphanet:1529""}"
ICD10CM:Q87.0	Congenital malformation syndromes predominantly affecting facial appearance	CONTAINER	MONDO:0007421	deafness-ear malformation-facial palsy syndrome	provenance-only:orphanet	128	no	KEEP-as-broadMatch	ICD code is CONTAINER; cannot be an exact equivalent	"{source=""Orphanet:3232""}"
ICD10CM:Q87.0	Congenital malformation syndromes predominantly affecting facial appearance	CONTAINER	MONDO:0007428	deafness-craniofacial syndrome	provenance-only:orphanet	128	no	KEEP-as-broadMatch	ICD code is CONTAINER; cannot be an exact equivalent	"{source=""Orphanet:3241""}"
ICD10CM:Q87.0	Congenital malformation syndromes predominantly affecting facial appearance	CONTAINER	MONDO:0007443	congenital unilateral hypoplasia of depressor anguli oris	provenance-only:orphanet	128	no	KEEP-as-broadMatch	ICD code is CONTAINER; cannot be an exact equivalent	"{source=""Orphanet:1166""}"
ICD10CM:Q87.0	Congenital malformation syndromes predominantly affecting facial appearance	CONTAINER	MONDO:0007949	Marshall syndrome	provenance-only:orphanet	128	no	KEEP-as-broadMatch	ICD code is CONTAINER; cannot be an exact equivalent	"{source=""Orphanet:560""}"
ICD10CM:Q87.0	Congenital malformation syndromes predominantly affecting facial appearance	CONTAINER	MONDO:0008006	Moebius syndrome	provenance-only:orphanet	128	no	KEEP-as-broadMatch	ICD code is CONTAINER; cannot be an exact equivalent	"{source=""Orphanet:570/inclusion"", source=""Orphanet:570"", source=""DOID:13501""}"
ICD10CM:Q87.0	Congenital malformation syndromes predominantly affecting facial appearance	CONTAINER	MONDO:0008137	orofaciodigital syndrome X	provenance-only:orphanet	128	no	KEEP-as-broadMatch	ICD code is CONTAINER; cannot be an exact equivalent	"{source=""Orphanet:2756"", source=""DOID:0060380""}"
ICD10CM:Q87.0	Congenital malformation syndromes predominantly affecting facial appearance	CONTAINER	MONDO:0008163	otofaciocervical syndrome	provenance-only:orphanet	128	no	KEEP-as-broadMatch	ICD code is CONTAINER; cannot be an exact equivalent	"{source=""Orphanet:2792""}"
ICD10CM:Q87.0	Congenital malformation syndromes predominantly affecting facial appearance	CONTAINER	MONDO:0008247	Robin sequence-oligodactyly syndrome	provenance-only:orphanet	128	no	KEEP-as-broadMatch	ICD code is CONTAINER; cannot be an exact equivalent	"{source=""Orphanet:3104""}"
ICD10CM:Q87.0	Congenital malformation syndromes predominantly affecting facial appearance	CONTAINER	MONDO:0008267	orofaciodigital syndrome V	provenance-only:orphanet	128	no	KEEP-as-broadMatch	ICD code is CONTAINER; cannot be an exact equivalent	"{source=""Orphanet:2919""}"
ICD10CM:Q87.0	Congenital malformation syndromes predominantly affecting facial appearance	CONTAINER	MONDO:0008287	Greig cephalopolysyndactyly syndrome	provenance-only:orphanet	128	no	KEEP-as-broadMatch	ICD code is CONTAINER; cannot be an exact equivalent	"{source=""Orphanet:380""}"
ICD10CM:Q87.0	Congenital malformation syndromes predominantly affecting facial appearance	CONTAINER	MONDO:0008421	flat face-microstomia-ear anomaly syndrome	provenance-only:orphanet	128	no	KEEP-as-broadMatch	ICD code is CONTAINER; cannot be an exact equivalent	"{source=""Orphanet:1968""}"
ICD10CM:Q87.0	Congenital malformation syndromes predominantly affecting facial appearance	CONTAINER	MONDO:0008445	delayed speech-facial asymmetry-strabismus-ear lobe creases syndrome	provenance-only:orphanet	128	no	KEEP-as-broadMatch	ICD code is CONTAINER; cannot be an exact equivalent	"{source=""Orphanet:3038""}"
ICD10CM:Q87.0	Congenital malformation syndromes predominantly affecting facial appearance	CONTAINER	MONDO:0008465	Patterson-Stevenson-Fontaine syndrome	provenance-only:orphanet	128	no	KEEP-as-broadMatch	ICD code is CONTAINER; cannot be an exact equivalent	"{source=""Orphanet:2439""}"
ICD10CM:Q87.0	Congenital malformation syndromes predominantly affecting facial appearance	CONTAINER	MONDO:0008675	Freeman-Sheldon syndrome	provenance-only:orphanet	128	no	KEEP-as-broadMatch	ICD code is CONTAINER; cannot be an exact equivalent	"{source=""DOID:0111604"", source=""Orphanet:2053""}"
ICD10CM:Q87.0	Congenital malformation syndromes predominantly affecting facial appearance	CONTAINER	MONDO:0008693	ablepharon macrostomia syndrome	provenance-only:orphanet	128	no	KEEP-as-broadMatch	ICD code is CONTAINER; cannot be an exact equivalent	"{source=""Orphanet:920""}"
ICD10CM:Q87.0	Congenital malformation syndromes predominantly affecting facial appearance	CONTAINER	MONDO:0008709	acrocephalopolydactyly	provenance-only:orphanet	128	no	KEEP-as-broadMatch	ICD code is CONTAINER; cannot be an exact equivalent	"{source=""Orphanet:221054""}"
ICD10CM:Q87.0	Congenital malformation syndromes predominantly affecting facial appearance	CONTAINER	MONDO:0008711	Goodman syndrome	provenance-only:orphanet	128	no	KEEP-as-broadMatch	ICD code is CONTAINER; cannot be an exact equivalent	"{source=""Orphanet:65798""}"
ICD10CM:Q87.0	Congenital malformation syndromes predominantly affecting facial appearance	CONTAINER	MONDO:0008712	acrocraniofacial dysostosis	provenance-only:orphanet	128	no	KEEP-as-broadMatch	ICD code is CONTAINER; cannot be an exact equivalent	"{source=""Orphanet:949""}"
ICD10CM:Q87.0	Congenital malformation syndromes predominantly affecting facial appearance	CONTAINER	MONDO:0008803	Antley-Bixler syndrome	provenance-only:orphanet	128	no	KEEP-as-broadMatch	ICD code is CONTAINER; cannot be an exact equivalent	"{source=""Orphanet:83""}"
ICD10CM:Q87.0	Congenital malformation syndromes predominantly affecting facial appearance	CONTAINER	MONDO:0008853	Barber-Say syndrome	provenance-only:orphanet	128	no	KEEP-as-broadMatch	ICD code is CONTAINER; cannot be an exact equivalent	"{source=""Orphanet:1231""}"
ICD10CM:Q87.0	Congenital malformation syndromes predominantly affecting facial appearance	CONTAINER	MONDO:0008992	Juberg-Hayward syndrome	provenance-only:orphanet	128	no	KEEP-as-broadMatch	ICD code is CONTAINER; cannot be an exact equivalent	"{source=""Orphanet:2319""}"
ICD10CM:Q87.0	Congenital malformation syndromes predominantly affecting facial appearance	CONTAINER	MONDO:0009034	craniofacial dyssynostosis	provenance-only:orphanet	128	no	KEEP-as-broadMatch	ICD code is CONTAINER; cannot be an exact equivalent	"{source=""Orphanet:1516""}"
ICD10CM:Q87.0	Congenital malformation syndromes predominantly affecting facial appearance	CONTAINER	MONDO:0009046	Fraser syndrome	provenance-only:orphanet	128	no	KEEP-as-broadMatch	ICD code is CONTAINER; cannot be an exact equivalent	"{source=""DOID:0090001"", source=""Orphanet:2052""}"
ICD10CM:Q87.0	Congenital malformation syndromes predominantly affecting facial appearance	CONTAINER	MONDO:0009228	gingival fibromatosis-facial dysmorphism syndrome	provenance-only:orphanet	128	no	KEEP-as-broadMatch	ICD code is CONTAINER; cannot be an exact equivalent	"{source=""Orphanet:2025""}"
ICD10CM:Q87.0	Congenital malformation syndromes predominantly affecting facial appearance	CONTAINER	MONDO:0009318	Hallermann-Streiff syndrome	provenance-only:orphanet	128	no	KEEP-as-broadMatch	ICD code is CONTAINER; cannot be an exact equivalent	"{source=""Orphanet:2108"", source=""Orphanet:2108/index""}"
ICD10CM:Q87.0	Congenital malformation syndromes predominantly affecting facial appearance	CONTAINER	MONDO:0009404	hypertelorism, microtia, facial clefting syndrome	provenance-only:orphanet	128	no	KEEP-as-broadMatch	ICD code is CONTAINER; cannot be an exact equivalent	"{source=""Orphanet:2213""}"
ICD10CM:Q87.0	Congenital malformation syndromes predominantly affecting facial appearance	CONTAINER	MONDO:0009485	oculocerebrofacial syndrome, Kaufman type	provenance-only:orphanet	128	no	KEEP-as-broadMatch	ICD code is CONTAINER; cannot be an exact equivalent	"{source=""Orphanet:2707""}"
ICD10CM:Q87.0	Congenital malformation syndromes predominantly affecting facial appearance	CONTAINER	MONDO:0009547	macrosomia-microphthalmia-cleft palate syndrome	provenance-only:orphanet	128	no	KEEP-as-broadMatch	ICD code is CONTAINER; cannot be an exact equivalent	"{source=""Orphanet:2432""}"
ICD10CM:Q87.0	Congenital malformation syndromes predominantly affecting facial appearance	CONTAINER	MONDO:0009564	Marden-Walker syndrome	provenance-only:orphanet	128	no	KEEP-as-broadMatch	ICD code is CONTAINER; cannot be an exact equivalent	"{source=""Orphanet:2461""}"
ICD10CM:Q87.0	Congenital malformation syndromes predominantly affecting facial appearance	CONTAINER	MONDO:0009642	orofaciodigital syndrome type II	provenance-only:orphanet	128	no	KEEP-as-broadMatch	ICD code is CONTAINER; cannot be an exact equivalent	"{source=""Orphanet:2751""}"
ICD10CM:Q87.0	Congenital malformation syndromes predominantly affecting facial appearance	CONTAINER	MONDO:0009720	Keipert syndrome	provenance-only:orphanet	128	no	KEEP-as-broadMatch	ICD code is CONTAINER; cannot be an exact equivalent	"{source=""Orphanet:2662""}"
ICD10CM:Q87.0	Congenital malformation syndromes predominantly affecting facial appearance	CONTAINER	MONDO:0009793	orofaciodigital syndrome III	provenance-only:orphanet	128	no	KEEP-as-broadMatch	ICD code is CONTAINER; cannot be an exact equivalent	"{source=""Orphanet:2752""}"
ICD10CM:Q87.0	Congenital malformation syndromes predominantly affecting facial appearance	CONTAINER	MONDO:0009794	orofaciodigital syndrome IV	provenance-only:orphanet	128	no	KEEP-as-broadMatch	ICD code is CONTAINER; cannot be an exact equivalent	"{source=""Orphanet:2753""}"
ICD10CM:Q87.0	Congenital malformation syndromes predominantly affecting facial appearance	CONTAINER	MONDO:0009795	orofaciodigital syndrome IX	provenance-only:orphanet	128	no	KEEP-as-broadMatch	ICD code is CONTAINER; cannot be an exact equivalent	"{source=""Orphanet:141007""}"
ICD10CM:Q87.0	Congenital malformation syndromes predominantly affecting facial appearance	CONTAINER	MONDO:0009869	isolated Pierre-Robin syndrome	provenance-only:orphanet	128	no	KEEP-as-broadMatch	ICD code is CONTAINER; cannot be an exact equivalent	"{source=""Orphanet:718/inclusion"", source=""Orphanet:718""}"
ICD10CM:Q87.0	Congenital malformation syndromes predominantly affecting facial appearance	CONTAINER	MONDO:0009920	Acrootoocular syndrome	provenance-only:orphanet	128	no	KEEP-as-broadMatch	ICD code is CONTAINER; cannot be an exact equivalent	"{source=""Orphanet:2980""}"
ICD10CM:Q87.0	Congenital malformation syndromes predominantly affecting facial appearance	CONTAINER	MONDO:0010010	Schinzel-Giedion syndrome	provenance-only:orphanet	128	no	KEEP-as-broadMatch	ICD code is CONTAINER; cannot be an exact equivalent	"{source=""Orphanet:798""}"
ICD10CM:Q87.0	Congenital malformation syndromes predominantly affecting facial appearance	CONTAINER	MONDO:0010154	trigonocephaly-bifid nose-acral anomalies syndrome	provenance-only:orphanet	128	no	KEEP-as-broadMatch	ICD code is CONTAINER; cannot be an exact equivalent	"{source=""Orphanet:3368""}"
ICD10CM:Q87.0	Congenital malformation syndromes predominantly affecting facial appearance	CONTAINER	MONDO:0010203	intellectual disability, Wolff type	provenance-only:orphanet	128	no	KEEP-as-broadMatch	ICD code is CONTAINER; cannot be an exact equivalent	"{source=""Orphanet:3080""}"
ICD10CM:Q87.0	Congenital malformation syndromes predominantly affecting facial appearance	CONTAINER	MONDO:0010237	X-linked intellectual disability-plagiocephaly syndrome	provenance-only:orphanet	128	no	KEEP-as-broadMatch	ICD code is CONTAINER; cannot be an exact equivalent	"{source=""Orphanet:2898""}"
ICD10CM:Q87.0	Congenital malformation syndromes predominantly affecting facial appearance	CONTAINER	MONDO:0010336	orofaciodigital syndrome VIII	provenance-only:orphanet	128	no	KEEP-as-broadMatch	ICD code is CONTAINER; cannot be an exact equivalent	"{source=""Orphanet:2755""}"
ICD10CM:Q87.0	Congenital malformation syndromes predominantly affecting facial appearance	CONTAINER	MONDO:0010485	X-linked colobomatous microphthalmia-microcephaly-intellectual disability-short stature syndrome	provenance-only:orphanet	128	no	KEEP-as-broadMatch	ICD code is CONTAINER; cannot be an exact equivalent	"{source=""Orphanet:431140""}"
ICD10CM:Q87.0	Congenital malformation syndromes predominantly affecting facial appearance	CONTAINER	MONDO:0010545	Nance-Horan syndrome	provenance-only:orphanet	128	no	KEEP-as-broadMatch	ICD code is CONTAINER; cannot be an exact equivalent	"{source=""Orphanet:627"", source=""DOID:0060599""}"
ICD10CM:Q87.0	Congenital malformation syndromes predominantly affecting facial appearance	CONTAINER	MONDO:0010561	Coffin-Lowry syndrome	provenance-only:orphanet	128	no	KEEP-as-broadMatch	ICD code is CONTAINER; cannot be an exact equivalent	"{source=""Orphanet:192""}"
ICD10CM:Q87.0	Congenital malformation syndromes predominantly affecting facial appearance	CONTAINER	MONDO:0010571	otopalatodigital syndrome type 2	provenance-only:orphanet	128	no	KEEP-as-broadMatch	ICD code is CONTAINER; cannot be an exact equivalent	"{source=""Orphanet:90652""}"
ICD10CM:Q87.0	Congenital malformation syndromes predominantly affecting facial appearance	CONTAINER	MONDO:0010702	orofaciodigital syndrome I	provenance-only:orphanet	128	no	KEEP-as-broadMatch	ICD code is CONTAINER; cannot be an exact equivalent	"{source=""Orphanet:2750"", source=""DOID:0060316""}"
ICD10CM:Q87.0	Congenital malformation syndromes predominantly affecting facial appearance	CONTAINER	MONDO:0010704	otopalatodigital syndrome type 1	provenance-only:orphanet	128	no	KEEP-as-broadMatch	ICD code is CONTAINER; cannot be an exact equivalent	"{source=""Orphanet:90650""}"
ICD10CM:Q87.0	Congenital malformation syndromes predominantly affecting facial appearance	CONTAINER	MONDO:0010749	trigonocephaly-short stature-developmental delay syndrome	provenance-only:orphanet	128	no	KEEP-as-broadMatch	ICD code is CONTAINER; cannot be an exact equivalent	"{source=""Orphanet:3369""}"
ICD10CM:Q87.0	Congenital malformation syndromes predominantly affecting facial appearance	CONTAINER	MONDO:0010822	Warburg micro syndrome 1	provenance-only:doid	128	no	KEEP-as-broadMatch	ICD code is CONTAINER; cannot be an exact equivalent	"{source=""DOID:0110716""}"
ICD10CM:Q87.0	Congenital malformation syndromes predominantly affecting facial appearance	CONTAINER	MONDO:0010835	pterygium colli-intellectual disability-digital anomalies syndrome	provenance-only:orphanet	128	no	KEEP-as-broadMatch	ICD code is CONTAINER; cannot be an exact equivalent	"{source=""Orphanet:2988""}"
ICD10CM:Q87.0	Congenital malformation syndromes predominantly affecting facial appearance	CONTAINER	MONDO:0010925	velo-facial-skeletal syndrome	provenance-only:orphanet	128	no	KEEP-as-broadMatch	ICD code is CONTAINER; cannot be an exact equivalent	"{source=""Orphanet:3424""}"
ICD10CM:Q87.0	Congenital malformation syndromes predominantly affecting facial appearance	CONTAINER	MONDO:0010959	van den Ende-Gupta syndrome	provenance-only:orphanet	128	no	KEEP-as-broadMatch	ICD code is CONTAINER; cannot be an exact equivalent	"{source=""Orphanet:2460""}"
ICD10CM:Q87.0	Congenital malformation syndromes predominantly affecting facial appearance	CONTAINER	MONDO:0011065	Hunter-McAlpine craniosynostosis	provenance-only:orphanet	128	no	KEEP-as-broadMatch	ICD code is CONTAINER; cannot be an exact equivalent	"{source=""Orphanet:97340""}"
ICD10CM:Q87.0	Congenital malformation syndromes predominantly affecting facial appearance	CONTAINER	MONDO:0011082	oculoauriculofrontonasal syndrome	provenance-only:orphanet	128	no	KEEP-as-broadMatch	ICD code is CONTAINER; cannot be an exact equivalent	"{source=""Orphanet:398156""}"
ICD10CM:Q87.0	Congenital malformation syndromes predominantly affecting facial appearance	CONTAINER	MONDO:0011090	isolated hereditary congenital facial paralysis	provenance-only:orphanet	128	no	KEEP-as-broadMatch	ICD code is CONTAINER; cannot be an exact equivalent	"{source=""Orphanet:306527""}"
ICD10CM:Q87.0	Congenital malformation syndromes predominantly affecting facial appearance	CONTAINER	MONDO:0011106	facial dysmorphism-lens dislocation-anterior segment abnormalities-spontaneous filtering blebs syndrome	provenance-only:orphanet	128	no	KEEP-as-broadMatch	ICD code is CONTAINER; cannot be an exact equivalent	"{source=""Orphanet:412022""}"
ICD10CM:Q87.0	Congenital malformation syndromes predominantly affecting facial appearance	CONTAINER	MONDO:0011134	Curry-Jones syndrome	provenance-only:orphanet	128	no	KEEP-as-broadMatch	ICD code is CONTAINER; cannot be an exact equivalent	"{source=""Orphanet:1553""}"
ICD10CM:Q87.0	Congenital malformation syndromes predominantly affecting facial appearance	CONTAINER	MONDO:0011253	craniomicromelic syndrome	provenance-only:orphanet	128	no	KEEP-as-broadMatch	ICD code is CONTAINER; cannot be an exact equivalent	"{source=""Orphanet:1524""}"
ICD10CM:Q87.0	Congenital malformation syndromes predominantly affecting facial appearance	CONTAINER	MONDO:0011255	mandibulofacial dysostosis-macroblepharon-macrostomia syndrome	provenance-only:orphanet	128	no	KEEP-as-broadMatch	ICD code is CONTAINER; cannot be an exact equivalent	"{source=""Orphanet:357158""}"
ICD10CM:Q87.0	Congenital malformation syndromes predominantly affecting facial appearance	CONTAINER	MONDO:0011262	camptodactyly, myopia, and fibrosis of the medial rectus muscle of eye	provenance-only:orphanet	128	no	KEEP-as-broadMatch	ICD code is CONTAINER; cannot be an exact equivalent	"{source=""Orphanet:1323""}"
ICD10CM:Q87.0	Congenital malformation syndromes predominantly affecting facial appearance	CONTAINER	MONDO:0011274	Muenke syndrome	provenance-only:orphanet	128	no	KEEP-as-broadMatch	ICD code is CONTAINER; cannot be an exact equivalent	"{source=""DOID:0060703"", source=""Orphanet:53271""}"
ICD10CM:Q87.0	Congenital malformation syndromes predominantly affecting facial appearance	CONTAINER	MONDO:0011323	arhinia, choanal atresia, and microphthalmia	provenance-only:orphanet	128	no	KEEP-as-broadMatch	ICD code is CONTAINER; cannot be an exact equivalent	"{source=""Orphanet:1135""}"
ICD10CM:Q87.0	Congenital malformation syndromes predominantly affecting facial appearance	CONTAINER	MONDO:0011575	cerebrooculonasal syndrome	provenance-only:orphanet	128	no	KEEP-as-broadMatch	ICD code is CONTAINER; cannot be an exact equivalent	"{source=""Orphanet:66625""}"
ICD10CM:Q87.0	Congenital malformation syndromes predominantly affecting facial appearance	CONTAINER	MONDO:0012035	craniosynostosis-intracranial calcifications syndrome	provenance-only:orphanet	128	no	KEEP-as-broadMatch	ICD code is CONTAINER; cannot be an exact equivalent	"{source=""Orphanet:52054""}"
ICD10CM:Q87.0	Congenital malformation syndromes predominantly affecting facial appearance	CONTAINER	MONDO:0012095	intellectual disability-brachydactyly-Pierre Robin syndrome	provenance-only:orphanet	128	no	KEEP-as-broadMatch	ICD code is CONTAINER; cannot be an exact equivalent	"{source=""Orphanet:364577""}"
ICD10CM:Q87.0	Congenital malformation syndromes predominantly affecting facial appearance	CONTAINER	MONDO:0012209	branchiogenic deafness syndrome	provenance-only:orphanet	128	no	KEEP-as-broadMatch	ICD code is CONTAINER; cannot be an exact equivalent	"{source=""Orphanet:50815""}"
ICD10CM:Q87.0	Congenital malformation syndromes predominantly affecting facial appearance	CONTAINER	MONDO:0012307	familial scaphocephaly syndrome, McGillivray type	provenance-only:orphanet	128	no	KEEP-as-broadMatch	ICD code is CONTAINER; cannot be an exact equivalent	"{source=""Orphanet:168624""}"
ICD10CM:Q87.0	Congenital malformation syndromes predominantly affecting facial appearance	CONTAINER	MONDO:0012508	agammaglobulinemia-microcephaly-craniosynostosis-severe dermatitis syndrome	provenance-only:orphanet	128	no	KEEP-as-broadMatch	ICD code is CONTAINER; cannot be an exact equivalent	"{source=""Orphanet:83617""}"
ICD10CM:Q87.0	Congenital malformation syndromes predominantly affecting facial appearance	CONTAINER	MONDO:0012516	mandibulofacial dysostosis-microcephaly syndrome	provenance-only:orphanet	128	no	KEEP-as-broadMatch	ICD code is CONTAINER; cannot be an exact equivalent	"{source=""Orphanet:79113""}"
ICD10CM:Q87.0	Congenital malformation syndromes predominantly affecting facial appearance	CONTAINER	MONDO:0012589	Pitt-Hopkins syndrome	provenance-only:orphanet	128	no	KEEP-as-broadMatch	ICD code is CONTAINER; cannot be an exact equivalent	"{source=""Orphanet:2896""}"
ICD10CM:Q87.0	Congenital malformation syndromes predominantly affecting facial appearance	CONTAINER	MONDO:0012853	Fontaine progeroid syndrome	provenance-only:orphanet	128	no	KEEP-as-broadMatch	ICD code is CONTAINER; cannot be an exact equivalent	"{source=""Orphanet:2095"", source=""Orphanet:2095/index""}"
ICD10CM:Q87.0	Congenital malformation syndromes predominantly affecting facial appearance	CONTAINER	MONDO:0012854	bilateral microtia-deafness-cleft palate syndrome	provenance-only:orphanet	128	no	KEEP-as-broadMatch	ICD code is CONTAINER; cannot be an exact equivalent	"{source=""Orphanet:140963""}"
ICD10CM:Q87.0	Congenital malformation syndromes predominantly affecting facial appearance	CONTAINER	MONDO:0013035	orofaciodigital syndrome XI	provenance-only:orphanet	128	no	KEEP-as-broadMatch	ICD code is CONTAINER; cannot be an exact equivalent	"{source=""Orphanet:141000""}"
ICD10CM:Q87.0	Congenital malformation syndromes predominantly affecting facial appearance	CONTAINER	MONDO:0013268	frontonasal dysplasia with alopecia and genital anomaly	provenance-only:orphanet	128	no	KEEP-as-broadMatch	ICD code is CONTAINER; cannot be an exact equivalent	"{source=""Orphanet:228390""}"
ICD10CM:Q87.0	Congenital malformation syndromes predominantly affecting facial appearance	CONTAINER	MONDO:0013362	THOC6-related developmental delay-microcephaly-facial dysmorphism syndrome	provenance-only:orphanet	128	no	KEEP-as-broadMatch	ICD code is CONTAINER; cannot be an exact equivalent	"{source=""Orphanet:363444""}"
ICD10CM:Q87.0	Congenital malformation syndromes predominantly affecting facial appearance	CONTAINER	MONDO:0013615	craniosynostosis and dental anomalies	provenance-only:orphanet	128	no	KEEP-as-broadMatch	ICD code is CONTAINER; cannot be an exact equivalent	"{source=""Orphanet:284149""}"
ICD10CM:Q87.0	Congenital malformation syndromes predominantly affecting facial appearance	CONTAINER	MONDO:0013638	Warburg micro syndrome 3	provenance-only:doid	128	no	KEEP-as-broadMatch	ICD code is CONTAINER; cannot be an exact equivalent	"{source=""DOID:0110718""}"
ICD10CM:Q87.0	Congenital malformation syndromes predominantly affecting facial appearance	CONTAINER	MONDO:0013641	Warburg micro syndrome 2	provenance-only:doid	128	no	KEEP-as-broadMatch	ICD code is CONTAINER; cannot be an exact equivalent	"{source=""DOID:0110717""}"
ICD10CM:Q87.0	Congenital malformation syndromes predominantly affecting facial appearance	CONTAINER	MONDO:0014205	severe feeding difficulties-failure to thrive-microcephaly due to ASXL3 deficiency syndrome	provenance-only:orphanet	128	no	KEEP-as-broadMatch	ICD code is CONTAINER; cannot be an exact equivalent	"{source=""Orphanet:352577""}"
ICD10CM:Q87.0	Congenital malformation syndromes predominantly affecting facial appearance	CONTAINER	MONDO:0014296	Warburg micro syndrome 4	provenance-only:doid	128	no	KEEP-as-broadMatch	ICD code is CONTAINER; cannot be an exact equivalent	"{source=""DOID:0110719""}"
ICD10CM:Q87.0	Congenital malformation syndromes predominantly affecting facial appearance	CONTAINER	MONDO:0014336	intellectual disability-facial dysmorphism syndrome due to SETD5 haploinsufficiency	provenance-only:orphanet	128	no	KEEP-as-broadMatch	ICD code is CONTAINER; cannot be an exact equivalent	"{source=""Orphanet:404440""}"
ICD10CM:Q87.0	Congenital malformation syndromes predominantly affecting facial appearance	CONTAINER	MONDO:0014379	ADNP-related multiple congenital anomalies - intellectual disability - autism spectrum disorder	provenance-only:orphanet	128	no	KEEP-as-broadMatch	ICD code is CONTAINER; cannot be an exact equivalent	"{source=""Orphanet:404448""}"
ICD10CM:Q87.0	Congenital malformation syndromes predominantly affecting facial appearance	CONTAINER	MONDO:0014413	orofaciodigital syndrome type 14	provenance-only:orphanet	128	no	KEEP-as-broadMatch	ICD code is CONTAINER; cannot be an exact equivalent	"{source=""Orphanet:434179"", source=""Orphanet:434179/inclusion""}"
ICD10CM:Q87.0	Congenital malformation syndromes predominantly affecting facial appearance	CONTAINER	MONDO:0014529	cerebellar-facial-dental syndrome	provenance-only:orphanet	128	no	KEEP-as-broadMatch	ICD code is CONTAINER; cannot be an exact equivalent	"{source=""Orphanet:444072""}"
ICD10CM:Q87.0	Congenital malformation syndromes predominantly affecting facial appearance	CONTAINER	MONDO:0015367	Charlie M syndrome	provenance-only:orphanet	128	no	KEEP-as-broadMatch	ICD code is CONTAINER; cannot be an exact equivalent	"{source=""Orphanet:1406""}"
ICD10CM:Q87.0	Congenital malformation syndromes predominantly affecting facial appearance	CONTAINER	MONDO:0015375	orofaciodigital syndrome	provenance-only:orphanet	128	no	KEEP-as-broadMatch	ICD code is CONTAINER; cannot be an exact equivalent	"{source=""Orphanet:140997/inclusion"", source=""Orphanet:140997""}"
ICD10CM:Q87.0	Congenital malformation syndromes predominantly affecting facial appearance	CONTAINER	MONDO:0015397	craniofacial microsomia	provenance-only:orphanet	128	no	KEEP-as-broadMatch	ICD code is CONTAINER; cannot be an exact equivalent	"{source=""DOID:2907"", source=""Orphanet:374/inclusion"", source=""Orphanet:374""}"
ICD10CM:Q87.0	Congenital malformation syndromes predominantly affecting facial appearance	CONTAINER	MONDO:0015421	orofaciodigital syndrome type 12	provenance-only:orphanet	128	no	KEEP-as-broadMatch	ICD code is CONTAINER; cannot be an exact equivalent	"{source=""Orphanet:141327""}"
ICD10CM:Q87.0	Congenital malformation syndromes predominantly affecting facial appearance	CONTAINER	MONDO:0015463	craniodigital syndrome-intellectual disability syndrome	provenance-only:orphanet	128	no	KEEP-as-broadMatch	ICD code is CONTAINER; cannot be an exact equivalent	"{source=""Orphanet:1514""}"
ICD10CM:Q87.0	Congenital malformation syndromes predominantly affecting facial appearance	CONTAINER	MONDO:0015467	craniosynostosis, Philadelphia type	provenance-only:orphanet	128	no	KEEP-as-broadMatch	ICD code is CONTAINER; cannot be an exact equivalent	"{source=""Orphanet:1527""}"
ICD10CM:Q87.0	Congenital malformation syndromes predominantly affecting facial appearance	CONTAINER	MONDO:0015941	epiphyseal dysplasia-hearing loss-dysmorphism syndrome	provenance-only:orphanet	128	no	KEEP-as-broadMatch	ICD code is CONTAINER; cannot be an exact equivalent	"{source=""Orphanet:1825""}"
ICD10CM:Q87.0	Congenital malformation syndromes predominantly affecting facial appearance	CONTAINER	MONDO:0016031	facial dysmorphism-anorexia-cachexia-eye and skin anomalies syndrome	provenance-only:orphanet	128	no	KEEP-as-broadMatch	ICD code is CONTAINER; cannot be an exact equivalent	"{source=""Orphanet:1969""}"
ICD10CM:Q87.0	Congenital malformation syndromes predominantly affecting facial appearance	CONTAINER	MONDO:0016065	cleft palate-short stature-vertebral anomalies syndrome	provenance-only:orphanet	128	no	KEEP-as-broadMatch	ICD code is CONTAINER; cannot be an exact equivalent	"{source=""Orphanet:2015""}"
ICD10CM:Q87.0	Congenital malformation syndromes predominantly affecting facial appearance	CONTAINER	MONDO:0016457	ptosis-upper ocular movement limitation-absence of lacrimal punctum syndrome	provenance-only:orphanet	128	no	KEEP-as-broadMatch	ICD code is CONTAINER; cannot be an exact equivalent	"{source=""Orphanet:228396""}"
ICD10CM:Q87.0	Congenital malformation syndromes predominantly affecting facial appearance	CONTAINER	MONDO:0016512	Kabuki syndrome	provenance-only:orphanet	128	no	KEEP-as-broadMatch	ICD code is CONTAINER; cannot be an exact equivalent	"{source=""Orphanet:2322""}"
ICD10CM:Q87.0	Congenital malformation syndromes predominantly affecting facial appearance	CONTAINER	MONDO:0016649	Warburg micro syndrome	provenance-only:orphanet	128	no	KEEP-as-broadMatch	ICD code is CONTAINER; cannot be an exact equivalent	"{source=""Orphanet:2510""}"
ICD10CM:Q87.0	Congenital malformation syndromes predominantly affecting facial appearance	CONTAINER	MONDO:0017193	symptomatic form of Coffin-Lowry syndrome in female carriers	provenance-only:orphanet	128	no	KEEP-as-broadMatch	ICD code is CONTAINER; cannot be an exact equivalent	"{source=""Orphanet:276630""}"
ICD10CM:Q87.0	Congenital malformation syndromes predominantly affecting facial appearance	CONTAINER	MONDO:0017579	Baraitser-Winter cerebrofrontofacial syndrome	provenance-only:orphanet	128	no	KEEP-as-broadMatch	ICD code is CONTAINER; cannot be an exact equivalent	"{source=""Orphanet:2995"", source=""DOID:0060229""}"
ICD10CM:Q87.0	Congenital malformation syndromes predominantly affecting facial appearance	CONTAINER	MONDO:0017627	congenital hereditary facial paralysis-variable hearing loss syndrome	provenance-only:orphanet	128	no	KEEP-as-broadMatch	ICD code is CONTAINER; cannot be an exact equivalent	"{source=""Orphanet:306530""}"
ICD10CM:Q87.0	Congenital malformation syndromes predominantly affecting facial appearance	CONTAINER	MONDO:0017934	aphonia-deafness-retinal dystrophy-bifid halluces-intellectual disability syndrome	provenance-only:orphanet	128	no	KEEP-as-broadMatch	ICD code is CONTAINER; cannot be an exact equivalent	"{source=""Orphanet:324540""}"
ICD10CM:Q87.0	Congenital malformation syndromes predominantly affecting facial appearance	CONTAINER	MONDO:0018064	trigonocephaly-broad thumbs syndrome	provenance-only:orphanet	128	no	KEEP-as-broadMatch	ICD code is CONTAINER; cannot be an exact equivalent	"{source=""Orphanet:3365""}"
ICD10CM:Q87.0	Congenital malformation syndromes predominantly affecting facial appearance	CONTAINER	MONDO:0018096	Weill-Marchesani syndrome	provenance-only:orphanet	128	no	KEEP-as-broadMatch	ICD code is CONTAINER; cannot be an exact equivalent	"{source=""Orphanet:3449"", source=""Orphanet:3449/index""}"
ICD10CM:Q87.0	Congenital malformation syndromes predominantly affecting facial appearance	CONTAINER	MONDO:0018253	intellectual disability-facial dysmorphism-hand anomalies syndrome	provenance-only:orphanet	128	no	KEEP-as-broadMatch	ICD code is CONTAINER; cannot be an exact equivalent	"{source=""Orphanet:370010""}"
ICD10CM:Q87.0	Congenital malformation syndromes predominantly affecting facial appearance	CONTAINER	MONDO:0018571	contractures-developmental delay-Pierre Robin syndrome	provenance-only:orphanet	128	no	KEEP-as-broadMatch	ICD code is CONTAINER; cannot be an exact equivalent	"{source=""Orphanet:436003""}"
ICD10CM:Q87.0	Congenital malformation syndromes predominantly affecting facial appearance	CONTAINER	MONDO:0018878	branchiootic syndrome	provenance-only:orphanet	128	no	KEEP-as-broadMatch	ICD code is CONTAINER; cannot be an exact equivalent	"{source=""DOID:0060232"", source=""Orphanet:52429""}"
ICD10CM:Q87.0	Congenital malformation syndromes predominantly affecting facial appearance	CONTAINER	MONDO:0019012	Carpenter syndrome	provenance-only:orphanet	128	no	KEEP-as-broadMatch	ICD code is CONTAINER; cannot be an exact equivalent	"{source=""Orphanet:65759"", source=""Orphanet:65759/index""}"
ICD10CM:Q87.0	Congenital malformation syndromes predominantly affecting facial appearance	CONTAINER	MONDO:0019027	otopalatodigital syndrome	provenance-only:orphanet	128	no	KEEP-as-broadMatch	ICD code is CONTAINER; cannot be an exact equivalent	"{source=""Orphanet:669"", source=""Orphanet:669/index""}"
ICD10CM:Q87.0	Congenital malformation syndromes predominantly affecting facial appearance	CONTAINER	MONDO:0019178	auricular abnormalities-cleft lip with or without cleft palate-ocular abnormalities syndrome	provenance-only:orphanet	128	no	KEEP-as-broadMatch	ICD code is CONTAINER; cannot be an exact equivalent	"{source=""Orphanet:77300""}"
ICD10CM:Q87.0	Congenital malformation syndromes predominantly affecting facial appearance	CONTAINER	MONDO:0019354	Stickler syndrome	provenance-only:orphanet	128	no	KEEP-as-broadMatch	ICD code is CONTAINER; cannot be an exact equivalent	"{source=""Orphanet:828""}"
ICD10CM:Q87.0	Congenital malformation syndromes predominantly affecting facial appearance	CONTAINER	MONDO:0019387	macrostomia-preauricular tags-external ophthalmoplegia syndrome	provenance-only:orphanet	128	no	KEEP-as-broadMatch	ICD code is CONTAINER; cannot be an exact equivalent	"{source=""Orphanet:83619""}"
ICD10CM:Q87.0	Congenital malformation syndromes predominantly affecting facial appearance	CONTAINER	MONDO:0019659	Pfeiffer syndrome type 1	provenance-only:orphanet	128	no	KEEP-as-broadMatch	ICD code is CONTAINER; cannot be an exact equivalent	"{source=""Orphanet:93258""}"
ICD10CM:Q87.0	Congenital malformation syndromes predominantly affecting facial appearance	CONTAINER	MONDO:0019660	Pfeiffer syndrome type 2	provenance-only:orphanet	128	no	KEEP-as-broadMatch	ICD code is CONTAINER; cannot be an exact equivalent	"{source=""Orphanet:93259""}"
ICD10CM:Q87.0	Congenital malformation syndromes predominantly affecting facial appearance	CONTAINER	MONDO:0019661	Pfeiffer syndrome type 3	provenance-only:orphanet	128	no	KEEP-as-broadMatch	ICD code is CONTAINER; cannot be an exact equivalent	"{source=""Orphanet:93260""}"
ICD10CM:Q87.0	Congenital malformation syndromes predominantly affecting facial appearance	CONTAINER	MONDO:0019796	acrocephalosyndactyly	provenance-only:orphanet	128	no	KEEP-as-broadMatch	ICD code is CONTAINER; cannot be an exact equivalent	"{source=""Orphanet:946/inclusion"", source=""Orphanet:946""}"
ICD10CM:Q87.0	Congenital malformation syndromes predominantly affecting facial appearance	CONTAINER	MONDO:0019940	hypertrichosis-acromegaloid facial appearance syndrome	provenance-only:orphanet	128	no	KEEP-as-broadMatch	ICD code is CONTAINER; cannot be an exact equivalent	"{source=""Orphanet:966""}"
ICD10CM:Q87.0	Congenital malformation syndromes predominantly affecting facial appearance	CONTAINER	MONDO:0800025	Teebi hypertelorism syndrome 1	provenance-only:orphanet	128	no	KEEP-as-broadMatch	ICD code is CONTAINER; cannot be an exact equivalent	"{source=""Orphanet:1519""}"
ICD10CM:Q87.0	Congenital malformation syndromes predominantly affecting facial appearance	CONTAINER	MONDO:0800437	Carey-Fineman-Ziter syndrome 1	provenance-only:orphanet	128	no	KEEP-as-broadMatch	ICD code is CONTAINER; cannot be an exact equivalent	"{source=""Orphanet:1358""}"
ICD10CM:Q87.1	Congenital malformation syndromes predominantly associated with short stature	CONTAINER	MONDO:0000127	geleophysic dysplasia	provenance-only:orphanet	89	no	KEEP-as-broadMatch	ICD code is CONTAINER; cannot be an exact equivalent	"{source=""Orphanet:2623""}"
ICD10CM:Q87.1	Congenital malformation syndromes predominantly associated with short stature	CONTAINER	MONDO:0007030	autosomal dominant Aarskog syndrome	provenance-only:doid	89	no	KEEP-as-broadMatch	ICD code is CONTAINER; cannot be an exact equivalent	"{source=""DOID:6683""}"
ICD10CM:Q87.1	Congenital malformation syndromes predominantly associated with short stature	CONTAINER	MONDO:0007208	Boomerang dysplasia	provenance-only:orphanet	89	no	KEEP-as-broadMatch	ICD code is CONTAINER; cannot be an exact equivalent	"{source=""Orphanet:1263""}"
ICD10CM:Q87.1	Congenital malformation syndromes predominantly associated with short stature	CONTAINER	MONDO:0007230	Brachymorphism-onychodysplasia-dysphalangism syndrome	provenance-only:orphanet	89	no	KEEP-as-broadMatch	ICD code is CONTAINER; cannot be an exact equivalent	"{source=""Orphanet:1292""}"
ICD10CM:Q87.1	Congenital malformation syndromes predominantly associated with short stature	CONTAINER	MONDO:0007251	campomelic dysplasia	provenance-only:orphanet	89	no	KEEP-as-broadMatch	ICD code is CONTAINER; cannot be an exact equivalent	"{source=""Orphanet:140""}"
ICD10CM:Q87.1	Congenital malformation syndromes predominantly associated with short stature	CONTAINER	MONDO:0007353	coloboma of macula-brachydactyly type B syndrome	provenance-only:orphanet	89	no	KEEP-as-broadMatch	ICD code is CONTAINER; cannot be an exact equivalent	"{source=""Orphanet:1471""}"
ICD10CM:Q87.1	Congenital malformation syndromes predominantly associated with short stature	CONTAINER	MONDO:0007392	coxoauricular syndrome	provenance-only:orphanet	89	no	KEEP-as-broadMatch	ICD code is CONTAINER; cannot be an exact equivalent	"{source=""Orphanet:1508""}"
ICD10CM:Q87.1	Congenital malformation syndromes predominantly associated with short stature	CONTAINER	MONDO:0007461	short stature-valvular heart disease-characteristic facies syndrome	provenance-only:orphanet	89	no	KEEP-as-broadMatch	ICD code is CONTAINER; cannot be an exact equivalent	"{source=""Orphanet:2868""}"
ICD10CM:Q87.1	Congenital malformation syndromes predominantly associated with short stature	CONTAINER	MONDO:0007477	3-M syndrome	provenance-only:orphanet	89	no	KEEP-as-broadMatch	ICD code is CONTAINER; cannot be an exact equivalent	"{source=""Orphanet:2616""}"
ICD10CM:Q87.1	Congenital malformation syndromes predominantly associated with short stature	CONTAINER	MONDO:0007478	autosomal dominant Kenny-Caffey syndrome	provenance-only:orphanet	89	no	KEEP-as-broadMatch	ICD code is CONTAINER; cannot be an exact equivalent	"{source=""Orphanet:93325""}"
ICD10CM:Q87.1	Congenital malformation syndromes predominantly associated with short stature	CONTAINER	MONDO:0007618	Eng-Strom syndrome	provenance-only:orphanet	89	no	KEEP-as-broadMatch	ICD code is CONTAINER; cannot be an exact equivalent	"{source=""Orphanet:1937""}"
ICD10CM:Q87.1	Congenital malformation syndromes predominantly associated with short stature	CONTAINER	MONDO:0007892	Lenz-Majewski hyperostotic dwarfism	provenance-only:orphanet	89	no	KEEP-as-broadMatch	ICD code is CONTAINER; cannot be an exact equivalent	"{source=""Orphanet:2658""}"
ICD10CM:Q87.1	Congenital malformation syndromes predominantly associated with short stature	CONTAINER	MONDO:0007893	Noonan syndrome with multiple lentigines	provenance-only:orphanet	89	no	KEEP-as-broadMatch	ICD code is CONTAINER; cannot be an exact equivalent	"{source=""Orphanet:500""}"
ICD10CM:Q87.1	Congenital malformation syndromes predominantly associated with short stature	CONTAINER	MONDO:0008150	osteoglophonic dysplasia	provenance-only:orphanet	89	no	KEEP-as-broadMatch	ICD code is CONTAINER; cannot be an exact equivalent	"{source=""Orphanet:2645""}"
ICD10CM:Q87.1	Congenital malformation syndromes predominantly associated with short stature	CONTAINER	MONDO:0008196	parastremmatic dwarfism	provenance-only:orphanet	89	no	KEEP-as-broadMatch	ICD code is CONTAINER; cannot be an exact equivalent	"{source=""Orphanet:2646""}"
ICD10CM:Q87.1	Congenital malformation syndromes predominantly associated with short stature	CONTAINER	MONDO:0008300	Prader-Willi syndrome	provenance-only:orphanet	89	no	KEEP-as-broadMatch	ICD code is CONTAINER; cannot be an exact equivalent	"{source=""Orphanet:739/inclusion"", source=""Orphanet:739"", source=""DOID:11983""}"
ICD10CM:Q87.1	Congenital malformation syndromes predominantly associated with short stature	CONTAINER	MONDO:0008389	autosomal dominant Robinow syndrome	provenance-only:orphanet	89	no	KEEP-as-broadMatch	ICD code is CONTAINER; cannot be an exact equivalent	"{source=""Orphanet:3107"", source=""DOID:0060766""}"
ICD10CM:Q87.1	Congenital malformation syndromes predominantly associated with short stature	CONTAINER	MONDO:0008394	Silver-Russell syndrome	provenance-only:orphanet	89	no	KEEP-as-broadMatch	ICD code is CONTAINER; cannot be an exact equivalent	"{source=""Orphanet:813/inclusion"", source=""DOID:14681"", source=""Orphanet:813""}"
ICD10CM:Q87.1	Congenital malformation syndromes predominantly associated with short stature	CONTAINER	MONDO:0008499	short stature-wormian bones-dextrocardia syndrome	provenance-only:orphanet	89	no	KEEP-as-broadMatch	ICD code is CONTAINER; cannot be an exact equivalent	"{source=""Orphanet:2863""}"
ICD10CM:Q87.1	Congenital malformation syndromes predominantly associated with short stature	CONTAINER	MONDO:0008870	bird headed-dwarfism, Montreal type	provenance-only:orphanet	89	no	KEEP-as-broadMatch	ICD code is CONTAINER; cannot be an exact equivalent	"{source=""Orphanet:2617""}"
ICD10CM:Q87.1	Congenital malformation syndromes predominantly associated with short stature	CONTAINER	MONDO:0008871	microcephalic osteodysplastic primordial dwarfism type I	provenance-only:doid	89	no	KEEP-as-broadMatch	ICD code is CONTAINER; cannot be an exact equivalent	"{source=""DOID:0060608""}"
ICD10CM:Q87.1	Congenital malformation syndromes predominantly associated with short stature	CONTAINER	MONDO:0008872	microcephalic osteodysplastic primordial dwarfism type II	provenance-only:orphanet	89	no	KEEP-as-broadMatch	ICD code is CONTAINER; cannot be an exact equivalent	"{source=""DOID:0060609"", source=""Orphanet:2637""}"
ICD10CM:Q87.1	Congenital malformation syndromes predominantly associated with short stature	CONTAINER	MONDO:0008898	camptodactyly syndrome, Guadalajara type 1	provenance-only:orphanet	89	no	KEEP-as-broadMatch	ICD code is CONTAINER; cannot be an exact equivalent	"{source=""Orphanet:1327""}"
ICD10CM:Q87.1	Congenital malformation syndromes predominantly associated with short stature	CONTAINER	MONDO:0008899	camptodactyly syndrome, Guadalajara type 2	provenance-only:orphanet	89	no	KEEP-as-broadMatch	ICD code is CONTAINER; cannot be an exact equivalent	"{source=""Orphanet:1326""}"
ICD10CM:Q87.1	Congenital malformation syndromes predominantly associated with short stature	CONTAINER	MONDO:0008926	COFS syndrome	provenance-only:orphanet	89	no	KEEP-as-broadMatch	ICD code is CONTAINER; cannot be an exact equivalent	"{source=""Orphanet:1466""}"
ICD10CM:Q87.1	Congenital malformation syndromes predominantly associated with short stature	CONTAINER	MONDO:0009124	Dubowitz syndrome	provenance-only:orphanet	89	no	KEEP-as-broadMatch	ICD code is CONTAINER; cannot be an exact equivalent	"{source=""Orphanet:235"", source=""Orphanet:235/inclusion"", source=""DOID:14796""}"
ICD10CM:Q87.1	Congenital malformation syndromes predominantly associated with short stature	CONTAINER	MONDO:0009426	hypoparathyroidism-retardation-dysmorphism syndrome	provenance-only:orphanet	89	no	KEEP-as-broadMatch	ICD code is CONTAINER; cannot be an exact equivalent	"{source=""Orphanet:2323""}"
ICD10CM:Q87.1	Congenital malformation syndromes predominantly associated with short stature	CONTAINER	MONDO:0009486	autosomal recessive Kenny-Caffey syndrome	provenance-only:orphanet	89	no	KEEP-as-broadMatch	ICD code is CONTAINER; cannot be an exact equivalent	"{source=""Orphanet:93324""}"
ICD10CM:Q87.1	Congenital malformation syndromes predominantly associated with short stature	CONTAINER	MONDO:0009588	Langer mesomelic dysplasia	provenance-only:orphanet	89	no	KEEP-as-broadMatch	ICD code is CONTAINER; cannot be an exact equivalent	"{source=""Orphanet:2632""}"
ICD10CM:Q87.1	Congenital malformation syndromes predominantly associated with short stature	CONTAINER	MONDO:0009616	microcephalic primordial dwarfism, Toriello type	provenance-only:orphanet	89	no	KEEP-as-broadMatch	ICD code is CONTAINER; cannot be an exact equivalent	"{source=""Orphanet:2643""}"
ICD10CM:Q87.1	Congenital malformation syndromes predominantly associated with short stature	CONTAINER	MONDO:0009664	mulibrey nanism	provenance-only:orphanet	89	no	KEEP-as-broadMatch	ICD code is CONTAINER; cannot be an exact equivalent	"{source=""Orphanet:2576""}"
ICD10CM:Q87.1	Congenital malformation syndromes predominantly associated with short stature	CONTAINER	MONDO:0009769	oculo-palato-cerebral syndrome	provenance-only:orphanet	89	no	KEEP-as-broadMatch	ICD code is CONTAINER; cannot be an exact equivalent	"{source=""Orphanet:2714""}"
ICD10CM:Q87.1	Congenital malformation syndromes predominantly associated with short stature	CONTAINER	MONDO:0009858	Pfeiffer-Palm-Teller syndrome	provenance-only:orphanet	89	no	KEEP-as-broadMatch	ICD code is CONTAINER; cannot be an exact equivalent	"{source=""Orphanet:2871""}"
ICD10CM:Q87.1	Congenital malformation syndromes predominantly associated with short stature	CONTAINER	MONDO:0009955	rapadilino syndrome	provenance-only:orphanet	89	no	KEEP-as-broadMatch	ICD code is CONTAINER; cannot be an exact equivalent	"{source=""Orphanet:3021""}"
ICD10CM:Q87.1	Congenital malformation syndromes predominantly associated with short stature	CONTAINER	MONDO:0009996	rhizomelic syndrome, Urbach type	provenance-only:orphanet	89	no	KEEP-as-broadMatch	ICD code is CONTAINER; cannot be an exact equivalent	"{source=""Orphanet:3098""}"
ICD10CM:Q87.1	Congenital malformation syndromes predominantly associated with short stature	CONTAINER	MONDO:0009999	autosomal recessive Robinow syndrome	provenance-only:orphanet	89	no	KEEP-as-broadMatch	ICD code is CONTAINER; cannot be an exact equivalent	"{source=""DOID:0060764"", source=""Orphanet:1507""}"
ICD10CM:Q87.1	Congenital malformation syndromes predominantly associated with short stature	CONTAINER	MONDO:0010026	SHORT syndrome	provenance-only:orphanet	89	no	KEEP-as-broadMatch	ICD code is CONTAINER; cannot be an exact equivalent	"{source=""Orphanet:3163""}"
ICD10CM:Q87.1	Congenital malformation syndromes predominantly associated with short stature	CONTAINER	MONDO:0010031	Sjogren-Larsson syndrome	orphanet-exact	89	no	KEEP-as-broadMatch	ICD code is CONTAINER; cannot be an exact equivalent	"{source=""Orphanet:816"", source=""Orphanet:816/index"", source=""Orphanet:816/e""}"
ICD10CM:Q87.1	Congenital malformation syndromes predominantly associated with short stature	CONTAINER	MONDO:0010035	Smith-Lemli-Opitz syndrome	provenance-only:orphanet	89	no	KEEP-as-broadMatch	ICD code is CONTAINER; cannot be an exact equivalent	"{source=""Orphanet:818/inclusion"", source=""Orphanet:818""}"
ICD10CM:Q87.1	Congenital malformation syndromes predominantly associated with short stature	CONTAINER	MONDO:0010367	SHOX-related short stature	provenance-only:orphanet	89	no	KEEP-as-broadMatch	ICD code is CONTAINER; cannot be an exact equivalent	"{source=""Orphanet:314795""}"
ICD10CM:Q87.1	Congenital malformation syndromes predominantly associated with short stature	CONTAINER	MONDO:0010570	craniofrontonasal syndrome	provenance-only:orphanet	89	no	KEEP-as-broadMatch	ICD code is CONTAINER; cannot be an exact equivalent	"{source=""Orphanet:1520""}"
ICD10CM:Q87.1	Congenital malformation syndromes predominantly associated with short stature	CONTAINER	MONDO:0010589	Aarskog-Scott syndrome, X-linked	provenance-only:orphanet	89	no	KEEP-as-broadMatch	ICD code is CONTAINER; cannot be an exact equivalent	"{source=""Orphanet:915""}"
ICD10CM:Q87.1	Congenital malformation syndromes predominantly associated with short stature	CONTAINER	MONDO:0010638	keratosis follicularis-dwarfism-cerebral atrophy syndrome	provenance-only:orphanet	89	no	KEEP-as-broadMatch	ICD code is CONTAINER; cannot be an exact equivalent	"{source=""Orphanet:2339""}"
ICD10CM:Q87.1	Congenital malformation syndromes predominantly associated with short stature	CONTAINER	MONDO:0010814	chondrodysplasia-pseudohermaphroditism syndrome	provenance-only:orphanet	89	no	KEEP-as-broadMatch	ICD code is CONTAINER; cannot be an exact equivalent	"{source=""Orphanet:1422"", source=""DOID:0060644""}"
ICD10CM:Q87.1	Congenital malformation syndromes predominantly associated with short stature	CONTAINER	MONDO:0011035	neurofibromatosis-Noonan syndrome	provenance-only:orphanet	89	no	KEEP-as-broadMatch	ICD code is CONTAINER; cannot be an exact equivalent	"{source=""Orphanet:638""}"
ICD10CM:Q87.1	Congenital malformation syndromes predominantly associated with short stature	CONTAINER	MONDO:0011046	short stature, Brussels type	provenance-only:orphanet	89	no	KEEP-as-broadMatch	ICD code is CONTAINER; cannot be an exact equivalent	"{source=""Orphanet:2867""}"
ICD10CM:Q87.1	Congenital malformation syndromes predominantly associated with short stature	CONTAINER	MONDO:0011227	short stature-auditory canal atresia-mandibular hypoplasia-skeletal anomalies syndrome	provenance-only:orphanet	89	no	KEEP-as-broadMatch	ICD code is CONTAINER; cannot be an exact equivalent	"{source=""Orphanet:397623""}"
ICD10CM:Q87.1	Congenital malformation syndromes predominantly associated with short stature	CONTAINER	MONDO:0011518	Wiedemann-Steiner syndrome	provenance-only:orphanet	89	no	KEEP-as-broadMatch	ICD code is CONTAINER; cannot be an exact equivalent	"{source=""Orphanet:319182""}"
ICD10CM:Q87.1	Congenital malformation syndromes predominantly associated with short stature	CONTAINER	MONDO:0011899	Noonan syndrome-like disorder with loose anagen hair	provenance-only:orphanet	89	no	KEEP-as-broadMatch	ICD code is CONTAINER; cannot be an exact equivalent	"{source=""Orphanet:2701""}"
ICD10CM:Q87.1	Congenital malformation syndromes predominantly associated with short stature	CONTAINER	MONDO:0012013	Weill-Marchesani syndrome 2, dominant	provenance-only:orphanet	89	no	KEEP-as-broadMatch	ICD code is CONTAINER; cannot be an exact equivalent	"{source=""Orphanet:2084""}"
ICD10CM:Q87.1	Congenital malformation syndromes predominantly associated with short stature	CONTAINER	MONDO:0013308	CBL-related disorder	provenance-only:orphanet	89	no	KEEP-as-broadMatch	ICD code is CONTAINER; cannot be an exact equivalent	"{source=""Orphanet:363972""}"
ICD10CM:Q87.1	Congenital malformation syndromes predominantly associated with short stature	CONTAINER	MONDO:0013873	IMAGe syndrome	provenance-only:orphanet	89	no	KEEP-as-broadMatch	ICD code is CONTAINER; cannot be an exact equivalent	"{source=""Orphanet:85173""}"
ICD10CM:Q87.1	Congenital malformation syndromes predominantly associated with short stature	CONTAINER	MONDO:0013889	short stature-optic atrophy-Pelger-Huët anomaly syndrome	provenance-only:orphanet	89	no	KEEP-as-broadMatch	ICD code is CONTAINER; cannot be an exact equivalent	"{source=""Orphanet:391677""}"
ICD10CM:Q87.1	Congenital malformation syndromes predominantly associated with short stature	CONTAINER	MONDO:0013894	short stature-onychodysplasia-facial dysmorphism-hypotrichosis syndrome	provenance-only:orphanet	89	no	KEEP-as-broadMatch	ICD code is CONTAINER; cannot be an exact equivalent	"{source=""Orphanet:314394""}"
ICD10CM:Q87.1	Congenital malformation syndromes predominantly associated with short stature	CONTAINER	MONDO:0013922	Seckel syndrome 7	provenance-only:orphanet	89	no	KEEP-as-broadMatch	ICD code is CONTAINER; cannot be an exact equivalent	"{source=""Orphanet:319675""}"
ICD10CM:Q87.1	Congenital malformation syndromes predominantly associated with short stature	CONTAINER	MONDO:0014031	microcephalic primordial dwarfism, Alazami type	provenance-only:orphanet	89	no	KEEP-as-broadMatch	ICD code is CONTAINER; cannot be an exact equivalent	"{source=""Orphanet:319671""}"
ICD10CM:Q87.1	Congenital malformation syndromes predominantly associated with short stature	CONTAINER	MONDO:0014043	microcephalic primordial dwarfism due to ZNF335 deficiency	provenance-only:orphanet	89	no	KEEP-as-broadMatch	ICD code is CONTAINER; cannot be an exact equivalent	"{source=""Orphanet:329228""}"
ICD10CM:Q87.1	Congenital malformation syndromes predominantly associated with short stature	CONTAINER	MONDO:0014058	facial dysmorphism-immunodeficiency-livedo-short stature syndrome	provenance-only:orphanet	89	no	KEEP-as-broadMatch	ICD code is CONTAINER; cannot be an exact equivalent	"{source=""Orphanet:352712""}"
ICD10CM:Q87.1	Congenital malformation syndromes predominantly associated with short stature	CONTAINER	MONDO:0014243	Schaaf-Yang syndrome	provenance-only:orphanet	89	no	KEEP-as-broadMatch	ICD code is CONTAINER; cannot be an exact equivalent	"{source=""Orphanet:398069""}"
ICD10CM:Q87.1	Congenital malformation syndromes predominantly associated with short stature	CONTAINER	MONDO:0014591	autosomal dominant Robinow syndrome 2	provenance-only:doid	89	no	KEEP-as-broadMatch	ICD code is CONTAINER; cannot be an exact equivalent	"{source=""DOID:0060765""}"
ICD10CM:Q87.1	Congenital malformation syndromes predominantly associated with short stature	CONTAINER	MONDO:0014819	autosomal dominant Robinow syndrome 3	provenance-only:doid	89	no	KEEP-as-broadMatch	ICD code is CONTAINER; cannot be an exact equivalent	"{source=""DOID:0060767""}"
ICD10CM:Q87.1	Congenital malformation syndromes predominantly associated with short stature	CONTAINER	MONDO:0015206	short stature-heart defect-craniofacial anomalies syndrome	provenance-only:orphanet	89	no	KEEP-as-broadMatch	ICD code is CONTAINER; cannot be an exact equivalent	"{source=""Orphanet:1088""}"
ICD10CM:Q87.1	Congenital malformation syndromes predominantly associated with short stature	CONTAINER	MONDO:0015452	Coffin-Siris syndrome	provenance-only:orphanet	89	no	KEEP-as-broadMatch	ICD code is CONTAINER; cannot be an exact equivalent	"{source=""Orphanet:1465""}"
ICD10CM:Q87.1	Congenital malformation syndromes predominantly associated with short stature	CONTAINER	MONDO:0015783	Prader-Willi syndrome due to paternal deletion of 15q11q13 type 1	provenance-only:orphanet	89	no	KEEP-as-broadMatch	ICD code is CONTAINER; cannot be an exact equivalent	"{source=""Orphanet:177901""}"
ICD10CM:Q87.1	Congenital malformation syndromes predominantly associated with short stature	CONTAINER	MONDO:0015784	Prader-Willi syndrome due to paternal deletion of 15q11q13 type 2	provenance-only:orphanet	89	no	KEEP-as-broadMatch	ICD code is CONTAINER; cannot be an exact equivalent	"{source=""Orphanet:177904""}"
ICD10CM:Q87.1	Congenital malformation syndromes predominantly associated with short stature	CONTAINER	MONDO:0015785	Prader-Willi syndrome due to translocation	provenance-only:orphanet	89	no	KEEP-as-broadMatch	ICD code is CONTAINER; cannot be an exact equivalent	"{source=""Orphanet:177907""}"
ICD10CM:Q87.1	Congenital malformation syndromes predominantly associated with short stature	CONTAINER	MONDO:0015786	Prader-Willi syndrome due to imprinting mutation	provenance-only:orphanet	89	no	KEEP-as-broadMatch	ICD code is CONTAINER; cannot be an exact equivalent	"{source=""Orphanet:177910""}"
ICD10CM:Q87.1	Congenital malformation syndromes predominantly associated with short stature	CONTAINER	MONDO:0016006	Cockayne syndrome	provenance-only:orphanet	89	no	KEEP-as-broadMatch	ICD code is CONTAINER; cannot be an exact equivalent	"{source=""Orphanet:191/inclusion"", source=""Orphanet:191"", source=""DOID:2962""}"
ICD10CM:Q87.1	Congenital malformation syndromes predominantly associated with short stature	CONTAINER	MONDO:0016033	Cornelia de Lange syndrome	provenance-only:orphanet	89	no	KEEP-as-broadMatch	ICD code is CONTAINER; cannot be an exact equivalent	"{source=""DOID:11725"", source=""Orphanet:199/inclusion"", source=""Orphanet:199""}"
ICD10CM:Q87.1	Congenital malformation syndromes predominantly associated with short stature	CONTAINER	MONDO:0016354	xeroderma pigmentosum-Cockayne syndrome complex	provenance-only:orphanet	89	no	KEEP-as-broadMatch	ICD code is CONTAINER; cannot be an exact equivalent	"{source=""Orphanet:220295"", source=""Orphanet:220295/nd""}"
ICD10CM:Q87.1	Congenital malformation syndromes predominantly associated with short stature	CONTAINER	MONDO:0016479	silver-Russell syndrome due to 7p11.2p13 microduplication	provenance-only:orphanet	89	no	KEEP-as-broadMatch	ICD code is CONTAINER; cannot be an exact equivalent	"{source=""Orphanet:231137""}"
ICD10CM:Q87.1	Congenital malformation syndromes predominantly associated with short stature	CONTAINER	MONDO:0016480	silver-Russell syndrome due to an imprinting defect of 11p15	provenance-only:orphanet	89	no	KEEP-as-broadMatch	ICD code is CONTAINER; cannot be an exact equivalent	"{source=""Orphanet:231140""}"
ICD10CM:Q87.1	Congenital malformation syndromes predominantly associated with short stature	CONTAINER	MONDO:0016481	silver-Russell syndrome due to 11p15 microduplication	provenance-only:orphanet	89	no	KEEP-as-broadMatch	ICD code is CONTAINER; cannot be an exact equivalent	"{source=""Orphanet:231144""}"
ICD10CM:Q87.1	Congenital malformation syndromes predominantly associated with short stature	CONTAINER	MONDO:0016482	silver-Russell syndrome due to maternal uniparental disomy of chromosome 11	provenance-only:orphanet	89	no	KEEP-as-broadMatch	ICD code is CONTAINER; cannot be an exact equivalent	"{source=""Orphanet:231147""}"
ICD10CM:Q87.1	Congenital malformation syndromes predominantly associated with short stature	CONTAINER	MONDO:0016516	Kenny-Caffey syndrome	provenance-only:orphanet	89	no	KEEP-as-broadMatch	ICD code is CONTAINER; cannot be an exact equivalent	"{source=""Orphanet:2333""}"
ICD10CM:Q87.1	Congenital malformation syndromes predominantly associated with short stature	CONTAINER	MONDO:0016817	Meier-Gorlin syndrome	provenance-only:orphanet	89	no	KEEP-as-broadMatch	ICD code is CONTAINER; cannot be an exact equivalent	"{source=""Orphanet:2554""}"
ICD10CM:Q87.1	Congenital malformation syndromes predominantly associated with short stature	CONTAINER	MONDO:0016994	microcephalic osteodysplastic primordial dwarfism types I and III	provenance-only:orphanet	89	no	KEEP-as-broadMatch	ICD code is CONTAINER; cannot be an exact equivalent	"{source=""Orphanet:2636""}"
ICD10CM:Q87.1	Congenital malformation syndromes predominantly associated with short stature	CONTAINER	MONDO:0017316	short stature-deafness-neutrophil dysfunction-dysmorphism syndrome	provenance-only:orphanet	89	no	KEEP-as-broadMatch	ICD code is CONTAINER; cannot be an exact equivalent	"{source=""Orphanet:2866""}"
ICD10CM:Q87.1	Congenital malformation syndromes predominantly associated with short stature	CONTAINER	MONDO:0018354	Prader-Willi-like syndrome	provenance-only:orphanet	89	no	KEEP-as-broadMatch	ICD code is CONTAINER; cannot be an exact equivalent	"{source=""Orphanet:398073""}"
ICD10CM:Q87.1	Congenital malformation syndromes predominantly associated with short stature	CONTAINER	MONDO:0018355	SIM1-related Prader-Willi-like syndrome	provenance-only:orphanet	89	no	KEEP-as-broadMatch	ICD code is CONTAINER; cannot be an exact equivalent	"{source=""Orphanet:398079""}"
ICD10CM:Q87.1	Congenital malformation syndromes predominantly associated with short stature	CONTAINER	MONDO:0018494	microcephaly-short stature-intellectual disability-facial dysmorphism syndrome	provenance-only:orphanet	89	no	KEEP-as-broadMatch	ICD code is CONTAINER; cannot be an exact equivalent	"{source=""Orphanet:423306""}"
ICD10CM:Q87.1	Congenital malformation syndromes predominantly associated with short stature	CONTAINER	MONDO:0018573	intrauterine growth restriction-short stature-early adult-onset diabetes syndrome	provenance-only:orphanet	89	no	KEEP-as-broadMatch	ICD code is CONTAINER; cannot be an exact equivalent	"{source=""Orphanet:436144""}"
ICD10CM:Q87.1	Congenital malformation syndromes predominantly associated with short stature	CONTAINER	MONDO:0018997	Noonan syndrome	provenance-only:orphanet	89	no	KEEP-as-broadMatch	ICD code is CONTAINER; cannot be an exact equivalent	"{source=""Orphanet:648/inclusion"", source=""Orphanet:648"", source=""DOID:3490""}"
ICD10CM:Q87.1	Congenital malformation syndromes predominantly associated with short stature	CONTAINER	MONDO:0019342	Seckel syndrome	provenance-only:orphanet	89	no	KEEP-as-broadMatch	ICD code is CONTAINER; cannot be an exact equivalent	"{source=""Orphanet:808/inclusion"", source=""DOID:0050569"", source=""Orphanet:808""}"
ICD10CM:Q87.1	Congenital malformation syndromes predominantly associated with short stature	CONTAINER	MONDO:0019913	silver-Russell syndrome due to maternal uniparental disomy of chromosome 7	provenance-only:orphanet	89	no	KEEP-as-broadMatch	ICD code is CONTAINER; cannot be an exact equivalent	"{source=""Orphanet:96182""}"
ICD10CM:Q87.1	Congenital malformation syndromes predominantly associated with short stature	CONTAINER	MONDO:0019978	Robinow syndrome	provenance-only:orphanet	89	no	KEEP-as-broadMatch	ICD code is CONTAINER; cannot be an exact equivalent	"{source=""DOID:0060254"", source=""Orphanet:97360/inclusion"", source=""Orphanet:97360""}"
ICD10CM:Q87.1	Congenital malformation syndromes predominantly associated with short stature	CONTAINER	MONDO:0020298	Prader-Willi syndrome due to maternal uniparental disomy of chromosome 15	provenance-only:orphanet	89	no	KEEP-as-broadMatch	ICD code is CONTAINER; cannot be an exact equivalent	"{source=""Orphanet:98754""}"
ICD10CM:Q87.1	Congenital malformation syndromes predominantly associated with short stature	CONTAINER	MONDO:0020301	Prader-Willi syndrome due to paternal 15q11q13 deletion	provenance-only:orphanet	89	no	KEEP-as-broadMatch	ICD code is CONTAINER; cannot be an exact equivalent	"{source=""Orphanet:98793""}"
ICD10CM:Q87.1	Congenital malformation syndromes predominantly associated with short stature	CONTAINER	MONDO:0021005	faciodigitogenital syndrome	provenance-only:other	89	no	KEEP-as-broadMatch	ICD code is CONTAINER; cannot be an exact equivalent	"{source=""Orphanet:915/inclusion""}"
ICD10CM:Q87.2	Congenital malformation syndromes predominantly involving limbs	CONTAINER	MONDO:0007034	Adams-Oliver syndrome	provenance-only:orphanet	61	no	KEEP-as-broadMatch	ICD code is CONTAINER; cannot be an exact equivalent	"{source=""Orphanet:974""}"
ICD10CM:Q87.2	Congenital malformation syndromes predominantly involving limbs	CONTAINER	MONDO:0007059	acrorenal syndrome	provenance-only:orphanet	61	no	KEEP-as-broadMatch	ICD code is CONTAINER; cannot be an exact equivalent	"{source=""Orphanet:971""}"
ICD10CM:Q87.2	Congenital malformation syndromes predominantly involving limbs	CONTAINER	MONDO:0007072	ADULT syndrome	provenance-only:orphanet	61	no	KEEP-as-broadMatch	ICD code is CONTAINER; cannot be an exact equivalent	"{source=""Orphanet:978""}"
ICD10CM:Q87.2	Congenital malformation syndromes predominantly involving limbs	CONTAINER	MONDO:0007073	Hypoglossia-hypodactyly syndrome	provenance-only:orphanet	61	no	KEEP-as-broadMatch	ICD code is CONTAINER; cannot be an exact equivalent	"{source=""Orphanet:989""}"
ICD10CM:Q87.2	Congenital malformation syndromes predominantly involving limbs	CONTAINER	MONDO:0007212	brachydactyly-long thumb syndrome	provenance-only:orphanet	61	no	KEEP-as-broadMatch	ICD code is CONTAINER; cannot be an exact equivalent	"{source=""Orphanet:2946""}"
ICD10CM:Q87.2	Congenital malformation syndromes predominantly involving limbs	CONTAINER	MONDO:0007334	autosomal dominant popliteal pterygium syndrome	provenance-only:orphanet	61	no	KEEP-as-broadMatch	ICD code is CONTAINER; cannot be an exact equivalent	"{source=""Orphanet:1300""}"
ICD10CM:Q87.2	Congenital malformation syndromes predominantly involving limbs	CONTAINER	MONDO:0007615	laurin-Sandrow syndrome	provenance-only:orphanet	61	no	KEEP-as-broadMatch	ICD code is CONTAINER; cannot be an exact equivalent	"{source=""Orphanet:2378""}"
ICD10CM:Q87.2	Congenital malformation syndromes predominantly involving limbs	CONTAINER	MONDO:0007702	heart-hand syndrome type 3	provenance-only:orphanet	61	no	KEEP-as-broadMatch	ICD code is CONTAINER; cannot be an exact equivalent	"{source=""Orphanet:1342""}"
ICD10CM:Q87.2	Congenital malformation syndromes predominantly involving limbs	CONTAINER	MONDO:0007732	Holt-Oram syndrome	provenance-only:orphanet	61	no	KEEP-as-broadMatch	ICD code is CONTAINER; cannot be an exact equivalent	"{source=""Orphanet:392/inclusion"", source=""DOID:0060468"", source=""Orphanet:392""}"
ICD10CM:Q87.2	Congenital malformation syndromes predominantly involving limbs	CONTAINER	MONDO:0007864	angioosteohypertrophic syndrome	provenance-only:orphanet	61	no	KEEP-as-broadMatch	ICD code is CONTAINER; cannot be an exact equivalent	"{source=""Orphanet:90308"", source=""Orphanet:2346"", source=""Orphanet:90308/inclusion"", source=""DOID:2926""}"
ICD10CM:Q87.2	Congenital malformation syndromes predominantly involving limbs	CONTAINER	MONDO:0008061	nail-patella syndrome	provenance-only:orphanet	61	no	KEEP-as-broadMatch	ICD code is CONTAINER; cannot be an exact equivalent	"{source=""Orphanet:2614/inclusion"", source=""Orphanet:2614"", source=""DOID:9467""}"
ICD10CM:Q87.2	Congenital malformation syndromes predominantly involving limbs	CONTAINER	MONDO:0008237	phocomelia-ectrodactyly-deafness-sinus arrhythmia syndrome	provenance-only:orphanet	61	no	KEEP-as-broadMatch	ICD code is CONTAINER; cannot be an exact equivalent	"{source=""Orphanet:2878""}"
ICD10CM:Q87.2	Congenital malformation syndromes predominantly involving limbs	CONTAINER	MONDO:0008268	polydactyly-myopia syndrome	provenance-only:orphanet	61	no	KEEP-as-broadMatch	ICD code is CONTAINER; cannot be an exact equivalent	"{source=""Orphanet:2917""}"
ICD10CM:Q87.2	Congenital malformation syndromes predominantly involving limbs	CONTAINER	MONDO:0008301	Guttmacher syndrome	provenance-only:orphanet	61	no	KEEP-as-broadMatch	ICD code is CONTAINER; cannot be an exact equivalent	"{source=""Orphanet:2957""}"
ICD10CM:Q87.2	Congenital malformation syndromes predominantly involving limbs	CONTAINER	MONDO:0008357	radial hypoplasia-triphalangeal thumbs-hypospadias-maxillary diastema syndrome	provenance-only:orphanet	61	no	KEEP-as-broadMatch	ICD code is CONTAINER; cannot be an exact equivalent	"{source=""Orphanet:2252""}"
ICD10CM:Q87.2	Congenital malformation syndromes predominantly involving limbs	CONTAINER	MONDO:0008393	Rubinstein-Taybi syndrome due to CREBBP mutations	provenance-only:orphanet	61	no	KEEP-as-broadMatch	ICD code is CONTAINER; cannot be an exact equivalent	"{source=""Orphanet:353277""}"
ICD10CM:Q87.2	Congenital malformation syndromes predominantly involving limbs	CONTAINER	MONDO:0008403	scalp defects-postaxial polydactyly syndrome	provenance-only:orphanet	61	no	KEEP-as-broadMatch	ICD code is CONTAINER; cannot be an exact equivalent	"{source=""Orphanet:1003""}"
ICD10CM:Q87.2	Congenital malformation syndromes predominantly involving limbs	CONTAINER	MONDO:0008466	Karsch-Neugebauer syndrome	provenance-only:orphanet	61	no	KEEP-as-broadMatch	ICD code is CONTAINER; cannot be an exact equivalent	"{source=""Orphanet:2329""}"
ICD10CM:Q87.2	Congenital malformation syndromes predominantly involving limbs	CONTAINER	MONDO:0008563	thumb stiffness-brachydactyly-intellectual disability syndrome	provenance-only:orphanet	61	no	KEEP-as-broadMatch	ICD code is CONTAINER; cannot be an exact equivalent	"{source=""Orphanet:1078""}"
ICD10CM:Q87.2	Congenital malformation syndromes predominantly involving limbs	CONTAINER	MONDO:0008572	tibia, hypoplasia or aplasia of, with polydactyly	provenance-only:orphanet	61	no	KEEP-as-broadMatch	ICD code is CONTAINER; cannot be an exact equivalent	"{source=""Orphanet:988""}"
ICD10CM:Q87.2	Congenital malformation syndromes predominantly involving limbs	CONTAINER	MONDO:0008642	VACTERL/vater association	provenance-only:orphanet	61	no	KEEP-as-broadMatch	ICD code is CONTAINER; cannot be an exact equivalent	"{source=""DOID:14679"", source=""Orphanet:887/inclusion"", source=""Orphanet:887""}"
ICD10CM:Q87.2	Congenital malformation syndromes predominantly involving limbs	CONTAINER	MONDO:0008800	microphthalmia with limb anomalies	provenance-only:orphanet	61	no	KEEP-as-broadMatch	ICD code is CONTAINER; cannot be an exact equivalent	"{source=""DOID:0060861"", source=""Orphanet:1106""}"
ICD10CM:Q87.2	Congenital malformation syndromes predominantly involving limbs	CONTAINER	MONDO:0008900	camptodactyly with fibrous tissue hyperplasia and skeletal dysplasia	provenance-only:orphanet	61	no	KEEP-as-broadMatch	ICD code is CONTAINER; cannot be an exact equivalent	"{source=""Orphanet:1321""}"
ICD10CM:Q87.2	Congenital malformation syndromes predominantly involving limbs	CONTAINER	MONDO:0008917	heart defects-limb shortening syndrome	provenance-only:orphanet	61	no	KEEP-as-broadMatch	ICD code is CONTAINER; cannot be an exact equivalent	"{source=""Orphanet:1354""}"
ICD10CM:Q87.2	Congenital malformation syndromes predominantly involving limbs	CONTAINER	MONDO:0009038	craniosynostosis-fibular aplasia syndrome	provenance-only:orphanet	61	no	KEEP-as-broadMatch	ICD code is CONTAINER; cannot be an exact equivalent	"{source=""Orphanet:1533""}"
ICD10CM:Q87.2	Congenital malformation syndromes predominantly involving limbs	CONTAINER	MONDO:0009080	split hand-foot malformation 1 with sensorineural hearing loss	provenance-only:orphanet	61	no	KEEP-as-broadMatch	ICD code is CONTAINER; cannot be an exact equivalent	"{source=""DOID:0090024"", source=""Orphanet:71271""}"
ICD10CM:Q87.2	Congenital malformation syndromes predominantly involving limbs	CONTAINER	MONDO:0009777	Oliver syndrome	provenance-only:orphanet	61	no	KEEP-as-broadMatch	ICD code is CONTAINER; cannot be an exact equivalent	"{source=""Orphanet:2920""}"
ICD10CM:Q87.2	Congenital malformation syndromes predominantly involving limbs	CONTAINER	MONDO:0009895	postaxial polydactyly-dental and vertebral anomalies syndrome	provenance-only:orphanet	61	no	KEEP-as-broadMatch	ICD code is CONTAINER; cannot be an exact equivalent	"{source=""Orphanet:2916""}"
ICD10CM:Q87.2	Congenital malformation syndromes predominantly involving limbs	CONTAINER	MONDO:0009901	Bartsocas-Papas syndrome 1	provenance-only:orphanet	61	no	KEEP-as-broadMatch	ICD code is CONTAINER; cannot be an exact equivalent	"{source=""Orphanet:1234""}"
ICD10CM:Q87.2	Congenital malformation syndromes predominantly involving limbs	CONTAINER	MONDO:0010121	thrombocytopenia-absent radius syndrome	provenance-only:orphanet	61	no	KEEP-as-broadMatch	ICD code is CONTAINER; cannot be an exact equivalent	"{source=""Orphanet:3320"", source=""Orphanet:3320/inclusion"", source=""DOID:14699""}"
ICD10CM:Q87.2	Congenital malformation syndromes predominantly involving limbs	CONTAINER	MONDO:0010164	phocomelia, Schinzel type	provenance-only:orphanet	61	no	KEEP-as-broadMatch	ICD code is CONTAINER; cannot be an exact equivalent	"{source=""Orphanet:2879""}"
ICD10CM:Q87.2	Congenital malformation syndromes predominantly involving limbs	CONTAINER	MONDO:0010165	ulna hypoplasia-intellectual disability syndrome	provenance-only:orphanet	61	no	KEEP-as-broadMatch	ICD code is CONTAINER; cannot be an exact equivalent	"{source=""Orphanet:2249""}"
ICD10CM:Q87.2	Congenital malformation syndromes predominantly involving limbs	CONTAINER	MONDO:0010279	terminal osseous dysplasia-pigmentary defects syndrome	provenance-only:orphanet	61	no	KEEP-as-broadMatch	ICD code is CONTAINER; cannot be an exact equivalent	"{source=""Orphanet:88630""}"
ICD10CM:Q87.2	Congenital malformation syndromes predominantly involving limbs	CONTAINER	MONDO:0010855	short tarsus-absence of lower eyelashes syndrome	provenance-only:orphanet	61	no	KEEP-as-broadMatch	ICD code is CONTAINER; cannot be an exact equivalent	"{source=""Orphanet:2832""}"
ICD10CM:Q87.2	Congenital malformation syndromes predominantly involving limbs	CONTAINER	MONDO:0010882	aphalangy-syndactyly-microcephaly syndrome	provenance-only:orphanet	61	no	KEEP-as-broadMatch	ICD code is CONTAINER; cannot be an exact equivalent	"{source=""Orphanet:1113""}"
ICD10CM:Q87.2	Congenital malformation syndromes predominantly involving limbs	CONTAINER	MONDO:0011081	dislocation of the hip-dysmorphism syndrome	provenance-only:orphanet	61	no	KEEP-as-broadMatch	ICD code is CONTAINER; cannot be an exact equivalent	"{source=""Orphanet:2412""}"
ICD10CM:Q87.2	Congenital malformation syndromes predominantly involving limbs	CONTAINER	MONDO:0011454	patent ductus arteriosus-bicuspid aortic valve-hand anomalies syndrome	provenance-only:orphanet	61	no	KEEP-as-broadMatch	ICD code is CONTAINER; cannot be an exact equivalent	"{source=""Orphanet:228190""}"
ICD10CM:Q87.2	Congenital malformation syndromes predominantly involving limbs	CONTAINER	MONDO:0011533	temtamy preaxial brachydactyly syndrome	provenance-only:orphanet	61	no	KEEP-as-broadMatch	ICD code is CONTAINER; cannot be an exact equivalent	"{source=""Orphanet:363417""}"
ICD10CM:Q87.2	Congenital malformation syndromes predominantly involving limbs	CONTAINER	MONDO:0011555	radio-ulnar synostosis-amegakaryocytic thrombocytopenia syndrome	provenance-only:orphanet	61	no	KEEP-as-broadMatch	ICD code is CONTAINER; cannot be an exact equivalent	"{source=""Orphanet:71289""}"
ICD10CM:Q87.2	Congenital malformation syndromes predominantly involving limbs	CONTAINER	MONDO:0012417	heart-hand syndrome, Slovenian type	provenance-only:orphanet	61	no	KEEP-as-broadMatch	ICD code is CONTAINER; cannot be an exact equivalent	"{source=""Orphanet:168796""}"
ICD10CM:Q87.2	Congenital malformation syndromes predominantly involving limbs	CONTAINER	MONDO:0012504	camptodactyly-tall stature-scoliosis-hearing loss syndrome	provenance-only:orphanet	61	no	KEEP-as-broadMatch	ICD code is CONTAINER; cannot be an exact equivalent	"{source=""Orphanet:85164""}"
ICD10CM:Q87.2	Congenital malformation syndromes predominantly involving limbs	CONTAINER	MONDO:0012519	Rubinstein-Taybi syndrome due to 16p13.3 microdeletion	provenance-only:orphanet	61	no	KEEP-as-broadMatch	ICD code is CONTAINER; cannot be an exact equivalent	"{source=""Orphanet:353281""}"
ICD10CM:Q87.2	Congenital malformation syndromes predominantly involving limbs	CONTAINER	MONDO:0012735	Temple-Baraitser syndrome	provenance-only:orphanet	61	no	KEEP-as-broadMatch	ICD code is CONTAINER; cannot be an exact equivalent	"{source=""Orphanet:420561""}"
ICD10CM:Q87.2	Congenital malformation syndromes predominantly involving limbs	CONTAINER	MONDO:0013352	intellectual disability-severe speech delay-mild dysmorphism syndrome	provenance-only:orphanet	61	no	KEEP-as-broadMatch	ICD code is CONTAINER; cannot be an exact equivalent	"{source=""Orphanet:391372""}"
ICD10CM:Q87.2	Congenital malformation syndromes predominantly involving limbs	CONTAINER	MONDO:0013364	Rubinstein-Taybi syndrome due to EP300 haploinsufficiency	provenance-only:orphanet	61	no	KEEP-as-broadMatch	ICD code is CONTAINER; cannot be an exact equivalent	"{source=""Orphanet:353284""}"
ICD10CM:Q87.2	Congenital malformation syndromes predominantly involving limbs	CONTAINER	MONDO:0013368	mammary-digital-nail syndrome	provenance-only:orphanet	61	no	KEEP-as-broadMatch	ICD code is CONTAINER; cannot be an exact equivalent	"{source=""Orphanet:238744""}"
ICD10CM:Q87.2	Congenital malformation syndromes predominantly involving limbs	CONTAINER	MONDO:0014069	syndactyly-camptodactyly and clinodactyly of fifth fingers-bifid toes syndrome	provenance-only:orphanet	61	no	KEEP-as-broadMatch	ICD code is CONTAINER; cannot be an exact equivalent	"{source=""Orphanet:357332""}"
ICD10CM:Q87.2	Congenital malformation syndromes predominantly involving limbs	CONTAINER	MONDO:0015284	heart-hand syndrome type 2	provenance-only:orphanet	61	no	KEEP-as-broadMatch	ICD code is CONTAINER; cannot be an exact equivalent	"{source=""Orphanet:1350""}"
ICD10CM:Q87.2	Congenital malformation syndromes predominantly involving limbs	CONTAINER	MONDO:0016432	heart-hand syndrome	provenance-only:orphanet	61	no	KEEP-as-broadMatch	ICD code is CONTAINER; cannot be an exact equivalent	"{source=""Orphanet:228184""}"
ICD10CM:Q87.2	Congenital malformation syndromes predominantly involving limbs	CONTAINER	MONDO:0016641	limb transversal defect-cardiac anomaly syndrome	provenance-only:orphanet	61	no	KEEP-as-broadMatch	ICD code is CONTAINER; cannot be an exact equivalent	"{source=""Orphanet:2492""}"
ICD10CM:Q87.2	Congenital malformation syndromes predominantly involving limbs	CONTAINER	MONDO:0016821	shoulder and girdle defects-familial intellectual disability syndrome	provenance-only:orphanet	61	no	KEEP-as-broadMatch	ICD code is CONTAINER; cannot be an exact equivalent	"{source=""Orphanet:2580""}"
ICD10CM:Q87.2	Congenital malformation syndromes predominantly involving limbs	CONTAINER	MONDO:0017377	preaxial polydactyly-colobomata-intellectual disability syndrome	provenance-only:orphanet	61	no	KEEP-as-broadMatch	ICD code is CONTAINER; cannot be an exact equivalent	"{source=""Orphanet:2921""}"
ICD10CM:Q87.2	Congenital malformation syndromes predominantly involving limbs	CONTAINER	MONDO:0017583	mirror polydactyly-vertebral segmentation-limbs defects syndrome	provenance-only:orphanet	61	no	KEEP-as-broadMatch	ICD code is CONTAINER; cannot be an exact equivalent	"{source=""Orphanet:3004""}"
ICD10CM:Q87.2	Congenital malformation syndromes predominantly involving limbs	CONTAINER	MONDO:0017682	intellectual disability-polydactyly-uncombable hair syndrome	provenance-only:orphanet	61	no	KEEP-as-broadMatch	ICD code is CONTAINER; cannot be an exact equivalent	"{source=""Orphanet:3082""}"
ICD10CM:Q87.2	Congenital malformation syndromes predominantly involving limbs	CONTAINER	MONDO:0017850	sirenomelia	provenance-only:orphanet	61	no	KEEP-as-broadMatch	ICD code is CONTAINER; cannot be an exact equivalent	"{source=""Orphanet:3169/inclusion"", source=""Orphanet:3169""}"
ICD10CM:Q87.2	Congenital malformation syndromes predominantly involving limbs	CONTAINER	MONDO:0018000	hereditary thrombocytosis with transverse limb defect	provenance-only:orphanet	61	no	KEEP-as-broadMatch	ICD code is CONTAINER; cannot be an exact equivalent	"{source=""Orphanet:329319""}"
ICD10CM:Q87.2	Congenital malformation syndromes predominantly involving limbs	CONTAINER	MONDO:0018001	inverse Klippel-Trenaunay syndrome	provenance-only:orphanet	61	no	KEEP-as-broadMatch	ICD code is CONTAINER; cannot be an exact equivalent	"{source=""Orphanet:329324/inclusion"", source=""Orphanet:329324""}"
ICD10CM:Q87.2	Congenital malformation syndromes predominantly involving limbs	CONTAINER	MONDO:0018122	digital anomalies-intellectual disability-short stature syndrome	provenance-only:orphanet	61	no	KEEP-as-broadMatch	ICD code is CONTAINER; cannot be an exact equivalent	"{source=""Orphanet:352487""}"
ICD10CM:Q87.2	Congenital malformation syndromes predominantly involving limbs	CONTAINER	MONDO:0018249	finger hyperphalangy - toe anomalies - severe pectus excavatum syndrome	provenance-only:orphanet	61	no	KEEP-as-broadMatch	ICD code is CONTAINER; cannot be an exact equivalent	"{source=""Orphanet:369979""}"
ICD10CM:Q87.2	Congenital malformation syndromes predominantly involving limbs	CONTAINER	MONDO:0019188	Rubinstein-Taybi syndrome	provenance-only:orphanet	61	no	KEEP-as-broadMatch	ICD code is CONTAINER; cannot be an exact equivalent	"{source=""DOID:1933"", source=""Orphanet:783/inclusion"", source=""Orphanet:783""}"
ICD10CM:Q87.2	Congenital malformation syndromes predominantly involving limbs	CONTAINER	MONDO:0020783	capillary malformation-arteriovenous malformation 1	provenance-only:orphanet	61	no	KEEP-as-broadMatch	ICD code is CONTAINER; cannot be an exact equivalent	"{source=""Orphanet:90307""}"
ICD10CM:Q87.3	Congenital malformation syndromes involving early overgrowth	CONTAINER	MONDO:0007534	Beckwith-Wiedemann syndrome	provenance-only:orphanet	30	no	KEEP-as-broadMatch	ICD code is CONTAINER; cannot be an exact equivalent	"{source=""Orphanet:116"", source=""Orphanet:116/inclusion"", source=""DOID:5572""}"
ICD10CM:Q87.3	Congenital malformation syndromes involving early overgrowth	CONTAINER	MONDO:0008008	MOMO syndrome	provenance-only:orphanet	30	no	KEEP-as-broadMatch	ICD code is CONTAINER; cannot be an exact equivalent	"{source=""Orphanet:2563""}"
ICD10CM:Q87.3	Congenital malformation syndromes involving early overgrowth	CONTAINER	MONDO:0008318	Proteus syndrome	provenance-only:orphanet	30	no	KEEP-as-broadMatch	ICD code is CONTAINER; cannot be an exact equivalent	"{source=""Orphanet:744""}"
ICD10CM:Q87.3	Congenital malformation syndromes involving early overgrowth	CONTAINER	MONDO:0009331	isolated hemihyperplasia	provenance-only:orphanet	30	no	KEEP-as-broadMatch	ICD code is CONTAINER; cannot be an exact equivalent	"{source=""Orphanet:2128""}"
ICD10CM:Q87.3	Congenital malformation syndromes involving early overgrowth	CONTAINER	MONDO:0009406	hypertrichotic osteochondrodysplasia Cantu type	provenance-only:orphanet	30	no	KEEP-as-broadMatch	ICD code is CONTAINER; cannot be an exact equivalent	"{source=""Orphanet:1517""}"
ICD10CM:Q87.3	Congenital malformation syndromes involving early overgrowth	CONTAINER	MONDO:0009965	Perlman syndrome	provenance-only:orphanet	30	no	KEEP-as-broadMatch	ICD code is CONTAINER; cannot be an exact equivalent	"{source=""DOID:0060476"", source=""Orphanet:2849""}"
ICD10CM:Q87.3	Congenital malformation syndromes involving early overgrowth	CONTAINER	MONDO:0010193	Weaver syndrome	provenance-only:orphanet	30	no	KEEP-as-broadMatch	ICD code is CONTAINER; cannot be an exact equivalent	"{source=""Orphanet:3447/inclusion"", source=""Orphanet:3447""}"
ICD10CM:Q87.3	Congenital malformation syndromes involving early overgrowth	CONTAINER	MONDO:0010265	Simpson-Golabi-Behmel syndrome type 2	provenance-only:orphanet	30	no	KEEP-as-broadMatch	ICD code is CONTAINER; cannot be an exact equivalent	"{source=""Orphanet:79022""}"
ICD10CM:Q87.3	Congenital malformation syndromes involving early overgrowth	CONTAINER	MONDO:0010731	Simpson-Golabi-Behmel syndrome	provenance-only:orphanet	30	no	KEEP-as-broadMatch	ICD code is CONTAINER; cannot be an exact equivalent	"{source=""Orphanet:373""}"
ICD10CM:Q87.3	Congenital malformation syndromes involving early overgrowth	CONTAINER	MONDO:0011240	megalencephaly-capillary malformation-polymicrogyria syndrome	provenance-only:orphanet	30	no	KEEP-as-broadMatch	ICD code is CONTAINER; cannot be an exact equivalent	"{source=""Orphanet:60040""}"
ICD10CM:Q87.3	Congenital malformation syndromes involving early overgrowth	CONTAINER	MONDO:0011244	Marshall-Smith syndrome	provenance-only:orphanet	30	no	KEEP-as-broadMatch	ICD code is CONTAINER; cannot be an exact equivalent	"{source=""Orphanet:561""}"
ICD10CM:Q87.3	Congenital malformation syndromes involving early overgrowth	CONTAINER	MONDO:0013038	CLOVES syndrome	provenance-only:orphanet	30	no	KEEP-as-broadMatch	ICD code is CONTAINER; cannot be an exact equivalent	"{source=""DOID:0080351"", source=""Orphanet:140944""}"
ICD10CM:Q87.3	Congenital malformation syndromes involving early overgrowth	CONTAINER	MONDO:0013125	CLAPO syndrome	provenance-only:orphanet	30	no	KEEP-as-broadMatch	ICD code is CONTAINER; cannot be an exact equivalent	"{source=""Orphanet:168984""}"
ICD10CM:Q87.3	Congenital malformation syndromes involving early overgrowth	CONTAINER	MONDO:0013357	chromosome 17q11.2 deletion syndrome, 1.4Mb	provenance-only:orphanet	30	no	KEEP-as-broadMatch	ICD code is CONTAINER; cannot be an exact equivalent	"{source=""Orphanet:137634""}"
ICD10CM:Q87.3	Congenital malformation syndromes involving early overgrowth	CONTAINER	MONDO:0013885	Malan overgrowth syndrome	provenance-only:orphanet	30	no	KEEP-as-broadMatch	ICD code is CONTAINER; cannot be an exact equivalent	"{source=""Orphanet:420179""}"
ICD10CM:Q87.3	Congenital malformation syndromes involving early overgrowth	CONTAINER	MONDO:0014382	Tatton-Brown-Rahman overgrowth syndrome	provenance-only:orphanet	30	no	KEEP-as-broadMatch	ICD code is CONTAINER; cannot be an exact equivalent	"{source=""Orphanet:404443""}"
ICD10CM:Q87.3	Congenital malformation syndromes involving early overgrowth	CONTAINER	MONDO:0016475	Beckwith-Wiedemann syndrome due to imprinting defect of 11p15	provenance-only:orphanet	30	no	KEEP-as-broadMatch	ICD code is CONTAINER; cannot be an exact equivalent	"{source=""Orphanet:231117""}"
ICD10CM:Q87.3	Congenital malformation syndromes involving early overgrowth	CONTAINER	MONDO:0016476	Beckwith-Wiedemann syndrome due to CDKN1C mutation	provenance-only:orphanet	30	no	KEEP-as-broadMatch	ICD code is CONTAINER; cannot be an exact equivalent	"{source=""Orphanet:231120""}"
ICD10CM:Q87.3	Congenital malformation syndromes involving early overgrowth	CONTAINER	MONDO:0016477	Beckwith-Wiedemann syndrome due to 11p15 microdeletion	provenance-only:orphanet	30	no	KEEP-as-broadMatch	ICD code is CONTAINER; cannot be an exact equivalent	"{source=""Orphanet:231127""}"
ICD10CM:Q87.3	Congenital malformation syndromes involving early overgrowth	CONTAINER	MONDO:0016478	Beckwith-Wiedemann syndrome due to 11p15 translocation/inversion	provenance-only:orphanet	30	no	KEEP-as-broadMatch	ICD code is CONTAINER; cannot be an exact equivalent	"{source=""Orphanet:231130""}"
ICD10CM:Q87.3	Congenital malformation syndromes involving early overgrowth	CONTAINER	MONDO:0016547	Beckwith-Wiedemann syndrome due to NSD1 mutation	provenance-only:orphanet	30	no	KEEP-as-broadMatch	ICD code is CONTAINER; cannot be an exact equivalent	"{source=""Orphanet:238613""}"
ICD10CM:Q87.3	Congenital malformation syndromes involving early overgrowth	CONTAINER	MONDO:0017177	hemihyperplasia-multiple lipomatosis syndrome	provenance-only:orphanet	30	no	KEEP-as-broadMatch	ICD code is CONTAINER; cannot be an exact equivalent	"{source=""Orphanet:276280""}"
ICD10CM:Q87.3	Congenital malformation syndromes involving early overgrowth	CONTAINER	MONDO:0017571	Proteus-like syndrome	provenance-only:orphanet	30	no	KEEP-as-broadMatch	ICD code is CONTAINER; cannot be an exact equivalent	"{source=""Orphanet:2969""}"
ICD10CM:Q87.3	Congenital malformation syndromes involving early overgrowth	CONTAINER	MONDO:0017806	15q overgrowth syndrome	provenance-only:orphanet	30	no	KEEP-as-broadMatch	ICD code is CONTAINER; cannot be an exact equivalent	"{source=""Orphanet:314585""}"
ICD10CM:Q87.3	Congenital malformation syndromes involving early overgrowth	CONTAINER	MONDO:0018445	global developmental delay - lung cysts - overgrowth - Wilms tumor syndrome	provenance-only:orphanet	30	no	KEEP-as-broadMatch	ICD code is CONTAINER; cannot be an exact equivalent	"{source=""Orphanet:404476""}"
ICD10CM:Q87.3	Congenital malformation syndromes involving early overgrowth	CONTAINER	MONDO:0019349	Sotos syndrome	provenance-only:orphanet	30	no	KEEP-as-broadMatch	ICD code is CONTAINER; cannot be an exact equivalent	"{source=""Orphanet:821/inclusion"", source=""DOID:14748"", source=""Orphanet:821""}"
ICD10CM:Q87.3	Congenital malformation syndromes involving early overgrowth	CONTAINER	MONDO:0019716	overgrowth syndrome	orphanet-specific	30	no	KEEP-as-broadMatch	ICD code is CONTAINER; cannot be an exact equivalent	"{source=""Orphanet:93460"", source=""Orphanet:93460/e"", source=""Orphanet:93460/specific""}"
ICD10CM:Q87.3	Congenital malformation syndromes involving early overgrowth	CONTAINER	MONDO:0019875	Beckwith-Wiedemann syndrome due to 11p15 microduplication	provenance-only:orphanet	30	no	KEEP-as-broadMatch	ICD code is CONTAINER; cannot be an exact equivalent	"{source=""Orphanet:96076""}"
ICD10CM:Q87.3	Congenital malformation syndromes involving early overgrowth	CONTAINER	MONDO:0019923	Beckwith-Wiedemann syndrome due to paternal uniparental disomy of chromosome 11	provenance-only:orphanet	30	no	KEEP-as-broadMatch	ICD code is CONTAINER; cannot be an exact equivalent	"{source=""Orphanet:96193""}"
ICD10CM:Q87.3	Congenital malformation syndromes involving early overgrowth	CONTAINER	MONDO:0035592	congenital infiltrating lipomatosis of the face	narrowerThanSource	30	no	KEEP-as-broadMatch	ICD code is CONTAINER; cannot be an exact equivalent	"{source=""MONDO:mondoIsNarrowerThanSource"", source=""Orphanet:583097""}"
ICD10CM:Q87.40	Marfan syndrome, unspecified	RESIDUAL	MONDO:0007947	Marfan syndrome	provenance-only:doid	1	match	KEEP-as-broadMatch	ICD code is RESIDUAL; cannot be an exact equivalent	"{source=""DOID:14323""}"
ICD10CM:Q87.5	Other congenital malformation syndromes with other skeletal changes	RESIDUAL	MONDO:0007160	Stickler syndrome type 1	provenance-only:orphanet	37	no	KEEP-as-broadMatch	ICD code is RESIDUAL; cannot be an exact equivalent	"{source=""Orphanet:90653""}"
ICD10CM:Q87.5	Other congenital malformation syndromes with other skeletal changes	RESIDUAL	MONDO:0007177	auriculoosteodysplasia	provenance-only:orphanet	37	no	KEEP-as-broadMatch	ICD code is RESIDUAL; cannot be an exact equivalent	"{source=""Orphanet:114""}"
ICD10CM:Q87.5	Other congenital malformation syndromes with other skeletal changes	RESIDUAL	MONDO:0007537	lateral meningocele syndrome	provenance-only:orphanet	37	no	KEEP-as-broadMatch	ICD code is RESIDUAL; cannot be an exact equivalent	"{source=""Orphanet:2789""}"
ICD10CM:Q87.5	Other congenital malformation syndromes with other skeletal changes	RESIDUAL	MONDO:0007584	exostoses-anetodermia-brachydactyly type E syndrome	provenance-only:orphanet	37	no	KEEP-as-broadMatch	ICD code is RESIDUAL; cannot be an exact equivalent	"{source=""Orphanet:1962""}"
ICD10CM:Q87.5	Other congenital malformation syndromes with other skeletal changes	RESIDUAL	MONDO:0007683	Grant syndrome	provenance-only:orphanet	37	no	KEEP-as-broadMatch	ICD code is RESIDUAL; cannot be an exact equivalent	"{source=""Orphanet:2097""}"
ICD10CM:Q87.5	Other congenital malformation syndromes with other skeletal changes	RESIDUAL	MONDO:0007998	microspherophakia-metaphyseal dysplasia syndrome	provenance-only:orphanet	37	no	KEEP-as-broadMatch	ICD code is RESIDUAL; cannot be an exact equivalent	"{source=""Orphanet:2551""}"
ICD10CM:Q87.5	Other congenital malformation syndromes with other skeletal changes	RESIDUAL	MONDO:0008217	pelvis-shoulder dysplasia	provenance-only:orphanet	37	no	KEEP-as-broadMatch	ICD code is RESIDUAL; cannot be an exact equivalent	"{source=""Orphanet:2839""}"
ICD10CM:Q87.5	Other congenital malformation syndromes with other skeletal changes	RESIDUAL	MONDO:0008490	otospondylomegaepiphyseal dysplasia, autosomal dominant	provenance-only:orphanet	37	no	KEEP-as-broadMatch	ICD code is RESIDUAL; cannot be an exact equivalent	"{source=""Orphanet:166100""}"
ICD10CM:Q87.5	Other congenital malformation syndromes with other skeletal changes	RESIDUAL	MONDO:0008650	posterior fusion of lumbosacral vertebrae-blepharoptosis syndrome	provenance-only:orphanet	37	no	KEEP-as-broadMatch	ICD code is RESIDUAL; cannot be an exact equivalent	"{source=""Orphanet:2064""}"
ICD10CM:Q87.5	Other congenital malformation syndromes with other skeletal changes	RESIDUAL	MONDO:0008884	oculoosteocutaneous syndrome	provenance-only:orphanet	37	no	KEEP-as-broadMatch	ICD code is RESIDUAL; cannot be an exact equivalent	"{source=""Orphanet:2713""}"
ICD10CM:Q87.5	Other congenital malformation syndromes with other skeletal changes	RESIDUAL	MONDO:0009028	Crane-Heise syndrome	provenance-only:orphanet	37	no	KEEP-as-broadMatch	ICD code is RESIDUAL; cannot be an exact equivalent	"{source=""Orphanet:1512""}"
ICD10CM:Q87.5	Other congenital malformation syndromes with other skeletal changes	RESIDUAL	MONDO:0009032	cranioectodermal dysplasia	provenance-only:orphanet	37	no	KEEP-as-broadMatch	ICD code is RESIDUAL; cannot be an exact equivalent	"{source=""Orphanet:1515""}"
ICD10CM:Q87.5	Other congenital malformation syndromes with other skeletal changes	RESIDUAL	MONDO:0009191	Lowry-Wood syndrome	provenance-only:orphanet	37	no	KEEP-as-broadMatch	ICD code is RESIDUAL; cannot be an exact equivalent	"{source=""Orphanet:1824""}"
ICD10CM:Q87.5	Other congenital malformation syndromes with other skeletal changes	RESIDUAL	MONDO:0009557	mandibuloacral dysplasia with type A lipodystrophy	provenance-only:orphanet	37	no	KEEP-as-broadMatch	ICD code is RESIDUAL; cannot be an exact equivalent	"{source=""Orphanet:90153""}"
ICD10CM:Q87.5	Other congenital malformation syndromes with other skeletal changes	RESIDUAL	MONDO:0009820	osteoporosis-pseudoglioma syndrome	provenance-only:orphanet	37	no	KEEP-as-broadMatch	ICD code is RESIDUAL; cannot be an exact equivalent	"{source=""Orphanet:2788"", source=""DOID:0060849""}"
ICD10CM:Q87.5	Other congenital malformation syndromes with other skeletal changes	RESIDUAL	MONDO:0009822	otoonychoperoneal syndrome	provenance-only:orphanet	37	no	KEEP-as-broadMatch	ICD code is RESIDUAL; cannot be an exact equivalent	"{source=""Orphanet:2793""}"
ICD10CM:Q87.5	Other congenital malformation syndromes with other skeletal changes	RESIDUAL	MONDO:0009845	pelviscapular dysplasia	provenance-only:orphanet	37	no	KEEP-as-broadMatch	ICD code is RESIDUAL; cannot be an exact equivalent	"{source=""Orphanet:93333""}"
ICD10CM:Q87.5	Other congenital malformation syndromes with other skeletal changes	RESIDUAL	MONDO:0009964	short-rib thoracic dysplasia 9 with or without polydactyly	provenance-only:orphanet	37	no	KEEP-as-broadMatch	ICD code is RESIDUAL; cannot be an exact equivalent	"{source=""Orphanet:140969"", source=""DOID:0110097""}"
ICD10CM:Q87.5	Other congenital malformation syndromes with other skeletal changes	RESIDUAL	MONDO:0010538	Mononen-Karnes-Senac syndrome	provenance-only:orphanet	37	no	KEEP-as-broadMatch	ICD code is RESIDUAL; cannot be an exact equivalent	"{source=""DOID:0110973"", source=""Orphanet:2565""}"
ICD10CM:Q87.5	Other congenital malformation syndromes with other skeletal changes	RESIDUAL	MONDO:0010653	Renpenning syndrome	provenance-only:orphanet	37	no	KEEP-as-broadMatch	ICD code is RESIDUAL; cannot be an exact equivalent	"{source=""DOID:0060179"", source=""Orphanet:3242""}"
ICD10CM:Q87.5	Other congenital malformation syndromes with other skeletal changes	RESIDUAL	MONDO:0010668	skeletal dysplasia-intellectual disability syndrome	provenance-only:orphanet	37	no	KEEP-as-broadMatch	ICD code is RESIDUAL; cannot be an exact equivalent	"{source=""Orphanet:1436""}"
ICD10CM:Q87.5	Other congenital malformation syndromes with other skeletal changes	RESIDUAL	MONDO:0011011	skeletal dysplasia-epilepsy-short stature syndrome	provenance-only:orphanet	37	no	KEEP-as-broadMatch	ICD code is RESIDUAL; cannot be an exact equivalent	"{source=""Orphanet:1858""}"
ICD10CM:Q87.5	Other congenital malformation syndromes with other skeletal changes	RESIDUAL	MONDO:0011493	Stickler syndrome type 2	provenance-only:orphanet	37	no	KEEP-as-broadMatch	ICD code is RESIDUAL; cannot be an exact equivalent	"{source=""Orphanet:90654""}"
ICD10CM:Q87.5	Other congenital malformation syndromes with other skeletal changes	RESIDUAL	MONDO:0011604	spondylo-ocular syndrome	provenance-only:orphanet	37	no	KEEP-as-broadMatch	ICD code is RESIDUAL; cannot be an exact equivalent	"{source=""Orphanet:85194""}"
ICD10CM:Q87.5	Other congenital malformation syndromes with other skeletal changes	RESIDUAL	MONDO:0012074	mandibuloacral dysplasia with type B lipodystrophy	provenance-only:orphanet	37	no	KEEP-as-broadMatch	ICD code is RESIDUAL; cannot be an exact equivalent	"{source=""Orphanet:90154""}"
ICD10CM:Q87.5	Other congenital malformation syndromes with other skeletal changes	RESIDUAL	MONDO:0013740	lethal occipital encephalocele-skeletal dysplasia syndrome	provenance-only:orphanet	37	no	KEEP-as-broadMatch	ICD code is RESIDUAL; cannot be an exact equivalent	"{source=""Orphanet:293925""}"
ICD10CM:Q87.5	Other congenital malformation syndromes with other skeletal changes	RESIDUAL	MONDO:0014061	Steel syndrome	provenance-only:orphanet	37	no	KEEP-as-broadMatch	ICD code is RESIDUAL; cannot be an exact equivalent	"{source=""Orphanet:438117""}"
ICD10CM:Q87.5	Other congenital malformation syndromes with other skeletal changes	RESIDUAL	MONDO:0014284	short-rib thoracic dysplasia 10 with or without polydactyly	provenance-only:doid	37	no	KEEP-as-broadMatch	ICD code is RESIDUAL; cannot be an exact equivalent	"{source=""DOID:0110091""}"
ICD10CM:Q87.5	Other congenital malformation syndromes with other skeletal changes	RESIDUAL	MONDO:0014314	sacral agenesis-abnormal ossification of the vertebral bodies-persistent notochordal canal syndrome	provenance-only:orphanet	37	no	KEEP-as-broadMatch	ICD code is RESIDUAL; cannot be an exact equivalent	"{source=""Orphanet:397927""}"
ICD10CM:Q87.5	Other congenital malformation syndromes with other skeletal changes	RESIDUAL	MONDO:0014380	colobomatous microphthalmia-rhizomelic dysplasia syndrome	provenance-only:orphanet	37	no	KEEP-as-broadMatch	ICD code is RESIDUAL; cannot be an exact equivalent	"{source=""Orphanet:424099""}"
ICD10CM:Q87.5	Other congenital malformation syndromes with other skeletal changes	RESIDUAL	MONDO:0015086	cloverleaf skull-asphyxiating thoracic dysplasia syndrome	provenance-only:orphanet	37	no	KEEP-as-broadMatch	ICD code is RESIDUAL; cannot be an exact equivalent	"{source=""Orphanet:100978""}"
ICD10CM:Q87.5	Other congenital malformation syndromes with other skeletal changes	RESIDUAL	MONDO:0015462	thin ribs-tubular bones-dysmorphism syndrome	provenance-only:orphanet	37	no	KEEP-as-broadMatch	ICD code is RESIDUAL; cannot be an exact equivalent	"{source=""Orphanet:1506""}"
ICD10CM:Q87.5	Other congenital malformation syndromes with other skeletal changes	RESIDUAL	MONDO:0016584	mandibuloacral dysplasia	provenance-only:orphanet	37	no	KEEP-as-broadMatch	ICD code is RESIDUAL; cannot be an exact equivalent	"{source=""Orphanet:2457""}"
ICD10CM:Q87.5	Other congenital malformation syndromes with other skeletal changes	RESIDUAL	MONDO:0017139	oromandibular-limb hypogenesis syndrome	provenance-only:orphanet	37	no	KEEP-as-broadMatch	ICD code is RESIDUAL; cannot be an exact equivalent	"{source=""Orphanet:2749""}"
ICD10CM:Q87.5	Other congenital malformation syndromes with other skeletal changes	RESIDUAL	MONDO:0019406	craniofacial conodysplasia	provenance-only:orphanet	37	no	KEEP-as-broadMatch	ICD code is RESIDUAL; cannot be an exact equivalent	"{source=""Orphanet:85168""}"
ICD10CM:Q87.5	Other congenital malformation syndromes with other skeletal changes	RESIDUAL	MONDO:0019603	osteopenia-myopia-hearing loss-intellectual disability-facial dysmorphism syndrome	provenance-only:orphanet	37	no	KEEP-as-broadMatch	ICD code is RESIDUAL; cannot be an exact equivalent	"{source=""Orphanet:91133""}"
ICD10CM:Q87.5	Other congenital malformation syndromes with other skeletal changes	RESIDUAL	MONDO:0800436	craniofacial dysmorphism, skeletal anomalies, and impaired intellectual development 1	provenance-only:orphanet	37	no	KEEP-as-broadMatch	ICD code is RESIDUAL; cannot be an exact equivalent	"{source=""Orphanet:1394""}"
ICD10CM:Q87.8	Other specified congenital malformation syndromes, not elsewhere classified	RESIDUAL	MONDO:0000179	Neu-Laxova syndrome	unqualified	425	no	KEEP-as-broadMatch	ICD code is RESIDUAL; cannot be an exact equivalent	
ICD10CM:Q87.8	Other specified congenital malformation syndromes, not elsewhere classified	RESIDUAL	MONDO:0000200	Zimmermann-Laband syndrome	provenance-only:orphanet	425	no	KEEP-as-broadMatch	ICD code is RESIDUAL; cannot be an exact equivalent	"{source=""Orphanet:3473""}"
ICD10CM:Q87.8	Other specified congenital malformation syndromes, not elsewhere classified	RESIDUAL	MONDO:0006037	hydrolethalus syndrome	provenance-only:orphanet	425	no	KEEP-as-broadMatch	ICD code is RESIDUAL; cannot be an exact equivalent	"{source=""Orphanet:2189"", source=""EFO:1000033"", source=""DOID:0050779""}"
ICD10CM:Q87.8	Other specified congenital malformation syndromes, not elsewhere classified	RESIDUAL	MONDO:0007029	branchio-oto-renal syndrome	provenance-only:orphanet	425	no	KEEP-as-broadMatch	ICD code is RESIDUAL; cannot be an exact equivalent	"{source=""Orphanet:107""}"
ICD10CM:Q87.8	Other specified congenital malformation syndromes, not elsewhere classified	RESIDUAL	MONDO:0007085	alopecia-epilepsy-pyorrhea-intellectual disability syndrome	provenance-only:orphanet	425	no	KEEP-as-broadMatch	ICD code is RESIDUAL; cannot be an exact equivalent	"{source=""Orphanet:1008""}"
ICD10CM:Q87.8	Other specified congenital malformation syndromes, not elsewhere classified	RESIDUAL	MONDO:0007086	autosomal dominant Alport syndrome	provenance-only:orphanet	425	no	KEEP-as-broadMatch	ICD code is RESIDUAL; cannot be an exact equivalent	"{source=""Orphanet:88918""}"
ICD10CM:Q87.8	Other specified congenital malformation syndromes, not elsewhere classified	RESIDUAL	MONDO:0007120	aniridia-absent patella syndrome	provenance-only:orphanet	425	no	KEEP-as-broadMatch	ICD code is RESIDUAL; cannot be an exact equivalent	"{source=""Orphanet:1069""}"
ICD10CM:Q87.8	Other specified congenital malformation syndromes, not elsewhere classified	RESIDUAL	MONDO:0007142	Townes-Brocks syndrome	provenance-only:orphanet	425	no	KEEP-as-broadMatch	ICD code is RESIDUAL; cannot be an exact equivalent	"{source=""Orphanet:857""}"
ICD10CM:Q87.8	Other specified congenital malformation syndromes, not elsewhere classified	RESIDUAL	MONDO:0007143	aortic arch anomaly-facial dysmorphism-intellectual disability syndrome	provenance-only:orphanet	425	no	KEEP-as-broadMatch	ICD code is RESIDUAL; cannot be an exact equivalent	"{source=""Orphanet:1110""}"
ICD10CM:Q87.8	Other specified congenital malformation syndromes, not elsewhere classified	RESIDUAL	MONDO:0007187	nevoid basal cell carcinoma syndrome	provenance-only:orphanet	425	no	KEEP-as-broadMatch	ICD code is RESIDUAL; cannot be an exact equivalent	"{source=""Orphanet:377""}"
ICD10CM:Q87.8	Other specified congenital malformation syndromes, not elsewhere classified	RESIDUAL	MONDO:0007226	brachydactyly-nystagmus-cerebellar ataxia syndrome	provenance-only:orphanet	425	no	KEEP-as-broadMatch	ICD code is RESIDUAL; cannot be an exact equivalent	"{source=""Orphanet:1246""}"
ICD10CM:Q87.8	Other specified congenital malformation syndromes, not elsewhere classified	RESIDUAL	MONDO:0007277	cataract-aberrant oral frenula-growth delay syndrome	provenance-only:orphanet	425	no	KEEP-as-broadMatch	ICD code is RESIDUAL; cannot be an exact equivalent	"{source=""Orphanet:1373""}"
ICD10CM:Q87.8	Other specified congenital malformation syndromes, not elsewhere classified	RESIDUAL	MONDO:0007301	cerebrocostomandibular syndrome	provenance-only:orphanet	425	no	KEEP-as-broadMatch	ICD code is RESIDUAL; cannot be an exact equivalent	"{source=""Orphanet:1393""}"
ICD10CM:Q87.8	Other specified congenital malformation syndromes, not elsewhere classified	RESIDUAL	MONDO:0007337	cleft palate-lateral synechia syndrome	provenance-only:orphanet	425	no	KEEP-as-broadMatch	ICD code is RESIDUAL; cannot be an exact equivalent	"{source=""Orphanet:2016""}"
ICD10CM:Q87.8	Other specified congenital malformation syndromes, not elsewhere classified	RESIDUAL	MONDO:0007339	blepharocheilodontic syndrome	provenance-only:orphanet	425	no	KEEP-as-broadMatch	ICD code is RESIDUAL; cannot be an exact equivalent	"{source=""Orphanet:1997""}"
ICD10CM:Q87.8	Other specified congenital malformation syndromes, not elsewhere classified	RESIDUAL	MONDO:0007382	Ramos-Arroyo syndrome	provenance-only:orphanet	425	no	KEEP-as-broadMatch	ICD code is RESIDUAL; cannot be an exact equivalent	"{source=""Orphanet:1051""}"
ICD10CM:Q87.8	Other specified congenital malformation syndromes, not elsewhere classified	RESIDUAL	MONDO:0007400	Jackson-Weiss syndrome	provenance-only:orphanet	425	no	KEEP-as-broadMatch	ICD code is RESIDUAL; cannot be an exact equivalent	"{source=""Orphanet:1540""}"
ICD10CM:Q87.8	Other specified congenital malformation syndromes, not elsewhere classified	RESIDUAL	MONDO:0007409	cryptomicrotia-brachydactyly-excess fingertip arch syndrome	provenance-only:orphanet	425	no	KEEP-as-broadMatch	ICD code is RESIDUAL; cannot be an exact equivalent	"{source=""Orphanet:1547""}"
ICD10CM:Q87.8	Other specified congenital malformation syndromes, not elsewhere classified	RESIDUAL	MONDO:0007412	Beare-Stevenson cutis gyrata syndrome	provenance-only:orphanet	425	no	KEEP-as-broadMatch	ICD code is RESIDUAL; cannot be an exact equivalent	"{source=""Orphanet:1555""}"
ICD10CM:Q87.8	Other specified congenital malformation syndromes, not elsewhere classified	RESIDUAL	MONDO:0007413	Cyprus facial-neuromusculoskeletal syndrome	provenance-only:orphanet	425	no	KEEP-as-broadMatch	ICD code is RESIDUAL; cannot be an exact equivalent	"{source=""Orphanet:2674""}"
ICD10CM:Q87.8	Other specified congenital malformation syndromes, not elsewhere classified	RESIDUAL	MONDO:0007420	autosomal dominant deafness - onychodystrophy syndrome	provenance-only:orphanet	425	no	KEEP-as-broadMatch	ICD code is RESIDUAL; cannot be an exact equivalent	"{source=""Orphanet:79499""}"
ICD10CM:Q87.8	Other specified congenital malformation syndromes, not elsewhere classified	RESIDUAL	MONDO:0007482	dyschondrosteosis-nephritis syndrome	provenance-only:orphanet	425	no	KEEP-as-broadMatch	ICD code is RESIDUAL; cannot be an exact equivalent	"{source=""Orphanet:1765""}"
ICD10CM:Q87.8	Other specified congenital malformation syndromes, not elsewhere classified	RESIDUAL	MONDO:0007587	external auditory canal atresia-vertical talus-hypertelorism syndrome	provenance-only:orphanet	425	no	KEEP-as-broadMatch	ICD code is RESIDUAL; cannot be an exact equivalent	"{source=""Orphanet:3023""}"
ICD10CM:Q87.8	Other specified congenital malformation syndromes, not elsewhere classified	RESIDUAL	MONDO:0007604	femoral-facial syndrome	provenance-only:orphanet	425	no	KEEP-as-broadMatch	ICD code is RESIDUAL; cannot be an exact equivalent	"{source=""Orphanet:1988""}"
ICD10CM:Q87.8	Other specified congenital malformation syndromes, not elsewhere classified	RESIDUAL	MONDO:0007621	Floating-Harbor syndrome	provenance-only:orphanet	425	no	KEEP-as-broadMatch	ICD code is RESIDUAL; cannot be an exact equivalent	"{source=""Orphanet:2044""}"
ICD10CM:Q87.8	Other specified congenital malformation syndromes, not elsewhere classified	RESIDUAL	MONDO:0007624	Flynn-Aird syndrome	provenance-only:orphanet	425	no	KEEP-as-broadMatch	ICD code is RESIDUAL; cannot be an exact equivalent	"{source=""Orphanet:2047""}"
ICD10CM:Q87.8	Other specified congenital malformation syndromes, not elsewhere classified	RESIDUAL	MONDO:0007679	GMS syndrome	provenance-only:orphanet	425	no	KEEP-as-broadMatch	ICD code is RESIDUAL; cannot be an exact equivalent	"{source=""Orphanet:2090""}"
ICD10CM:Q87.8	Other specified congenital malformation syndromes, not elsewhere classified	RESIDUAL	MONDO:0007680	multinodular goiter-cystic kidney-polydactyly syndrome	provenance-only:orphanet	425	no	KEEP-as-broadMatch	ICD code is RESIDUAL; cannot be an exact equivalent	"{source=""Orphanet:2091""}"
ICD10CM:Q87.8	Other specified congenital malformation syndromes, not elsewhere classified	RESIDUAL	MONDO:0007688	Myhre syndrome	provenance-only:orphanet	425	no	KEEP-as-broadMatch	ICD code is RESIDUAL; cannot be an exact equivalent	"{source=""Orphanet:2588""}"
ICD10CM:Q87.8	Other specified congenital malformation syndromes, not elsewhere classified	RESIDUAL	MONDO:0007696	Emery-Nelson syndrome	provenance-only:orphanet	425	no	KEEP-as-broadMatch	ICD code is RESIDUAL; cannot be an exact equivalent	"{source=""Orphanet:1927""}"
ICD10CM:Q87.8	Other specified congenital malformation syndromes, not elsewhere classified	RESIDUAL	MONDO:0007724	hirsutism-skeletal dysplasia-intellectual disability syndrome	provenance-only:orphanet	425	no	KEEP-as-broadMatch	ICD code is RESIDUAL; cannot be an exact equivalent	"{source=""Orphanet:2156""}"
ICD10CM:Q87.8	Other specified congenital malformation syndromes, not elsewhere classified	RESIDUAL	MONDO:0007795	mullerian duct anomalies-limb anomalies syndrome	provenance-only:orphanet	425	no	KEEP-as-broadMatch	ICD code is RESIDUAL; cannot be an exact equivalent	"{source=""Orphanet:2491""}"
ICD10CM:Q87.8	Other specified congenital malformation syndromes, not elsewhere classified	RESIDUAL	MONDO:0007797	hypoparathyroidism-deafness-renal disease syndrome	provenance-only:orphanet	425	no	KEEP-as-broadMatch	ICD code is RESIDUAL; cannot be an exact equivalent	"{source=""Orphanet:2237"", source=""DOID:0060878""}"
ICD10CM:Q87.8	Other specified congenital malformation syndromes, not elsewhere classified	RESIDUAL	MONDO:0007837	Johnson neuroectodermal syndrome	provenance-only:orphanet	425	no	KEEP-as-broadMatch	ICD code is RESIDUAL; cannot be an exact equivalent	"{source=""Orphanet:2316""}"
ICD10CM:Q87.8	Other specified congenital malformation syndromes, not elsewhere classified	RESIDUAL	MONDO:0007839	Aase-Smith syndrome	provenance-only:orphanet	425	no	KEEP-as-broadMatch	ICD code is RESIDUAL; cannot be an exact equivalent	"{source=""Orphanet:916""}"
ICD10CM:Q87.8	Other specified congenital malformation syndromes, not elsewhere classified	RESIDUAL	MONDO:0007846	KBG syndrome	provenance-only:orphanet	425	no	KEEP-as-broadMatch	ICD code is RESIDUAL; cannot be an exact equivalent	"{source=""Orphanet:2332""}"
ICD10CM:Q87.8	Other specified congenital malformation syndromes, not elsewhere classified	RESIDUAL	MONDO:0007872	LADD syndrome	provenance-only:orphanet	425	no	KEEP-as-broadMatch	ICD code is RESIDUAL; cannot be an exact equivalent	"{source=""Orphanet:2363""}"
ICD10CM:Q87.8	Other specified congenital malformation syndromes, not elsewhere classified	RESIDUAL	MONDO:0007874	trichorhinophalangeal syndrome type II	provenance-only:orphanet	425	no	KEEP-as-broadMatch	ICD code is RESIDUAL; cannot be an exact equivalent	"{source=""Orphanet:502""}"
ICD10CM:Q87.8	Other specified congenital malformation syndromes, not elsewhere classified	RESIDUAL	MONDO:0007918	microcephaly with or without chorioretinopathy, lymphedema, or intellectual disability	provenance-only:orphanet	425	no	KEEP-as-broadMatch	ICD code is RESIDUAL; cannot be an exact equivalent	"{source=""Orphanet:2526""}"
ICD10CM:Q87.8	Other specified congenital malformation syndromes, not elsewhere classified	RESIDUAL	MONDO:0007924	Bannayan-Riley-Ruvalcaba syndrome	provenance-only:orphanet	425	no	KEEP-as-broadMatch	ICD code is RESIDUAL; cannot be an exact equivalent	"{source=""Orphanet:109""}"
ICD10CM:Q87.8	Other specified congenital malformation syndromes, not elsewhere classified	RESIDUAL	MONDO:0007956	Pai syndrome	provenance-only:orphanet	425	no	KEEP-as-broadMatch	ICD code is RESIDUAL; cannot be an exact equivalent	"{source=""Orphanet:1993""}"
ICD10CM:Q87.8	Other specified congenital malformation syndromes, not elsewhere classified	RESIDUAL	MONDO:0007991	microcephaly-deafness-intellectual disability syndrome	provenance-only:orphanet	425	no	KEEP-as-broadMatch	ICD code is RESIDUAL; cannot be an exact equivalent	"{source=""Orphanet:2533""}"
ICD10CM:Q87.8	Other specified congenital malformation syndromes, not elsewhere classified	RESIDUAL	MONDO:0007993	microgastria-limb reduction defect syndrome	provenance-only:orphanet	425	no	KEEP-as-broadMatch	ICD code is RESIDUAL; cannot be an exact equivalent	"{source=""Orphanet:2538""}"
ICD10CM:Q87.8	Other specified congenital malformation syndromes, not elsewhere classified	RESIDUAL	MONDO:0008108	oculocerebrocutaneous syndrome	provenance-only:orphanet	425	no	KEEP-as-broadMatch	ICD code is RESIDUAL; cannot be an exact equivalent	"{source=""Orphanet:1647""}"
ICD10CM:Q87.8	Other specified congenital malformation syndromes, not elsewhere classified	RESIDUAL	MONDO:0008111	oculodentodigital dysplasia	provenance-only:orphanet	425	no	KEEP-as-broadMatch	ICD code is RESIDUAL; cannot be an exact equivalent	"{source=""Orphanet:2710""}"
ICD10CM:Q87.8	Other specified congenital malformation syndromes, not elsewhere classified	RESIDUAL	MONDO:0008113	Schilbach-Rott syndrome	provenance-only:orphanet	425	no	KEEP-as-broadMatch	ICD code is RESIDUAL; cannot be an exact equivalent	"{source=""Orphanet:2353""}"
ICD10CM:Q87.8	Other specified congenital malformation syndromes, not elsewhere classified	RESIDUAL	MONDO:0008115	Feingold syndrome type 1	provenance-only:orphanet	425	no	KEEP-as-broadMatch	ICD code is RESIDUAL; cannot be an exact equivalent	"{source=""Orphanet:391641""}"
ICD10CM:Q87.8	Other specified congenital malformation syndromes, not elsewhere classified	RESIDUAL	MONDO:0008127	ophthalmomandibulomelic dysplasia	provenance-only:orphanet	425	no	KEEP-as-broadMatch	ICD code is RESIDUAL; cannot be an exact equivalent	"{source=""Orphanet:2741""}"
ICD10CM:Q87.8	Other specified congenital malformation syndromes, not elsewhere classified	RESIDUAL	MONDO:0008209	Char syndrome	provenance-only:orphanet	425	no	KEEP-as-broadMatch	ICD code is RESIDUAL; cannot be an exact equivalent	"{source=""Orphanet:46627""}"
ICD10CM:Q87.8	Other specified congenital malformation syndromes, not elsewhere classified	RESIDUAL	MONDO:0008305	Currarino triad	provenance-only:orphanet	425	no	KEEP-as-broadMatch	ICD code is RESIDUAL; cannot be an exact equivalent	"{source=""Orphanet:1552""}"
ICD10CM:Q87.8	Other specified congenital malformation syndromes, not elsewhere classified	RESIDUAL	MONDO:0008335	short stature-craniofacial anomalies-genital hypoplasia syndrome	provenance-only:orphanet	425	no	KEEP-as-broadMatch	ICD code is RESIDUAL; cannot be an exact equivalent	"{source=""Orphanet:2994""}"
ICD10CM:Q87.8	Other specified congenital malformation syndromes, not elsewhere classified	RESIDUAL	MONDO:0008395	Ruvalcaba syndrome	provenance-only:orphanet	425	no	KEEP-as-broadMatch	ICD code is RESIDUAL; cannot be an exact equivalent	"{source=""Orphanet:3121""}"
ICD10CM:Q87.8	Other specified congenital malformation syndromes, not elsewhere classified	RESIDUAL	MONDO:0008396	oculodental syndrome, Rutherfurd type	provenance-only:orphanet	425	no	KEEP-as-broadMatch	ICD code is RESIDUAL; cannot be an exact equivalent	"{source=""Orphanet:2709""}"
ICD10CM:Q87.8	Other specified congenital malformation syndromes, not elsewhere classified	RESIDUAL	MONDO:0008402	cleft palate-large ears-small head syndrome	provenance-only:orphanet	425	no	KEEP-as-broadMatch	ICD code is RESIDUAL; cannot be an exact equivalent	"{source=""Orphanet:2013""}"
ICD10CM:Q87.8	Other specified congenital malformation syndromes, not elsewhere classified	RESIDUAL	MONDO:0008404	scalp-ear-nipple syndrome	provenance-only:orphanet	425	no	KEEP-as-broadMatch	ICD code is RESIDUAL; cannot be an exact equivalent	"{source=""Orphanet:2036""}"
ICD10CM:Q87.8	Other specified congenital malformation syndromes, not elsewhere classified	RESIDUAL	MONDO:0008426	Shprintzen-Goldberg syndrome	provenance-only:orphanet	425	no	KEEP-as-broadMatch	ICD code is RESIDUAL; cannot be an exact equivalent	"{source=""Orphanet:2462""}"
ICD10CM:Q87.8	Other specified congenital malformation syndromes, not elsewhere classified	RESIDUAL	MONDO:0008460	splenogonadal fusion-limb defects-micrognathia syndrome	provenance-only:orphanet	425	no	KEEP-as-broadMatch	ICD code is RESIDUAL; cannot be an exact equivalent	"{source=""Orphanet:2063""}"
ICD10CM:Q87.8	Other specified congenital malformation syndromes, not elsewhere classified	RESIDUAL	MONDO:0008467	Czeizel-Losonci syndrome	provenance-only:orphanet	425	no	KEEP-as-broadMatch	ICD code is RESIDUAL; cannot be an exact equivalent	"{source=""Orphanet:2437""}"
ICD10CM:Q87.8	Other specified congenital malformation syndromes, not elsewhere classified	RESIDUAL	MONDO:0008484	stapes ankylosis with broad thumbs and toes	provenance-only:orphanet	425	no	KEEP-as-broadMatch	ICD code is RESIDUAL; cannot be an exact equivalent	"{source=""Orphanet:140917""}"
ICD10CM:Q87.8	Other specified congenital malformation syndromes, not elsewhere classified	RESIDUAL	MONDO:0008488	holoprosencephaly-radial heart renal anomalies syndrome	provenance-only:orphanet	425	no	KEEP-as-broadMatch	ICD code is RESIDUAL; cannot be an exact equivalent	"{source=""Orphanet:3186""}"
ICD10CM:Q87.8	Other specified congenital malformation syndromes, not elsewhere classified	RESIDUAL	MONDO:0008645	ventricular extrasystoles with syncopal episodes-perodactyly-robin sequence syndrome	provenance-only:orphanet	425	no	KEEP-as-broadMatch	ICD code is RESIDUAL; cannot be an exact equivalent	"{source=""Orphanet:3201""}"
ICD10CM:Q87.8	Other specified congenital malformation syndromes, not elsewhere classified	RESIDUAL	MONDO:0008678	Williams syndrome	provenance-only:orphanet	425	no	KEEP-as-broadMatch	ICD code is RESIDUAL; cannot be an exact equivalent	"{source=""Orphanet:904""}"
ICD10CM:Q87.8	Other specified congenital malformation syndromes, not elsewhere classified	RESIDUAL	MONDO:0008681	WAGR syndrome	provenance-only:orphanet	425	no	KEEP-as-broadMatch	ICD code is RESIDUAL; cannot be an exact equivalent	"{source=""Orphanet:893""}"
ICD10CM:Q87.8	Other specified congenital malformation syndromes, not elsewhere classified	RESIDUAL	MONDO:0008694	pseudoprogeria syndrome	provenance-only:orphanet	425	no	KEEP-as-broadMatch	ICD code is RESIDUAL; cannot be an exact equivalent	"{source=""Orphanet:2985""}"
ICD10CM:Q87.8	Other specified congenital malformation syndromes, not elsewhere classified	RESIDUAL	MONDO:0008707	acro-renal-mandibular syndrome	provenance-only:orphanet	425	no	KEEP-as-broadMatch	ICD code is RESIDUAL; cannot be an exact equivalent	"{source=""Orphanet:958""}"
ICD10CM:Q87.8	Other specified congenital malformation syndromes, not elsewhere classified	RESIDUAL	MONDO:0008740	agnathia-otocephaly complex	provenance-only:orphanet	425	no	KEEP-as-broadMatch	ICD code is RESIDUAL; cannot be an exact equivalent	"{source=""Orphanet:990""}"
ICD10CM:Q87.8	Other specified congenital malformation syndromes, not elsewhere classified	RESIDUAL	MONDO:0008741	PAGOD syndrome	provenance-only:orphanet	425	no	KEEP-as-broadMatch	ICD code is RESIDUAL; cannot be an exact equivalent	"{source=""Orphanet:991""}"
ICD10CM:Q87.8	Other specified congenital malformation syndromes, not elsewhere classified	RESIDUAL	MONDO:0008750	microcephaly-albinism-digital anomalies syndrome	provenance-only:orphanet	425	no	KEEP-as-broadMatch	ICD code is RESIDUAL; cannot be an exact equivalent	"{source=""Orphanet:2513""}"
ICD10CM:Q87.8	Other specified congenital malformation syndromes, not elsewhere classified	RESIDUAL	MONDO:0008754	alopecia - contractures - dwarfism - intellectual disability syndrome	provenance-only:orphanet	425	no	KEEP-as-broadMatch	ICD code is RESIDUAL; cannot be an exact equivalent	"{source=""Orphanet:1005""}"
ICD10CM:Q87.8	Other specified congenital malformation syndromes, not elsewhere classified	RESIDUAL	MONDO:0008756	alopecia - intellectual disability syndrome	provenance-only:orphanet	425	no	KEEP-as-broadMatch	ICD code is RESIDUAL; cannot be an exact equivalent	"{source=""Orphanet:2850""}"
ICD10CM:Q87.8	Other specified congenital malformation syndromes, not elsewhere classified	RESIDUAL	MONDO:0008762	autosomal recessive Alport syndrome	provenance-only:orphanet	425	no	KEEP-as-broadMatch	ICD code is RESIDUAL; cannot be an exact equivalent	"{source=""Orphanet:88919""}"
ICD10CM:Q87.8	Other specified congenital malformation syndromes, not elsewhere classified	RESIDUAL	MONDO:0008763	Alstrom syndrome	provenance-only:orphanet	425	no	KEEP-as-broadMatch	ICD code is RESIDUAL; cannot be an exact equivalent	"{source=""Orphanet:64""}"
ICD10CM:Q87.8	Other specified congenital malformation syndromes, not elsewhere classified	RESIDUAL	MONDO:0008796	aniridia-renal agenesis-psychomotor retardation syndrome	provenance-only:orphanet	425	no	KEEP-as-broadMatch	ICD code is RESIDUAL; cannot be an exact equivalent	"{source=""Orphanet:1064""}"
ICD10CM:Q87.8	Other specified congenital malformation syndromes, not elsewhere classified	RESIDUAL	MONDO:0008799	anophthalmia/microphthalmia-esophageal atresia syndrome	provenance-only:orphanet	425	no	KEEP-as-broadMatch	ICD code is RESIDUAL; cannot be an exact equivalent	"{source=""Orphanet:77298""}"
ICD10CM:Q87.8	Other specified congenital malformation syndromes, not elsewhere classified	RESIDUAL	MONDO:0008806	Aphalangy-hemivertebrae-urogenital-intestinal dysgenesis syndrome	provenance-only:orphanet	425	no	KEEP-as-broadMatch	ICD code is RESIDUAL; cannot be an exact equivalent	"{source=""Orphanet:1112""}"
ICD10CM:Q87.8	Other specified congenital malformation syndromes, not elsewhere classified	RESIDUAL	MONDO:0008809	polyneuropathy-hand defect syndrome	provenance-only:orphanet	425	no	KEEP-as-broadMatch	ICD code is RESIDUAL; cannot be an exact equivalent	"{source=""Orphanet:2926""}"
ICD10CM:Q87.8	Other specified congenital malformation syndromes, not elsewhere classified	RESIDUAL	MONDO:0008812	AREDYLD syndrome	provenance-only:orphanet	425	no	KEEP-as-broadMatch	ICD code is RESIDUAL; cannot be an exact equivalent	"{source=""Orphanet:1133""}"
ICD10CM:Q87.8	Other specified congenital malformation syndromes, not elsewhere classified	RESIDUAL	MONDO:0008824	fetal akinesia deformation sequence	provenance-only:orphanet	425	no	KEEP-as-broadMatch	ICD code is RESIDUAL; cannot be an exact equivalent	"{source=""Orphanet:994""}"
ICD10CM:Q87.8	Other specified congenital malformation syndromes, not elsewhere classified	RESIDUAL	MONDO:0008825	arthrogryposis multiplex congenita-whistling face syndrome	provenance-only:orphanet	425	no	KEEP-as-broadMatch	ICD code is RESIDUAL; cannot be an exact equivalent	"{source=""Orphanet:1150""}"
ICD10CM:Q87.8	Other specified congenital malformation syndromes, not elsewhere classified	RESIDUAL	MONDO:0008850	Cooper-Jabs syndrome	provenance-only:orphanet	425	no	KEEP-as-broadMatch	ICD code is RESIDUAL; cannot be an exact equivalent	"{source=""Orphanet:1488""}"
ICD10CM:Q87.8	Other specified congenital malformation syndromes, not elsewhere classified	RESIDUAL	MONDO:0008857	Beemer-Ertbruggen syndrome	provenance-only:orphanet	425	no	KEEP-as-broadMatch	ICD code is RESIDUAL; cannot be an exact equivalent	"{source=""Orphanet:1237""}"
ICD10CM:Q87.8	Other specified congenital malformation syndromes, not elsewhere classified	RESIDUAL	MONDO:0008875	blepharophimosis-ptosis-esotropia-syndactyly-short stature syndrome	provenance-only:orphanet	425	no	KEEP-as-broadMatch	ICD code is RESIDUAL; cannot be an exact equivalent	"{source=""Orphanet:2057""}"
ICD10CM:Q87.8	Other specified congenital malformation syndromes, not elsewhere classified	RESIDUAL	MONDO:0008879	Bowen-Conradi syndrome	provenance-only:orphanet	425	no	KEEP-as-broadMatch	ICD code is RESIDUAL; cannot be an exact equivalent	"{source=""Orphanet:1270""}"
ICD10CM:Q87.8	Other specified congenital malformation syndromes, not elsewhere classified	RESIDUAL	MONDO:0008885	Elsahy-Waters syndrome	provenance-only:orphanet	425	no	KEEP-as-broadMatch	ICD code is RESIDUAL; cannot be an exact equivalent	"{source=""Orphanet:1299""}"
ICD10CM:Q87.8	Other specified congenital malformation syndromes, not elsewhere classified	RESIDUAL	MONDO:0008893	C syndrome	provenance-only:orphanet	425	no	KEEP-as-broadMatch	ICD code is RESIDUAL; cannot be an exact equivalent	"{source=""Orphanet:1308""}"
ICD10CM:Q87.8	Other specified congenital malformation syndromes, not elsewhere classified	RESIDUAL	MONDO:0008894	cataract-hypertrichosis-intellectual disability syndrome	provenance-only:orphanet	425	no	KEEP-as-broadMatch	ICD code is RESIDUAL; cannot be an exact equivalent	"{source=""Orphanet:1375""}"
ICD10CM:Q87.8	Other specified congenital malformation syndromes, not elsewhere classified	RESIDUAL	MONDO:0008896	campomelia, Cumming type	provenance-only:orphanet	425	no	KEEP-as-broadMatch	ICD code is RESIDUAL; cannot be an exact equivalent	"{source=""Orphanet:1318""}"
ICD10CM:Q87.8	Other specified congenital malformation syndromes, not elsewhere classified	RESIDUAL	MONDO:0008915	dilated cardiomyopathy-hypergonadotropic hypogonadism syndrome	provenance-only:orphanet	425	no	KEEP-as-broadMatch	ICD code is RESIDUAL; cannot be an exact equivalent	"{source=""Orphanet:2229""}"
ICD10CM:Q87.8	Other specified congenital malformation syndromes, not elsewhere classified	RESIDUAL	MONDO:0008922	Sengers syndrome	provenance-only:orphanet	425	no	KEEP-as-broadMatch	ICD code is RESIDUAL; cannot be an exact equivalent	"{source=""Orphanet:1369""}"
ICD10CM:Q87.8	Other specified congenital malformation syndromes, not elsewhere classified	RESIDUAL	MONDO:0008965	CHARGE syndrome	provenance-only:orphanet	425	no	KEEP-as-broadMatch	ICD code is RESIDUAL; cannot be an exact equivalent	"{source=""Orphanet:138""}"
ICD10CM:Q87.8	Other specified congenital malformation syndromes, not elsewhere classified	RESIDUAL	MONDO:0008991	Verloove Vanhorick-Brubakk syndrome	provenance-only:orphanet	425	no	KEEP-as-broadMatch	ICD code is RESIDUAL; cannot be an exact equivalent	"{source=""Orphanet:3429""}"
ICD10CM:Q87.8	Other specified congenital malformation syndromes, not elsewhere classified	RESIDUAL	MONDO:0008993	cleft palate-stapes fixation-oligodontia syndrome	provenance-only:orphanet	425	no	KEEP-as-broadMatch	ICD code is RESIDUAL; cannot be an exact equivalent	"{source=""Orphanet:2010""}"
ICD10CM:Q87.8	Other specified congenital malformation syndromes, not elsewhere classified	RESIDUAL	MONDO:0008995	Yunis-Varon syndrome	provenance-only:orphanet	425	no	KEEP-as-broadMatch	ICD code is RESIDUAL; cannot be an exact equivalent	"{source=""DOID:0060589"", source=""Orphanet:3472""}"
ICD10CM:Q87.8	Other specified congenital malformation syndromes, not elsewhere classified	RESIDUAL	MONDO:0008998	Cockayne syndrome type 3	provenance-only:orphanet	425	no	KEEP-as-broadMatch	ICD code is RESIDUAL; cannot be an exact equivalent	"{source=""Orphanet:90324""}"
ICD10CM:Q87.8	Other specified congenital malformation syndromes, not elsewhere classified	RESIDUAL	MONDO:0008999	Cohen syndrome	provenance-only:orphanet	425	no	KEEP-as-broadMatch	ICD code is RESIDUAL; cannot be an exact equivalent	"{source=""Orphanet:193""}"
ICD10CM:Q87.8	Other specified congenital malformation syndromes, not elsewhere classified	RESIDUAL	MONDO:0009001	macular coloboma-cleft palate-hallux valgus syndrome	provenance-only:orphanet	425	no	KEEP-as-broadMatch	ICD code is RESIDUAL; cannot be an exact equivalent	"{source=""Orphanet:91494""}"
ICD10CM:Q87.8	Other specified congenital malformation syndromes, not elsewhere classified	RESIDUAL	MONDO:0009008	heart defect - tongue hamartoma - polysyndactyly syndrome	provenance-only:orphanet	425	no	KEEP-as-broadMatch	ICD code is RESIDUAL; cannot be an exact equivalent	"{source=""Orphanet:1338""}"
ICD10CM:Q87.8	Other specified congenital malformation syndromes, not elsewhere classified	RESIDUAL	MONDO:0009012	multiple pterygium-malignant hyperthermia syndrome	provenance-only:orphanet	425	no	KEEP-as-broadMatch	ICD code is RESIDUAL; cannot be an exact equivalent	"{source=""Orphanet:2215""}"
ICD10CM:Q87.8	Other specified congenital malformation syndromes, not elsewhere classified	RESIDUAL	MONDO:0009021	Toriello-Carey syndrome	provenance-only:orphanet	425	no	KEEP-as-broadMatch	ICD code is RESIDUAL; cannot be an exact equivalent	"{source=""Orphanet:3338""}"
ICD10CM:Q87.8	Other specified congenital malformation syndromes, not elsewhere classified	RESIDUAL	MONDO:0009026	Costello syndrome	provenance-only:orphanet	425	no	KEEP-as-broadMatch	ICD code is RESIDUAL; cannot be an exact equivalent	"{source=""Orphanet:3071""}"
ICD10CM:Q87.8	Other specified congenital malformation syndromes, not elsewhere classified	RESIDUAL	MONDO:0009033	temtamy syndrome	provenance-only:orphanet	425	no	KEEP-as-broadMatch	ICD code is RESIDUAL; cannot be an exact equivalent	"{source=""Orphanet:1777""}"
ICD10CM:Q87.8	Other specified congenital malformation syndromes, not elsewhere classified	RESIDUAL	MONDO:0009036	cardiocranial syndrome, Pfeiffer type	provenance-only:orphanet	425	no	KEEP-as-broadMatch	ICD code is RESIDUAL; cannot be an exact equivalent	"{source=""Orphanet:2872""}"
ICD10CM:Q87.8	Other specified congenital malformation syndromes, not elsewhere classified	RESIDUAL	MONDO:0009045	cataract-nephropathy-encephalopathy syndrome	provenance-only:orphanet	425	no	KEEP-as-broadMatch	ICD code is RESIDUAL; cannot be an exact equivalent	"{source=""Orphanet:1380""}"
ICD10CM:Q87.8	Other specified congenital malformation syndromes, not elsewhere classified	RESIDUAL	MONDO:0009053	ALDH18A1-related de Barsy syndrome	provenance-only:orphanet	425	no	KEEP-as-broadMatch	ICD code is RESIDUAL; cannot be an exact equivalent	"{source=""Orphanet:35664""}"
ICD10CM:Q87.8	Other specified congenital malformation syndromes, not elsewhere classified	RESIDUAL	MONDO:0009074	facial dysmorphism-macrocephaly-myopia-Dandy-Walker malformation syndrome	provenance-only:orphanet	425	no	KEEP-as-broadMatch	ICD code is RESIDUAL; cannot be an exact equivalent	"{source=""Orphanet:1970""}"
ICD10CM:Q87.8	Other specified congenital malformation syndromes, not elsewhere classified	RESIDUAL	MONDO:0009075	Dandy-Walker malformation-postaxial polydactyly syndrome	provenance-only:orphanet	425	no	KEEP-as-broadMatch	ICD code is RESIDUAL; cannot be an exact equivalent	"{source=""Orphanet:1566""}"
ICD10CM:Q87.8	Other specified congenital malformation syndromes, not elsewhere classified	RESIDUAL	MONDO:0009079	DOORS syndrome	provenance-only:orphanet	425	no	KEEP-as-broadMatch	ICD code is RESIDUAL; cannot be an exact equivalent	"{source=""Orphanet:79500""}"
ICD10CM:Q87.8	Other specified congenital malformation syndromes, not elsewhere classified	RESIDUAL	MONDO:0009085	deafness-vitiligo-achalasia syndrome	provenance-only:orphanet	425	no	KEEP-as-broadMatch	ICD code is RESIDUAL; cannot be an exact equivalent	"{source=""Orphanet:3239""}"
ICD10CM:Q87.8	Other specified congenital malformation syndromes, not elsewhere classified	RESIDUAL	MONDO:0009104	Donnai-Barrow syndrome	provenance-only:orphanet	425	no	KEEP-as-broadMatch	ICD code is RESIDUAL; cannot be an exact equivalent	"{source=""Orphanet:2143"", source=""DOID:0090144""}"
ICD10CM:Q87.8	Other specified congenital malformation syndromes, not elsewhere classified	RESIDUAL	MONDO:0009121	von Voss-Cherstvoy syndrome	provenance-only:orphanet	425	no	KEEP-as-broadMatch	ICD code is RESIDUAL; cannot be an exact equivalent	"{source=""Orphanet:3439""}"
ICD10CM:Q87.8	Other specified congenital malformation syndromes, not elsewhere classified	RESIDUAL	MONDO:0009149	ectodermal dysplasia-intellectual disability-central nervous system malformation syndrome	provenance-only:orphanet	425	no	KEEP-as-broadMatch	ICD code is RESIDUAL; cannot be an exact equivalent	"{source=""Orphanet:1812""}"
ICD10CM:Q87.8	Other specified congenital malformation syndromes, not elsewhere classified	RESIDUAL	MONDO:0009155	EEM syndrome	provenance-only:orphanet	425	no	KEEP-as-broadMatch	ICD code is RESIDUAL; cannot be an exact equivalent	"{source=""Orphanet:1897""}"
ICD10CM:Q87.8	Other specified congenital malformation syndromes, not elsewhere classified	RESIDUAL	MONDO:0009202	Thakker-Donnai syndrome	provenance-only:orphanet	425	no	KEEP-as-broadMatch	ICD code is RESIDUAL; cannot be an exact equivalent	"{source=""Orphanet:1780""}"
ICD10CM:Q87.8	Other specified congenital malformation syndromes, not elsewhere classified	RESIDUAL	MONDO:0009204	lethal faciocardiomelic dysplasia	provenance-only:orphanet	425	no	KEEP-as-broadMatch	ICD code is RESIDUAL; cannot be an exact equivalent	"{source=""Orphanet:1972""}"
ICD10CM:Q87.8	Other specified congenital malformation syndromes, not elsewhere classified	RESIDUAL	MONDO:0009205	faciocardiorenal syndrome	provenance-only:orphanet	425	no	KEEP-as-broadMatch	ICD code is RESIDUAL; cannot be an exact equivalent	"{source=""Orphanet:1973""}"
ICD10CM:Q87.8	Other specified congenital malformation syndromes, not elsewhere classified	RESIDUAL	MONDO:0009209	autosomal recessive faciodigitogenital syndrome	provenance-only:orphanet	425	no	KEEP-as-broadMatch	ICD code is RESIDUAL; cannot be an exact equivalent	"{source=""Orphanet:1974""}"
ICD10CM:Q87.8	Other specified congenital malformation syndromes, not elsewhere classified	RESIDUAL	MONDO:0009233	Fibulo-ulnar hypoplasia-renal anomalies syndrome	provenance-only:orphanet	425	no	KEEP-as-broadMatch	ICD code is RESIDUAL; cannot be an exact equivalent	"{source=""Orphanet:2256""}"
ICD10CM:Q87.8	Other specified congenital malformation syndromes, not elsewhere classified	RESIDUAL	MONDO:0009241	fountain syndrome	provenance-only:orphanet	425	no	KEEP-as-broadMatch	ICD code is RESIDUAL; cannot be an exact equivalent	"{source=""Orphanet:3219""}"
ICD10CM:Q87.8	Other specified congenital malformation syndromes, not elsewhere classified	RESIDUAL	MONDO:0009253	Fryns syndrome	provenance-only:orphanet	425	no	KEEP-as-broadMatch	ICD code is RESIDUAL; cannot be an exact equivalent	"{source=""Orphanet:2059""}"
ICD10CM:Q87.8	Other specified congenital malformation syndromes, not elsewhere classified	RESIDUAL	MONDO:0009263	GAPO syndrome	provenance-only:orphanet	425	no	KEEP-as-broadMatch	ICD code is RESIDUAL; cannot be an exact equivalent	"{source=""Orphanet:2067""}"
ICD10CM:Q87.8	Other specified congenital malformation syndromes, not elsewhere classified	RESIDUAL	MONDO:0009270	genito-palato-cardiac syndrome	provenance-only:orphanet	425	no	KEEP-as-broadMatch	ICD code is RESIDUAL; cannot be an exact equivalent	"{source=""Orphanet:2075""}"
ICD10CM:Q87.8	Other specified congenital malformation syndromes, not elsewhere classified	RESIDUAL	MONDO:0009272	German syndrome	provenance-only:orphanet	425	no	KEEP-as-broadMatch	ICD code is RESIDUAL; cannot be an exact equivalent	"{source=""Orphanet:2077""}"
ICD10CM:Q87.8	Other specified congenital malformation syndromes, not elsewhere classified	RESIDUAL	MONDO:0009313	Grubben-de Cock-Borghgraef syndrome	provenance-only:orphanet	425	no	KEEP-as-broadMatch	ICD code is RESIDUAL; cannot be an exact equivalent	"{source=""Orphanet:2101""}"
ICD10CM:Q87.8	Other specified congenital malformation syndromes, not elsewhere classified	RESIDUAL	MONDO:0009320	Hall-Riggs syndrome	provenance-only:orphanet	425	no	KEEP-as-broadMatch	ICD code is RESIDUAL; cannot be an exact equivalent	"{source=""Orphanet:2107""}"
ICD10CM:Q87.8	Other specified congenital malformation syndromes, not elsewhere classified	RESIDUAL	MONDO:0009350	Holzgreve-Wagner-Rehder syndrome	provenance-only:orphanet	425	no	KEEP-as-broadMatch	ICD code is RESIDUAL; cannot be an exact equivalent	"{source=""Orphanet:2167"", source=""DOID:0060566""}"
ICD10CM:Q87.8	Other specified congenital malformation syndromes, not elsewhere classified	RESIDUAL	MONDO:0009362	growth delay-hydrocephaly-lung hypoplasia syndrome	provenance-only:orphanet	425	no	KEEP-as-broadMatch	ICD code is RESIDUAL; cannot be an exact equivalent	"{source=""Orphanet:3035""}"
ICD10CM:Q87.8	Other specified congenital malformation syndromes, not elsewhere classified	RESIDUAL	MONDO:0009363	hydrocephaly-tall stature-joint laxity syndrome	provenance-only:orphanet	425	no	KEEP-as-broadMatch	ICD code is RESIDUAL; cannot be an exact equivalent	"{source=""Orphanet:2181""}"
ICD10CM:Q87.8	Other specified congenital malformation syndromes, not elsewhere classified	RESIDUAL	MONDO:0009367	McKusick-Kaufman syndrome	provenance-only:orphanet	425	no	KEEP-as-broadMatch	ICD code is RESIDUAL; cannot be an exact equivalent	"{source=""Orphanet:2473""}"
ICD10CM:Q87.8	Other specified congenital malformation syndromes, not elsewhere classified	RESIDUAL	MONDO:0009402	acrofrontofacionasal dysostosis 2	provenance-only:orphanet	425	no	KEEP-as-broadMatch	ICD code is RESIDUAL; cannot be an exact equivalent	"{source=""Orphanet:2211""}"
ICD10CM:Q87.8	Other specified congenital malformation syndromes, not elsewhere classified	RESIDUAL	MONDO:0009419	Woodhouse-Sakati syndrome	provenance-only:orphanet	425	no	KEEP-as-broadMatch	ICD code is RESIDUAL; cannot be an exact equivalent	"{source=""Orphanet:3464""}"
ICD10CM:Q87.8	Other specified congenital malformation syndromes, not elsewhere classified	RESIDUAL	MONDO:0009435	hypospadias-intellectual disability, Goldblatt type syndrome	provenance-only:orphanet	425	no	KEEP-as-broadMatch	ICD code is RESIDUAL; cannot be an exact equivalent	"{source=""Orphanet:2261""}"
ICD10CM:Q87.8	Other specified congenital malformation syndromes, not elsewhere classified	RESIDUAL	MONDO:0009445	ichthyosis-hepatosplenomegaly-cerebellar degeneration syndrome	provenance-only:orphanet	425	no	KEEP-as-broadMatch	ICD code is RESIDUAL; cannot be an exact equivalent	"{source=""Orphanet:2274""}"
ICD10CM:Q87.8	Other specified congenital malformation syndromes, not elsewhere classified	RESIDUAL	MONDO:0009452	Vici syndrome	provenance-only:orphanet	425	no	KEEP-as-broadMatch	ICD code is RESIDUAL; cannot be an exact equivalent	"{source=""Orphanet:1493""}"
ICD10CM:Q87.8	Other specified congenital malformation syndromes, not elsewhere classified	RESIDUAL	MONDO:0009467	natal teeth-intestinal pseudoobstruction-patent ductus syndrome	provenance-only:orphanet	425	no	KEEP-as-broadMatch	ICD code is RESIDUAL; cannot be an exact equivalent	"{source=""Orphanet:1654""}"
ICD10CM:Q87.8	Other specified congenital malformation syndromes, not elsewhere classified	RESIDUAL	MONDO:0009473	isotretinoin-like syndrome	provenance-only:orphanet	425	no	KEEP-as-broadMatch	ICD code is RESIDUAL; cannot be an exact equivalent	"{source=""Orphanet:2306""}"
ICD10CM:Q87.8	Other specified congenital malformation syndromes, not elsewhere classified	RESIDUAL	MONDO:0009477	Stromme syndrome	provenance-only:orphanet	425	no	KEEP-as-broadMatch	ICD code is RESIDUAL; cannot be an exact equivalent	"{source=""Orphanet:444069"", source=""DOID:0110595""}"
ICD10CM:Q87.8	Other specified congenital malformation syndromes, not elsewhere classified	RESIDUAL	MONDO:0009479	Johanson-Blizzard syndrome	provenance-only:orphanet	425	no	KEEP-as-broadMatch	ICD code is RESIDUAL; cannot be an exact equivalent	"{source=""Orphanet:2315""}"
ICD10CM:Q87.8	Other specified congenital malformation syndromes, not elsewhere classified	RESIDUAL	MONDO:0009483	Kapur-Toriello syndrome	provenance-only:orphanet	425	no	KEEP-as-broadMatch	ICD code is RESIDUAL; cannot be an exact equivalent	"{source=""Orphanet:2328""}"
ICD10CM:Q87.8	Other specified congenital malformation syndromes, not elsewhere classified	RESIDUAL	MONDO:0009495	Keutel syndrome	provenance-only:orphanet	425	no	KEEP-as-broadMatch	ICD code is RESIDUAL; cannot be an exact equivalent	"{source=""Orphanet:85202""}"
ICD10CM:Q87.8	Other specified congenital malformation syndromes, not elsewhere classified	RESIDUAL	MONDO:0009507	Lambert syndrome	provenance-only:orphanet	425	no	KEEP-as-broadMatch	ICD code is RESIDUAL; cannot be an exact equivalent	"{source=""Orphanet:1296""}"
ICD10CM:Q87.8	Other specified congenital malformation syndromes, not elsewhere classified	RESIDUAL	MONDO:0009514	Laurence-Moon syndrome	provenance-only:orphanet	425	no	KEEP-as-broadMatch	ICD code is RESIDUAL; cannot be an exact equivalent	"{source=""Orphanet:2377/inclusion"", source=""Orphanet:2377""}"
ICD10CM:Q87.8	Other specified congenital malformation syndromes, not elsewhere classified	RESIDUAL	MONDO:0009533	Dahlberg-Borer-Newcomer syndrome	orphanet-specific	425	no	KEEP-as-broadMatch	ICD code is RESIDUAL; cannot be an exact equivalent	"{source=""Orphanet:1563"", source=""Orphanet:1563/e"", source=""Orphanet:1563/specific""}"
ICD10CM:Q87.8	Other specified congenital malformation syndromes, not elsewhere classified	RESIDUAL	MONDO:0009543	prominent glabella-microcephaly-hypogenitalism syndrome	provenance-only:orphanet	425	no	KEEP-as-broadMatch	ICD code is RESIDUAL; cannot be an exact equivalent	"{source=""Orphanet:2083""}"
ICD10CM:Q87.8	Other specified congenital malformation syndromes, not elsewhere classified	RESIDUAL	MONDO:0009560	oculotrichoanal syndrome	provenance-only:orphanet	425	no	KEEP-as-broadMatch	ICD code is RESIDUAL; cannot be an exact equivalent	"{source=""Orphanet:2717""}"
ICD10CM:Q87.8	Other specified congenital malformation syndromes, not elsewhere classified	RESIDUAL	MONDO:0009565	microcephaly-glomerulonephritis-marfanoid habitus syndrome	provenance-only:orphanet	425	no	KEEP-as-broadMatch	ICD code is RESIDUAL; cannot be an exact equivalent	"{source=""Orphanet:2172""}"
ICD10CM:Q87.8	Other specified congenital malformation syndromes, not elsewhere classified	RESIDUAL	MONDO:0009566	marfanoid habitus-autosomal recessive intellectual disability syndrome	provenance-only:orphanet	425	no	KEEP-as-broadMatch	ICD code is RESIDUAL; cannot be an exact equivalent	"{source=""Orphanet:2463""}"
ICD10CM:Q87.8	Other specified congenital malformation syndromes, not elsewhere classified	RESIDUAL	MONDO:0009570	McDonough syndrome	provenance-only:orphanet	425	no	KEEP-as-broadMatch	ICD code is RESIDUAL; cannot be an exact equivalent	"{source=""Orphanet:2471""}"
ICD10CM:Q87.8	Other specified congenital malformation syndromes, not elsewhere classified	RESIDUAL	MONDO:0009577	megalocornea-intellectual disability syndrome	provenance-only:orphanet	425	no	KEEP-as-broadMatch	ICD code is RESIDUAL; cannot be an exact equivalent	"{source=""Orphanet:2479""}"
ICD10CM:Q87.8	Other specified congenital malformation syndromes, not elsewhere classified	RESIDUAL	MONDO:0009579	Frank-Ter Haar syndrome	provenance-only:orphanet	425	no	KEEP-as-broadMatch	ICD code is RESIDUAL; cannot be an exact equivalent	"{source=""Orphanet:137834""}"
ICD10CM:Q87.8	Other specified congenital malformation syndromes, not elsewhere classified	RESIDUAL	MONDO:0009581	intellectual disability-dysmorphism-hypogonadism-diabetes mellitus syndrome	provenance-only:orphanet	425	no	KEEP-as-broadMatch	ICD code is RESIDUAL; cannot be an exact equivalent	"{source=""Orphanet:3044""}"
ICD10CM:Q87.8	Other specified congenital malformation syndromes, not elsewhere classified	RESIDUAL	MONDO:0009582	Mietens syndrome	provenance-only:orphanet	425	no	KEEP-as-broadMatch	ICD code is RESIDUAL; cannot be an exact equivalent	"{source=""Orphanet:2557""}"
ICD10CM:Q87.8	Other specified congenital malformation syndromes, not elsewhere classified	RESIDUAL	MONDO:0009584	intellectual disability, Buenos-Aires type	provenance-only:orphanet	425	no	KEEP-as-broadMatch	ICD code is RESIDUAL; cannot be an exact equivalent	"{source=""Orphanet:3079""}"
ICD10CM:Q87.8	Other specified congenital malformation syndromes, not elsewhere classified	RESIDUAL	MONDO:0009618	microcephaly-cardiomyopathy syndrome	provenance-only:orphanet	425	no	KEEP-as-broadMatch	ICD code is RESIDUAL; cannot be an exact equivalent	"{source=""Orphanet:2515""}"
ICD10CM:Q87.8	Other specified congenital malformation syndromes, not elsewhere classified	RESIDUAL	MONDO:0009620	Say-Barber-Miller syndrome	provenance-only:orphanet	425	no	KEEP-as-broadMatch	ICD code is RESIDUAL; cannot be an exact equivalent	"{source=""Orphanet:3132""}"
ICD10CM:Q87.8	Other specified congenital malformation syndromes, not elsewhere classified	RESIDUAL	MONDO:0009621	microcephaly-cervical spine fusion anomalies syndrome	provenance-only:orphanet	425	no	KEEP-as-broadMatch	ICD code is RESIDUAL; cannot be an exact equivalent	"{source=""Orphanet:2522""}"
ICD10CM:Q87.8	Other specified congenital malformation syndromes, not elsewhere classified	RESIDUAL	MONDO:0009623	Nijmegen breakage syndrome	provenance-only:orphanet	425	no	KEEP-as-broadMatch	ICD code is RESIDUAL; cannot be an exact equivalent	"{source=""Orphanet:647""}"
ICD10CM:Q87.8	Other specified congenital malformation syndromes, not elsewhere classified	RESIDUAL	MONDO:0009624	microcephaly and chorioretinopathy 1	provenance-only:orphanet	425	no	KEEP-as-broadMatch	ICD code is RESIDUAL; cannot be an exact equivalent	"{source=""Orphanet:2518""}"
ICD10CM:Q87.8	Other specified congenital malformation syndromes, not elsewhere classified	RESIDUAL	MONDO:0009626	pseudo-TORCH syndrome	provenance-only:orphanet	425	no	KEEP-as-broadMatch	ICD code is RESIDUAL; cannot be an exact equivalent	"{source=""Orphanet:1229""}"
ICD10CM:Q87.8	Other specified congenital malformation syndromes, not elsewhere classified	RESIDUAL	MONDO:0009671	intellectual disability-myopathy-short stature-endocrine defect syndrome	provenance-only:orphanet	425	no	KEEP-as-broadMatch	ICD code is RESIDUAL; cannot be an exact equivalent	"{source=""Orphanet:3068""}"
ICD10CM:Q87.8	Other specified congenital malformation syndromes, not elsewhere classified	RESIDUAL	MONDO:0009716	Richieri Costa-da Silva syndrome	provenance-only:orphanet	425	no	KEEP-as-broadMatch	ICD code is RESIDUAL; cannot be an exact equivalent	"{source=""Orphanet:3101""}"
ICD10CM:Q87.8	Other specified congenital malformation syndromes, not elsewhere classified	RESIDUAL	MONDO:0009721	Nathalie syndrome	provenance-only:orphanet	425	no	KEEP-as-broadMatch	ICD code is RESIDUAL; cannot be an exact equivalent	"{source=""Orphanet:2663""}"
ICD10CM:Q87.8	Other specified congenital malformation syndromes, not elsewhere classified	RESIDUAL	MONDO:0009729	nephropathy - deafness - hyperparathyroidism syndrome	provenance-only:orphanet	425	no	KEEP-as-broadMatch	ICD code is RESIDUAL; cannot be an exact equivalent	"{source=""Orphanet:2668""}"
ICD10CM:Q87.8	Other specified congenital malformation syndromes, not elsewhere classified	RESIDUAL	MONDO:0009731	nephrosis-deafness-urinary tract-digital malformations syndrome	provenance-only:orphanet	425	no	KEEP-as-broadMatch	ICD code is RESIDUAL; cannot be an exact equivalent	"{source=""Orphanet:2669""}"
ICD10CM:Q87.8	Other specified congenital malformation syndromes, not elsewhere classified	RESIDUAL	MONDO:0009736	Neu-Laxova syndrome 1	provenance-only:orphanet	425	no	KEEP-as-broadMatch	ICD code is RESIDUAL; cannot be an exact equivalent	"{source=""Orphanet:2671""}"
ICD10CM:Q87.8	Other specified congenital malformation syndromes, not elsewhere classified	RESIDUAL	MONDO:0009740	neurofaciodigitorenal syndrome	provenance-only:orphanet	425	no	KEEP-as-broadMatch	ICD code is RESIDUAL; cannot be an exact equivalent	"{source=""Orphanet:2673""}"
ICD10CM:Q87.8	Other specified congenital malformation syndromes, not elsewhere classified	RESIDUAL	MONDO:0009780	lethal omphalocele-cleft palate syndrome	provenance-only:orphanet	425	no	KEEP-as-broadMatch	ICD code is RESIDUAL; cannot be an exact equivalent	"{source=""Orphanet:2736""}"
ICD10CM:Q87.8	Other specified congenital malformation syndromes, not elsewhere classified	RESIDUAL	MONDO:0009798	Primrose syndrome	provenance-only:orphanet	425	no	KEEP-as-broadMatch	ICD code is RESIDUAL; cannot be an exact equivalent	"{source=""Orphanet:3042""}"
ICD10CM:Q87.8	Other specified congenital malformation syndromes, not elsewhere classified	RESIDUAL	MONDO:0009859	PHAVER syndrome	provenance-only:orphanet	425	no	KEEP-as-broadMatch	ICD code is RESIDUAL; cannot be an exact equivalent	"{source=""Orphanet:2876""}"
ICD10CM:Q87.8	Other specified congenital malformation syndromes, not elsewhere classified	RESIDUAL	MONDO:0009900	polysyndactyly-cardiac malformation syndrome	provenance-only:orphanet	425	no	KEEP-as-broadMatch	ICD code is RESIDUAL; cannot be an exact equivalent	"{source=""Orphanet:2934""}"
ICD10CM:Q87.8	Other specified congenital malformation syndromes, not elsewhere classified	RESIDUAL	MONDO:0009905	urban-Rogers-Meyer syndrome	provenance-only:orphanet	425	no	KEEP-as-broadMatch	ICD code is RESIDUAL; cannot be an exact equivalent	"{source=""Orphanet:3409""}"
ICD10CM:Q87.8	Other specified congenital malformation syndromes, not elsewhere classified	RESIDUAL	MONDO:0009921	holoprosencephaly-postaxial polydactyly syndrome	provenance-only:orphanet	425	no	KEEP-as-broadMatch	ICD code is RESIDUAL; cannot be an exact equivalent	"{source=""Orphanet:2166""}"
ICD10CM:Q87.8	Other specified congenital malformation syndromes, not elsewhere classified	RESIDUAL	MONDO:0009952	radioulnar synostosis-developmental delay-hypotonia syndrome	provenance-only:orphanet	425	no	KEEP-as-broadMatch	ICD code is RESIDUAL; cannot be an exact equivalent	"{source=""Orphanet:3270""}"
ICD10CM:Q87.8	Other specified congenital malformation syndromes, not elsewhere classified	RESIDUAL	MONDO:0009954	Ramon syndrome	provenance-only:orphanet	425	no	KEEP-as-broadMatch	ICD code is RESIDUAL; cannot be an exact equivalent	"{source=""Orphanet:3019""}"
ICD10CM:Q87.8	Other specified congenital malformation syndromes, not elsewhere classified	RESIDUAL	MONDO:0009963	Ulbright-Hodes syndrome	provenance-only:orphanet	425	no	KEEP-as-broadMatch	ICD code is RESIDUAL; cannot be an exact equivalent	"{source=""Orphanet:3404""}"
ICD10CM:Q87.8	Other specified congenital malformation syndromes, not elsewhere classified	RESIDUAL	MONDO:0009969	renal-genital-middle ear anomalies	provenance-only:orphanet	425	no	KEEP-as-broadMatch	ICD code is RESIDUAL; cannot be an exact equivalent	"{source=""Orphanet:1092""}"
ICD10CM:Q87.8	Other specified congenital malformation syndromes, not elsewhere classified	RESIDUAL	MONDO:0009983	retinitis pigmentosa-intellectual disability-deafness-hypogenitalism syndrome	provenance-only:orphanet	425	no	KEEP-as-broadMatch	ICD code is RESIDUAL; cannot be an exact equivalent	"{source=""Orphanet:3085""}"
ICD10CM:Q87.8	Other specified congenital malformation syndromes, not elsewhere classified	RESIDUAL	MONDO:0009985	retinohepatoendocrinologic syndrome	provenance-only:orphanet	425	no	KEEP-as-broadMatch	ICD code is RESIDUAL; cannot be an exact equivalent	"{source=""Orphanet:3087""}"
ICD10CM:Q87.8	Other specified congenital malformation syndromes, not elsewhere classified	RESIDUAL	MONDO:0009998	Richieri Costa-Pereira syndrome	provenance-only:orphanet	425	no	KEEP-as-broadMatch	ICD code is RESIDUAL; cannot be an exact equivalent	"{source=""Orphanet:3102""}"
ICD10CM:Q87.8	Other specified congenital malformation syndromes, not elsewhere classified	RESIDUAL	MONDO:0010001	ectodermal dysplasia-blindness syndrome	provenance-only:orphanet	425	no	KEEP-as-broadMatch	ICD code is RESIDUAL; cannot be an exact equivalent	"{source=""Orphanet:1806""}"
ICD10CM:Q87.8	Other specified congenital malformation syndromes, not elsewhere classified	RESIDUAL	MONDO:0010007	microbrachycephaly-ptosis-cleft lip syndrome	provenance-only:orphanet	425	no	KEEP-as-broadMatch	ICD code is RESIDUAL; cannot be an exact equivalent	"{source=""Orphanet:2511""}"
ICD10CM:Q87.8	Other specified congenital malformation syndromes, not elsewhere classified	RESIDUAL	MONDO:0010039	congenital heart defect-round face-developmental delay syndrome	provenance-only:orphanet	425	no	KEEP-as-broadMatch	ICD code is RESIDUAL; cannot be an exact equivalent	"{source=""Orphanet:1355""}"
ICD10CM:Q87.8	Other specified congenital malformation syndromes, not elsewhere classified	RESIDUAL	MONDO:0010069	spondylocostal dysostosis-anal and genitourinary malformations syndrome	provenance-only:orphanet	425	no	KEEP-as-broadMatch	ICD code is RESIDUAL; cannot be an exact equivalent	"{source=""Orphanet:94095""}"
ICD10CM:Q87.8	Other specified congenital malformation syndromes, not elsewhere classified	RESIDUAL	MONDO:0010092	Filippi syndrome	provenance-only:orphanet	425	no	KEEP-as-broadMatch	ICD code is RESIDUAL; cannot be an exact equivalent	"{source=""Orphanet:3255""}"
ICD10CM:Q87.8	Other specified congenital malformation syndromes, not elsewhere classified	RESIDUAL	MONDO:0010110	tetraamelia-multiple malformations syndrome	provenance-only:orphanet	425	no	KEEP-as-broadMatch	ICD code is RESIDUAL; cannot be an exact equivalent	"{source=""Orphanet:3301""}"
ICD10CM:Q87.8	Other specified congenital malformation syndromes, not elsewhere classified	RESIDUAL	MONDO:0010115	thoracic dysplasia-hydrocephalus syndrome	provenance-only:orphanet	425	no	KEEP-as-broadMatch	ICD code is RESIDUAL; cannot be an exact equivalent	"{source=""Orphanet:1861""}"
ICD10CM:Q87.8	Other specified congenital malformation syndromes, not elsewhere classified	RESIDUAL	MONDO:0010125	upper limb defect-eye and ear abnormalities syndrome	provenance-only:orphanet	425	no	KEEP-as-broadMatch	ICD code is RESIDUAL; cannot be an exact equivalent	"{source=""Orphanet:2489""}"
ICD10CM:Q87.8	Other specified congenital malformation syndromes, not elsewhere classified	RESIDUAL	MONDO:0010129	thymic-renal-anal-lung dysplasia	provenance-only:orphanet	425	no	KEEP-as-broadMatch	ICD code is RESIDUAL; cannot be an exact equivalent	"{source=""Orphanet:3326""}"
ICD10CM:Q87.8	Other specified congenital malformation syndromes, not elsewhere classified	RESIDUAL	MONDO:0010172	VACTERL with hydrocephalus	provenance-only:orphanet	425	no	KEEP-as-broadMatch	ICD code is RESIDUAL; cannot be an exact equivalent	"{source=""Orphanet:3412""}"
ICD10CM:Q87.8	Other specified congenital malformation syndromes, not elsewhere classified	RESIDUAL	MONDO:0010199	white forelock with malformations	provenance-only:orphanet	425	no	KEEP-as-broadMatch	ICD code is RESIDUAL; cannot be an exact equivalent	"{source=""Orphanet:2475""}"
ICD10CM:Q87.8	Other specified congenital malformation syndromes, not elsewhere classified	RESIDUAL	MONDO:0010221	CHIME syndrome	provenance-only:orphanet	425	no	KEEP-as-broadMatch	ICD code is RESIDUAL; cannot be an exact equivalent	"{source=""Orphanet:3474""}"
ICD10CM:Q87.8	Other specified congenital malformation syndromes, not elsewhere classified	RESIDUAL	MONDO:0010222	X-linked Opitz G/BBB syndrome	provenance-only:orphanet	425	no	KEEP-as-broadMatch	ICD code is RESIDUAL; cannot be an exact equivalent	"{source=""Orphanet:306597""}"
ICD10CM:Q87.8	Other specified congenital malformation syndromes, not elsewhere classified	RESIDUAL	MONDO:0010224	corpus callosum agenesis-abnormal genitalia syndrome	provenance-only:orphanet	425	no	KEEP-as-broadMatch	ICD code is RESIDUAL; cannot be an exact equivalent	"{source=""Orphanet:2508""}"
ICD10CM:Q87.8	Other specified congenital malformation syndromes, not elsewhere classified	RESIDUAL	MONDO:0010258	MEHMO syndrome	provenance-only:orphanet	425	no	KEEP-as-broadMatch	ICD code is RESIDUAL; cannot be an exact equivalent	"{source=""Orphanet:85282"", source=""DOID:0060801""}"
ICD10CM:Q87.8	Other specified congenital malformation syndromes, not elsewhere classified	RESIDUAL	MONDO:0010261	microphthalmia, syndromic 2	provenance-only:orphanet	425	no	KEEP-as-broadMatch	ICD code is RESIDUAL; cannot be an exact equivalent	"{source=""Orphanet:2712""}"
ICD10CM:Q87.8	Other specified congenital malformation syndromes, not elsewhere classified	RESIDUAL	MONDO:0010263	Alport syndrome-intellectual disability-midface hypoplasia-elliptocytosis syndrome	provenance-only:orphanet	425	no	KEEP-as-broadMatch	ICD code is RESIDUAL; cannot be an exact equivalent	"{source=""Orphanet:86818""}"
ICD10CM:Q87.8	Other specified congenital malformation syndromes, not elsewhere classified	RESIDUAL	MONDO:0010270	syndromic X-linked intellectual disability 7	provenance-only:orphanet	425	no	KEEP-as-broadMatch	ICD code is RESIDUAL; cannot be an exact equivalent	"{source=""DOID:0060808"", source=""Orphanet:85274""}"
ICD10CM:Q87.8	Other specified congenital malformation syndromes, not elsewhere classified	RESIDUAL	MONDO:0010277	syndromic X-linked intellectual disability Shashi type	provenance-only:orphanet	425	no	KEEP-as-broadMatch	ICD code is RESIDUAL; cannot be an exact equivalent	"{source=""DOID:0060826"", source=""Orphanet:85286""}"
ICD10CM:Q87.8	Other specified congenital malformation syndromes, not elsewhere classified	RESIDUAL	MONDO:0010278	Christianson syndrome	provenance-only:orphanet	425	no	KEEP-as-broadMatch	ICD code is RESIDUAL; cannot be an exact equivalent	"{source=""Orphanet:85278"", source=""DOID:0060825""}"
ICD10CM:Q87.8	Other specified congenital malformation syndromes, not elsewhere classified	RESIDUAL	MONDO:0010283	syndromic X-linked intellectual disability Lubs type	provenance-only:doid	425	no	KEEP-as-broadMatch	ICD code is RESIDUAL; cannot be an exact equivalent	"{source=""DOID:0060799""}"
ICD10CM:Q87.8	Other specified congenital malformation syndromes, not elsewhere classified	RESIDUAL	MONDO:0010284	Armfield syndrome	provenance-only:orphanet	425	no	KEEP-as-broadMatch	ICD code is RESIDUAL; cannot be an exact equivalent	"{source=""Orphanet:85276"", source=""DOID:0050764""}"
ICD10CM:Q87.8	Other specified congenital malformation syndromes, not elsewhere classified	RESIDUAL	MONDO:0010285	syndromic X-linked intellectual disability Abidi type	provenance-only:orphanet	425	no	KEEP-as-broadMatch	ICD code is RESIDUAL; cannot be an exact equivalent	"{source=""DOID:0060818"", source=""Orphanet:85273""}"
ICD10CM:Q87.8	Other specified congenital malformation syndromes, not elsewhere classified	RESIDUAL	MONDO:0010286	syndromic X-linked intellectual disability Siderius type	provenance-only:orphanet	425	no	KEEP-as-broadMatch	ICD code is RESIDUAL; cannot be an exact equivalent	"{source=""Orphanet:85287"", source=""DOID:0060812""}"
ICD10CM:Q87.8	Other specified congenital malformation syndromes, not elsewhere classified	RESIDUAL	MONDO:0010302	Ito hypomelanosis	provenance-only:orphanet	425	no	KEEP-as-broadMatch	ICD code is RESIDUAL; cannot be an exact equivalent	"{source=""Orphanet:435""}"
ICD10CM:Q87.8	Other specified congenital malformation syndromes, not elsewhere classified	RESIDUAL	MONDO:0010306	X-linked intellectual disability, Cabezas type	provenance-only:orphanet	425	no	KEEP-as-broadMatch	ICD code is RESIDUAL; cannot be an exact equivalent	"{source=""DOID:0060822"", source=""Orphanet:85293""}"
ICD10CM:Q87.8	Other specified congenital malformation syndromes, not elsewhere classified	RESIDUAL	MONDO:0010323	Atkin-Flaitz syndrome	provenance-only:orphanet	425	no	KEEP-as-broadMatch	ICD code is RESIDUAL; cannot be an exact equivalent	"{source=""Orphanet:1193""}"
ICD10CM:Q87.8	Other specified congenital malformation syndromes, not elsewhere classified	RESIDUAL	MONDO:0010325	X-linked intellectual disability, Stocco dos Santos type	provenance-only:orphanet	425	no	KEEP-as-broadMatch	ICD code is RESIDUAL; cannot be an exact equivalent	"{source=""Orphanet:85288""}"
ICD10CM:Q87.8	Other specified congenital malformation syndromes, not elsewhere classified	RESIDUAL	MONDO:0010332	X-linked intellectual disability-cubitus valgus-dysmorphism syndrome	provenance-only:orphanet	425	no	KEEP-as-broadMatch	ICD code is RESIDUAL; cannot be an exact equivalent	"{source=""Orphanet:85280""}"
ICD10CM:Q87.8	Other specified congenital malformation syndromes, not elsewhere classified	RESIDUAL	MONDO:0010333	corpus callosum agenesis-intellectual disability-coloboma-micrognathia syndrome	provenance-only:orphanet	425	no	KEEP-as-broadMatch	ICD code is RESIDUAL; cannot be an exact equivalent	"{source=""Orphanet:52055"", source=""DOID:0060816""}"
ICD10CM:Q87.8	Other specified congenital malformation syndromes, not elsewhere classified	RESIDUAL	MONDO:0010334	severe motor and intellectual disabilities-sensorineural deafness-dystonia syndrome	provenance-only:orphanet	425	no	KEEP-as-broadMatch	ICD code is RESIDUAL; cannot be an exact equivalent	"{source=""Orphanet:369939""}"
ICD10CM:Q87.8	Other specified congenital malformation syndromes, not elsewhere classified	RESIDUAL	MONDO:0010339	epilepsy, X-linked 1, with variable learning disabilities and behavior disorders	provenance-only:orphanet	425	no	KEEP-as-broadMatch	ICD code is RESIDUAL; cannot be an exact equivalent	"{source=""Orphanet:85294""}"
ICD10CM:Q87.8	Other specified congenital malformation syndromes, not elsewhere classified	RESIDUAL	MONDO:0010353	deafness-intellectual disability, Martin-Probst type syndrome	provenance-only:orphanet	425	no	KEEP-as-broadMatch	ICD code is RESIDUAL; cannot be an exact equivalent	"{source=""Orphanet:85321"", source=""DOID:0060830""}"
ICD10CM:Q87.8	Other specified congenital malformation syndromes, not elsewhere classified	RESIDUAL	MONDO:0010355	syndromic X-linked intellectual disability Claes-Jensen type	provenance-only:orphanet	425	no	KEEP-as-broadMatch	ICD code is RESIDUAL; cannot be an exact equivalent	"{source=""Orphanet:85279"", source=""DOID:0060809""}"
ICD10CM:Q87.8	Other specified congenital malformation syndromes, not elsewhere classified	RESIDUAL	MONDO:0010398	syndromic X-linked intellectual disability 14	provenance-only:doid	425	no	KEEP-as-broadMatch	ICD code is RESIDUAL; cannot be an exact equivalent	"{source=""DOID:0060821""}"
ICD10CM:Q87.8	Other specified congenital malformation syndromes, not elsewhere classified	RESIDUAL	MONDO:0010407	intellectual disability, X-linked syndromic, Turner type	provenance-only:orphanet	425	no	KEEP-as-broadMatch	ICD code is RESIDUAL; cannot be an exact equivalent	"{source=""DOID:0060829"", source=""Orphanet:3056"", source=""Orphanet:85328""}"
ICD10CM:Q87.8	Other specified congenital malformation syndromes, not elsewhere classified	RESIDUAL	MONDO:0010408	syndactyly-telecanthus-anogenital and renal malformations syndrome	provenance-only:orphanet	425	no	KEEP-as-broadMatch	ICD code is RESIDUAL; cannot be an exact equivalent	"{source=""Orphanet:140952""}"
ICD10CM:Q87.8	Other specified congenital malformation syndromes, not elsewhere classified	RESIDUAL	MONDO:0010409	syndromic X-linked intellectual disability Shrimpton type	provenance-only:orphanet	425	no	KEEP-as-broadMatch	ICD code is RESIDUAL; cannot be an exact equivalent	"{source=""Orphanet:85324"", source=""DOID:0060813""}"
ICD10CM:Q87.8	Other specified congenital malformation syndromes, not elsewhere classified	RESIDUAL	MONDO:0010412	X-linked intellectual disability-craniofacioskeletal syndrome	provenance-only:orphanet	425	no	KEEP-as-broadMatch	ICD code is RESIDUAL; cannot be an exact equivalent	"{source=""Orphanet:163979""}"
ICD10CM:Q87.8	Other specified congenital malformation syndromes, not elsewhere classified	RESIDUAL	MONDO:0010427	syndromic X-linked intellectual disability Raymond type	provenance-only:doid	425	no	KEEP-as-broadMatch	ICD code is RESIDUAL; cannot be an exact equivalent	"{source=""DOID:0060824""}"
ICD10CM:Q87.8	Other specified congenital malformation syndromes, not elsewhere classified	RESIDUAL	MONDO:0010461	syndromic X-linked intellectual disability Nascimento type	provenance-only:orphanet	425	no	KEEP-as-broadMatch	ICD code is RESIDUAL; cannot be an exact equivalent	"{source=""DOID:0060820"", source=""Orphanet:163956""}"
ICD10CM:Q87.8	Other specified congenital malformation syndromes, not elsewhere classified	RESIDUAL	MONDO:0010463	X-linked dominant chondrodysplasia, Chassaing-Lacombe type	provenance-only:orphanet	425	no	KEEP-as-broadMatch	ICD code is RESIDUAL; cannot be an exact equivalent	"{source=""Orphanet:163966""}"
ICD10CM:Q87.8	Other specified congenital malformation syndromes, not elsewhere classified	RESIDUAL	MONDO:0010464	X-linked cerebral-cerebellar-coloboma syndrome syndrome	provenance-only:orphanet	425	no	KEEP-as-broadMatch	ICD code is RESIDUAL; cannot be an exact equivalent	"{source=""Orphanet:163961""}"
ICD10CM:Q87.8	Other specified congenital malformation syndromes, not elsewhere classified	RESIDUAL	MONDO:0010466	multiple congenital anomalies-hypotonia-seizures syndrome 2	provenance-only:orphanet	425	no	KEEP-as-broadMatch	ICD code is RESIDUAL; cannot be an exact equivalent	"{source=""Orphanet:300496""}"
ICD10CM:Q87.8	Other specified congenital malformation syndromes, not elsewhere classified	RESIDUAL	MONDO:0010483	X-linked intellectual disability, Cantagrel type	provenance-only:orphanet	425	no	KEEP-as-broadMatch	ICD code is RESIDUAL; cannot be an exact equivalent	"{source=""Orphanet:85277""}"
ICD10CM:Q87.8	Other specified congenital malformation syndromes, not elsewhere classified	RESIDUAL	MONDO:0010498	MEND syndrome	provenance-only:orphanet	425	no	KEEP-as-broadMatch	ICD code is RESIDUAL; cannot be an exact equivalent	"{source=""Orphanet:401973""}"
ICD10CM:Q87.8	Other specified congenital malformation syndromes, not elsewhere classified	RESIDUAL	MONDO:0010505	intellectual disability-balding-patella luxation-acromicria syndrome	provenance-only:orphanet	425	no	KEEP-as-broadMatch	ICD code is RESIDUAL; cannot be an exact equivalent	"{source=""Orphanet:3041""}"
ICD10CM:Q87.8	Other specified congenital malformation syndromes, not elsewhere classified	RESIDUAL	MONDO:0010520	X-linked Alport syndrome	provenance-only:orphanet	425	no	KEEP-as-broadMatch	ICD code is RESIDUAL; cannot be an exact equivalent	"{source=""Orphanet:88917""}"
ICD10CM:Q87.8	Other specified congenital malformation syndromes, not elsewhere classified	RESIDUAL	MONDO:0010531	contractures-ectodermal dysplasia-cleft lip/palate syndrome	provenance-only:orphanet	425	no	KEEP-as-broadMatch	ICD code is RESIDUAL; cannot be an exact equivalent	"{source=""Orphanet:1484""}"
ICD10CM:Q87.8	Other specified congenital malformation syndromes, not elsewhere classified	RESIDUAL	MONDO:0010537	Borjeson-Forssman-Lehmann syndrome	provenance-only:orphanet	425	no	KEEP-as-broadMatch	ICD code is RESIDUAL; cannot be an exact equivalent	"{source=""Orphanet:127"", source=""DOID:0050681""}"
ICD10CM:Q87.8	Other specified congenital malformation syndromes, not elsewhere classified	RESIDUAL	MONDO:0010554	Abruzzo-Erickson syndrome	provenance-only:orphanet	425	no	KEEP-as-broadMatch	ICD code is RESIDUAL; cannot be an exact equivalent	"{source=""Orphanet:921""}"
ICD10CM:Q87.8	Other specified congenital malformation syndromes, not elsewhere classified	RESIDUAL	MONDO:0010558	choroideremia-deafness-obesity syndrome	provenance-only:orphanet	425	no	KEEP-as-broadMatch	ICD code is RESIDUAL; cannot be an exact equivalent	"{source=""Orphanet:1435""}"
ICD10CM:Q87.8	Other specified congenital malformation syndromes, not elsewhere classified	RESIDUAL	MONDO:0010574	syndromic X-linked intellectual disability 5	provenance-only:orphanet	425	no	KEEP-as-broadMatch	ICD code is RESIDUAL; cannot be an exact equivalent	"{source=""DOID:0060800"", source=""Orphanet:85329""}"
ICD10CM:Q87.8	Other specified congenital malformation syndromes, not elsewhere classified	RESIDUAL	MONDO:0010617	male hypergonadotropic hypogonadism-intellectual disability-skeletal anomalies syndrome	provenance-only:orphanet	425	no	KEEP-as-broadMatch	ICD code is RESIDUAL; cannot be an exact equivalent	"{source=""Orphanet:2234""}"
ICD10CM:Q87.8	Other specified congenital malformation syndromes, not elsewhere classified	RESIDUAL	MONDO:0010621	CHILD syndrome	provenance-only:orphanet	425	no	KEEP-as-broadMatch	ICD code is RESIDUAL; cannot be an exact equivalent	"{source=""Orphanet:139""}"
ICD10CM:Q87.8	Other specified congenital malformation syndromes, not elsewhere classified	RESIDUAL	MONDO:0010641	X-linked diffuse leiomyomatosis-Alport syndrome	provenance-only:orphanet	425	no	KEEP-as-broadMatch	ICD code is RESIDUAL; cannot be an exact equivalent	"{source=""Orphanet:1018""}"
ICD10CM:Q87.8	Other specified congenital malformation syndromes, not elsewhere classified	RESIDUAL	MONDO:0010652	X-linked intellectual disability-seizures-psoriasis syndrome	provenance-only:orphanet	425	no	KEEP-as-broadMatch	ICD code is RESIDUAL; cannot be an exact equivalent	"{source=""Orphanet:3052""}"
ICD10CM:Q87.8	Other specified congenital malformation syndromes, not elsewhere classified	RESIDUAL	MONDO:0010655	X-linked intellectual disability with marfanoid habitus	provenance-only:orphanet	425	no	KEEP-as-broadMatch	ICD code is RESIDUAL; cannot be an exact equivalent	"{source=""Orphanet:776""}"
ICD10CM:Q87.8	Other specified congenital malformation syndromes, not elsewhere classified	RESIDUAL	MONDO:0010656	intellectual disability, X-linked 1	provenance-only:orphanet	425	no	KEEP-as-broadMatch	ICD code is RESIDUAL; cannot be an exact equivalent	"{source=""Orphanet:397933""}"
ICD10CM:Q87.8	Other specified congenital malformation syndromes, not elsewhere classified	RESIDUAL	MONDO:0010658	syndromic X-linked intellectual disability 12	provenance-only:orphanet	425	no	KEEP-as-broadMatch	ICD code is RESIDUAL; cannot be an exact equivalent	"{source=""Orphanet:85290"", source=""DOID:0060804""}"
ICD10CM:Q87.8	Other specified congenital malformation syndromes, not elsewhere classified	RESIDUAL	MONDO:0010664	syndromic X-linked intellectual disability Snyder type	provenance-only:orphanet	425	no	KEEP-as-broadMatch	ICD code is RESIDUAL; cannot be an exact equivalent	"{source=""DOID:0060802"", source=""Orphanet:3063""}"
ICD10CM:Q87.8	Other specified congenital malformation syndromes, not elsewhere classified	RESIDUAL	MONDO:0010686	N syndrome	provenance-only:orphanet	425	no	KEEP-as-broadMatch	ICD code is RESIDUAL; cannot be an exact equivalent	"{source=""Orphanet:2608""}"
ICD10CM:Q87.8	Other specified congenital malformation syndromes, not elsewhere classified	RESIDUAL	MONDO:0010708	Pallister-W syndrome	provenance-only:orphanet	425	no	KEEP-as-broadMatch	ICD code is RESIDUAL; cannot be an exact equivalent	"{source=""Orphanet:2804""}"
ICD10CM:Q87.8	Other specified congenital malformation syndromes, not elsewhere classified	RESIDUAL	MONDO:0010710	Pierre Robin syndrome-faciodigital anomaly syndrome	provenance-only:orphanet	425	no	KEEP-as-broadMatch	ICD code is RESIDUAL; cannot be an exact equivalent	"{source=""Orphanet:2888""}"
ICD10CM:Q87.8	Other specified congenital malformation syndromes, not elsewhere classified	RESIDUAL	MONDO:0010711	TARP syndrome	provenance-only:orphanet	425	no	KEEP-as-broadMatch	ICD code is RESIDUAL; cannot be an exact equivalent	"{source=""Orphanet:2886""}"
ICD10CM:Q87.8	Other specified congenital malformation syndromes, not elsewhere classified	RESIDUAL	MONDO:0010729	X-linked intellectual disability, Schimke type	provenance-only:orphanet	425	no	KEEP-as-broadMatch	ICD code is RESIDUAL; cannot be an exact equivalent	"{source=""Orphanet:85285""}"
ICD10CM:Q87.8	Other specified congenital malformation syndromes, not elsewhere classified	RESIDUAL	MONDO:0010748	torticollis-keloids-cryptorchidism-renal dysplasia syndrome	provenance-only:orphanet	425	no	KEEP-as-broadMatch	ICD code is RESIDUAL; cannot be an exact equivalent	"{source=""Orphanet:3341""}"
ICD10CM:Q87.8	Other specified congenital malformation syndromes, not elsewhere classified	RESIDUAL	MONDO:0010758	Wieacker-Wolff syndrome	provenance-only:orphanet	425	no	KEEP-as-broadMatch	ICD code is RESIDUAL; cannot be an exact equivalent	"{source=""DOID:0060815"", source=""Orphanet:85283""}"
ICD10CM:Q87.8	Other specified congenital malformation syndromes, not elsewhere classified	RESIDUAL	MONDO:0010759	Wildervanck syndrome	provenance-only:orphanet	425	no	KEEP-as-broadMatch	ICD code is RESIDUAL; cannot be an exact equivalent	"{source=""Orphanet:3456""}"
ICD10CM:Q87.8	Other specified congenital malformation syndromes, not elsewhere classified	RESIDUAL	MONDO:0010798	proximal tubulopathy-diabetes mellitus-cerebellar ataxia syndrome	provenance-only:orphanet	425	no	KEEP-as-broadMatch	ICD code is RESIDUAL; cannot be an exact equivalent	"{source=""Orphanet:3390""}"
ICD10CM:Q87.8	Other specified congenital malformation syndromes, not elsewhere classified	RESIDUAL	MONDO:0010802	pancreatic hypoplasia-diabetes-congenital heart disease syndrome	provenance-only:orphanet	425	no	KEEP-as-broadMatch	ICD code is RESIDUAL; cannot be an exact equivalent	"{source=""Orphanet:2255""}"
ICD10CM:Q87.8	Other specified congenital malformation syndromes, not elsewhere classified	RESIDUAL	MONDO:0010816	Qazi Markouizos syndrome	provenance-only:orphanet	425	no	KEEP-as-broadMatch	ICD code is RESIDUAL; cannot be an exact equivalent	"{source=""Orphanet:3010""}"
ICD10CM:Q87.8	Other specified congenital malformation syndromes, not elsewhere classified	RESIDUAL	MONDO:0010825	atrioventricular defect-blepharophimosis-radial and anal defect syndrome	provenance-only:orphanet	425	no	KEEP-as-broadMatch	ICD code is RESIDUAL; cannot be an exact equivalent	"{source=""Orphanet:1352""}"
ICD10CM:Q87.8	Other specified congenital malformation syndromes, not elsewhere classified	RESIDUAL	MONDO:0010831	familial caudal dysgenesis	provenance-only:orphanet	425	no	KEEP-as-broadMatch	ICD code is RESIDUAL; cannot be an exact equivalent	"{source=""Orphanet:1768""}"
ICD10CM:Q87.8	Other specified congenital malformation syndromes, not elsewhere classified	RESIDUAL	MONDO:0010851	Lowry-MacLean syndrome	provenance-only:orphanet	425	no	KEEP-as-broadMatch	ICD code is RESIDUAL; cannot be an exact equivalent	"{source=""Orphanet:2409""}"
ICD10CM:Q87.8	Other specified congenital malformation syndromes, not elsewhere classified	RESIDUAL	MONDO:0010858	macrocephaly-spastic paraplegia-dysmorphism syndrome	provenance-only:orphanet	425	no	KEEP-as-broadMatch	ICD code is RESIDUAL; cannot be an exact equivalent	"{source=""Orphanet:2429""}"
ICD10CM:Q87.8	Other specified congenital malformation syndromes, not elsewhere classified	RESIDUAL	MONDO:0010867	PARC syndrome	provenance-only:orphanet	425	no	KEEP-as-broadMatch	ICD code is RESIDUAL; cannot be an exact equivalent	"{source=""Orphanet:2825""}"
ICD10CM:Q87.8	Other specified congenital malformation syndromes, not elsewhere classified	RESIDUAL	MONDO:0010879	CODAS syndrome	provenance-only:orphanet	425	no	KEEP-as-broadMatch	ICD code is RESIDUAL; cannot be an exact equivalent	"{source=""Orphanet:1458""}"
ICD10CM:Q87.8	Other specified congenital malformation syndromes, not elsewhere classified	RESIDUAL	MONDO:0010889	arterial dissection-lentiginosis syndrome	provenance-only:orphanet	425	no	KEEP-as-broadMatch	ICD code is RESIDUAL; cannot be an exact equivalent	"{source=""Orphanet:1682""}"
ICD10CM:Q87.8	Other specified congenital malformation syndromes, not elsewhere classified	RESIDUAL	MONDO:0010890	acrocardiofacial syndrome	provenance-only:orphanet	425	no	KEEP-as-broadMatch	ICD code is RESIDUAL; cannot be an exact equivalent	"{source=""Orphanet:2008""}"
ICD10CM:Q87.8	Other specified congenital malformation syndromes, not elsewhere classified	RESIDUAL	MONDO:0010901	HEC syndrome	provenance-only:orphanet	425	no	KEEP-as-broadMatch	ICD code is RESIDUAL; cannot be an exact equivalent	"{source=""Orphanet:2119""}"
ICD10CM:Q87.8	Other specified congenital malformation syndromes, not elsewhere classified	RESIDUAL	MONDO:0010930	anophthalmia plus syndrome	provenance-only:orphanet	425	no	KEEP-as-broadMatch	ICD code is RESIDUAL; cannot be an exact equivalent	"{source=""Orphanet:1104""}"
ICD10CM:Q87.8	Other specified congenital malformation syndromes, not elsewhere classified	RESIDUAL	MONDO:0010972	hydrocephalus-costovertebral dysplasia-Sprengel anomaly syndrome	provenance-only:orphanet	425	no	KEEP-as-broadMatch	ICD code is RESIDUAL; cannot be an exact equivalent	"{source=""Orphanet:2180""}"
ICD10CM:Q87.8	Other specified congenital malformation syndromes, not elsewhere classified	RESIDUAL	MONDO:0010989	Mayer-Rokitansky-Küster-Hauser syndrome type 2	provenance-only:orphanet	425	no	KEEP-as-broadMatch	ICD code is RESIDUAL; cannot be an exact equivalent	"{source=""Orphanet:2578""}"
ICD10CM:Q87.8	Other specified congenital malformation syndromes, not elsewhere classified	RESIDUAL	MONDO:0010993	Harrod syndrome	provenance-only:orphanet	425	no	KEEP-as-broadMatch	ICD code is RESIDUAL; cannot be an exact equivalent	"{source=""Orphanet:2115""}"
ICD10CM:Q87.8	Other specified congenital malformation syndromes, not elsewhere classified	RESIDUAL	MONDO:0010999	fallot complex-intellectual disability-growth delay syndrome	provenance-only:orphanet	425	no	KEEP-as-broadMatch	ICD code is RESIDUAL; cannot be an exact equivalent	"{source=""Orphanet:3304""}"
ICD10CM:Q87.8	Other specified congenital malformation syndromes, not elsewhere classified	RESIDUAL	MONDO:0011007	diaphragmatic defect-limb deficiency-skull defect syndrome	provenance-only:orphanet	425	no	KEEP-as-broadMatch	ICD code is RESIDUAL; cannot be an exact equivalent	"{source=""Orphanet:2141""}"
ICD10CM:Q87.8	Other specified congenital malformation syndromes, not elsewhere classified	RESIDUAL	MONDO:0011008	cleft lip/palate-intestinal malrotation-cardiopathy syndrome	provenance-only:orphanet	425	no	KEEP-as-broadMatch	ICD code is RESIDUAL; cannot be an exact equivalent	"{source=""Orphanet:2001""}"
ICD10CM:Q87.8	Other specified congenital malformation syndromes, not elsewhere classified	RESIDUAL	MONDO:0011017	Naxos disease	provenance-only:orphanet	425	no	KEEP-as-broadMatch	ICD code is RESIDUAL; cannot be an exact equivalent	"{source=""Orphanet:34217""}"
ICD10CM:Q87.8	Other specified congenital malformation syndromes, not elsewhere classified	RESIDUAL	MONDO:0011036	porencephaly-cerebellar hypoplasia-internal malformations syndrome	provenance-only:orphanet	425	no	KEEP-as-broadMatch	ICD code is RESIDUAL; cannot be an exact equivalent	"{source=""Orphanet:2941""}"
ICD10CM:Q87.8	Other specified congenital malformation syndromes, not elsewhere classified	RESIDUAL	MONDO:0011045	MMEP syndrome	provenance-only:orphanet	425	no	KEEP-as-broadMatch	ICD code is RESIDUAL; cannot be an exact equivalent	"{source=""Orphanet:3434""}"
ICD10CM:Q87.8	Other specified congenital malformation syndromes, not elsewhere classified	RESIDUAL	MONDO:0011048	epilepsy-microcephaly-skeletal dysplasia syndrome	provenance-only:orphanet	425	no	KEEP-as-broadMatch	ICD code is RESIDUAL; cannot be an exact equivalent	"{source=""Orphanet:1948""}"
ICD10CM:Q87.8	Other specified congenital malformation syndromes, not elsewhere classified	RESIDUAL	MONDO:0011049	Fine-Lubinsky syndrome	provenance-only:orphanet	425	no	KEEP-as-broadMatch	ICD code is RESIDUAL; cannot be an exact equivalent	"{source=""Orphanet:1272""}"
ICD10CM:Q87.8	Other specified congenital malformation syndromes, not elsewhere classified	RESIDUAL	MONDO:0011050	microcephaly-cardiac defect-lung malsegmentation syndrome	provenance-only:orphanet	425	no	KEEP-as-broadMatch	ICD code is RESIDUAL; cannot be an exact equivalent	"{source=""Orphanet:2516""}"
ICD10CM:Q87.8	Other specified congenital malformation syndromes, not elsewhere classified	RESIDUAL	MONDO:0011078	anterior chamber cleavage disorder, cerebellar hypoplasia, hypothyroidism, and tracheal stenosis	other-mondo-qualifier:mondoSubClassOfSource	425	no	KEEP-as-broadMatch	ICD code is RESIDUAL; cannot be an exact equivalent	"{source=""Orphanet:2321"", source=""MONDO:mondoSubClassOfSource""}"
ICD10CM:Q87.8	Other specified congenital malformation syndromes, not elsewhere classified	RESIDUAL	MONDO:0011116	lung agenesis-heart defect-thumb anomalies syndrome	provenance-only:orphanet	425	no	KEEP-as-broadMatch	ICD code is RESIDUAL; cannot be an exact equivalent	"{source=""Orphanet:1120""}"
ICD10CM:Q87.8	Other specified congenital malformation syndromes, not elsewhere classified	RESIDUAL	MONDO:0011145	colobomatous microphthalmia - obesity - hypogenitalism - intellectual disability syndrome	provenance-only:orphanet	425	no	KEEP-as-broadMatch	ICD code is RESIDUAL; cannot be an exact equivalent	"{source=""Orphanet:363741""}"
ICD10CM:Q87.8	Other specified congenital malformation syndromes, not elsewhere classified	RESIDUAL	MONDO:0011166	lymphedema-atrial septal defects-facial changes syndrome	provenance-only:orphanet	425	no	KEEP-as-broadMatch	ICD code is RESIDUAL; cannot be an exact equivalent	"{source=""Orphanet:86915""}"
ICD10CM:Q87.8	Other specified congenital malformation syndromes, not elsewhere classified	RESIDUAL	MONDO:0011217	desmosterolosis	provenance-only:orphanet	425	no	KEEP-as-broadMatch	ICD code is RESIDUAL; cannot be an exact equivalent	"{source=""Orphanet:35107""}"
ICD10CM:Q87.8	Other specified congenital malformation syndromes, not elsewhere classified	RESIDUAL	MONDO:0011243	grange syndrome	provenance-only:orphanet	425	no	KEEP-as-broadMatch	ICD code is RESIDUAL; cannot be an exact equivalent	"{source=""Orphanet:79094""}"
ICD10CM:Q87.8	Other specified congenital malformation syndromes, not elsewhere classified	RESIDUAL	MONDO:0011287	craniosynostosis-anal anomalies-porokeratosis syndrome	provenance-only:orphanet	425	no	KEEP-as-broadMatch	ICD code is RESIDUAL; cannot be an exact equivalent	"{source=""Orphanet:85199""}"
ICD10CM:Q87.8	Other specified congenital malformation syndromes, not elsewhere classified	RESIDUAL	MONDO:0011323	arhinia, choanal atresia, and microphthalmia	provenance-only:orphanet	425	no	KEEP-as-broadMatch	ICD code is RESIDUAL; cannot be an exact equivalent	"{source=""Orphanet:2250""}"
ICD10CM:Q87.8	Other specified congenital malformation syndromes, not elsewhere classified	RESIDUAL	MONDO:0011365	blepharophimosis - intellectual disability syndrome, SBBYS type	provenance-only:orphanet	425	no	KEEP-as-broadMatch	ICD code is RESIDUAL; cannot be an exact equivalent	"{source=""Orphanet:3047""}"
ICD10CM:Q87.8	Other specified congenital malformation syndromes, not elsewhere classified	RESIDUAL	MONDO:0011402	congenital cataracts-facial dysmorphism-neuropathy syndrome	provenance-only:orphanet	425	no	KEEP-as-broadMatch	ICD code is RESIDUAL; cannot be an exact equivalent	"{source=""Orphanet:48431""}"
ICD10CM:Q87.8	Other specified congenital malformation syndromes, not elsewhere classified	RESIDUAL	MONDO:0011510	Bohring-Opitz syndrome	provenance-only:orphanet	425	no	KEEP-as-broadMatch	ICD code is RESIDUAL; cannot be an exact equivalent	"{source=""Orphanet:97297""}"
ICD10CM:Q87.8	Other specified congenital malformation syndromes, not elsewhere classified	RESIDUAL	MONDO:0011640	genitopatellar syndrome	provenance-only:orphanet	425	no	KEEP-as-broadMatch	ICD code is RESIDUAL; cannot be an exact equivalent	"{source=""Orphanet:85201""}"
ICD10CM:Q87.8	Other specified congenital malformation syndromes, not elsewhere classified	RESIDUAL	MONDO:0011722	intellectual disability-obesity-prognathism-eye and skin anomalies syndrome	provenance-only:orphanet	425	no	KEEP-as-broadMatch	ICD code is RESIDUAL; cannot be an exact equivalent	"{source=""Orphanet:397973""}"
ICD10CM:Q87.8	Other specified congenital malformation syndromes, not elsewhere classified	RESIDUAL	MONDO:0011788	cloverleaf skull-multiple congenital anomalies syndrome	provenance-only:orphanet	425	no	KEEP-as-broadMatch	ICD code is RESIDUAL; cannot be an exact equivalent	"{source=""Orphanet:93267""}"
ICD10CM:Q87.8	Other specified congenital malformation syndromes, not elsewhere classified	RESIDUAL	MONDO:0011795	anonychia-microcephaly syndrome	provenance-only:orphanet	425	no	KEEP-as-broadMatch	ICD code is RESIDUAL; cannot be an exact equivalent	"{source=""Orphanet:1094""}"
ICD10CM:Q87.8	Other specified congenital malformation syndromes, not elsewhere classified	RESIDUAL	MONDO:0011812	Duane-radial ray syndrome	provenance-only:orphanet	425	no	KEEP-as-broadMatch	ICD code is RESIDUAL; cannot be an exact equivalent	"{source=""Orphanet:959"", source=""DOID:0060747"", source=""Orphanet:93293""}"
ICD10CM:Q87.8	Other specified congenital malformation syndromes, not elsewhere classified	RESIDUAL	MONDO:0011816	lathosterolosis	provenance-only:orphanet	425	no	KEEP-as-broadMatch	ICD code is RESIDUAL; cannot be an exact equivalent	"{source=""Orphanet:46059""}"
ICD10CM:Q87.8	Other specified congenital malformation syndromes, not elsewhere classified	RESIDUAL	MONDO:0011823	developmental malformations-deafness-dystonia syndrome	provenance-only:orphanet	425	no	KEEP-as-broadMatch	ICD code is RESIDUAL; cannot be an exact equivalent	"{source=""Orphanet:79107""}"
ICD10CM:Q87.8	Other specified congenital malformation syndromes, not elsewhere classified	RESIDUAL	MONDO:0011928	caudal duplication	provenance-only:orphanet	425	no	KEEP-as-broadMatch	ICD code is RESIDUAL; cannot be an exact equivalent	"{source=""Orphanet:1756""}"
ICD10CM:Q87.8	Other specified congenital malformation syndromes, not elsewhere classified	RESIDUAL	MONDO:0012032	Braddock syndrome	provenance-only:orphanet	425	no	KEEP-as-broadMatch	ICD code is RESIDUAL; cannot be an exact equivalent	"{source=""Orphanet:52047""}"
ICD10CM:Q87.8	Other specified congenital malformation syndromes, not elsewhere classified	RESIDUAL	MONDO:0012064	choanal atresia-hearing loss-cardiac defects-craniofacial dysmorphism syndrome	provenance-only:orphanet	425	no	KEEP-as-broadMatch	ICD code is RESIDUAL; cannot be an exact equivalent	"{source=""Orphanet:1200""}"
ICD10CM:Q87.8	Other specified congenital malformation syndromes, not elsewhere classified	RESIDUAL	MONDO:0012164	Meacham syndrome	provenance-only:orphanet	425	no	KEEP-as-broadMatch	ICD code is RESIDUAL; cannot be an exact equivalent	"{source=""Orphanet:3097""}"
ICD10CM:Q87.8	Other specified congenital malformation syndromes, not elsewhere classified	RESIDUAL	MONDO:0012165	BNAR syndrome	provenance-only:orphanet	425	no	KEEP-as-broadMatch	ICD code is RESIDUAL; cannot be an exact equivalent	"{source=""Orphanet:217266""}"
ICD10CM:Q87.8	Other specified congenital malformation syndromes, not elsewhere classified	RESIDUAL	MONDO:0012257	Cerebrorenodigital syndrome	provenance-only:orphanet	425	no	KEEP-as-broadMatch	ICD code is RESIDUAL; cannot be an exact equivalent	"{source=""Orphanet:1396""}"
ICD10CM:Q87.8	Other specified congenital malformation syndromes, not elsewhere classified	RESIDUAL	MONDO:0012280	Goldberg-Shprintzen syndrome	provenance-only:orphanet	425	no	KEEP-as-broadMatch	ICD code is RESIDUAL; cannot be an exact equivalent	"{source=""Orphanet:66629""}"
ICD10CM:Q87.8	Other specified congenital malformation syndromes, not elsewhere classified	RESIDUAL	MONDO:0012455	Kleefstra syndrome	provenance-only:orphanet	425	no	KEEP-as-broadMatch	ICD code is RESIDUAL; cannot be an exact equivalent	"{source=""Orphanet:261494""}"
ICD10CM:Q87.8	Other specified congenital malformation syndromes, not elsewhere classified	RESIDUAL	MONDO:0012734	SERKAL syndrome	provenance-only:orphanet	425	no	KEEP-as-broadMatch	ICD code is RESIDUAL; cannot be an exact equivalent	"{source=""Orphanet:139466""}"
ICD10CM:Q87.8	Other specified congenital malformation syndromes, not elsewhere classified	RESIDUAL	MONDO:0012802	oculoauricular syndrome	provenance-only:orphanet	425	no	KEEP-as-broadMatch	ICD code is RESIDUAL; cannot be an exact equivalent	"{source=""Orphanet:157962"", source=""DOID:0060482""}"
ICD10CM:Q87.8	Other specified congenital malformation syndromes, not elsewhere classified	RESIDUAL	MONDO:0012856	Birk-Barel syndrome	provenance-only:orphanet	425	no	KEEP-as-broadMatch	ICD code is RESIDUAL; cannot be an exact equivalent	"{source=""Orphanet:166108""}"
ICD10CM:Q87.8	Other specified congenital malformation syndromes, not elsewhere classified	RESIDUAL	MONDO:0012980	endocrine-cerebro-osteodysplasia syndrome	provenance-only:orphanet	425	no	KEEP-as-broadMatch	ICD code is RESIDUAL; cannot be an exact equivalent	"{source=""Orphanet:199332"", source=""DOID:0060641""}"
ICD10CM:Q87.8	Other specified congenital malformation syndromes, not elsewhere classified	RESIDUAL	MONDO:0013036	Zechi-Ceide syndrome	provenance-only:orphanet	425	no	KEEP-as-broadMatch	ICD code is RESIDUAL; cannot be an exact equivalent	"{source=""Orphanet:217017""}"
ICD10CM:Q87.8	Other specified congenital malformation syndromes, not elsewhere classified	RESIDUAL	MONDO:0013050	lethal polymalformative syndrome, Boissel type	provenance-only:orphanet	425	no	KEEP-as-broadMatch	ICD code is RESIDUAL; cannot be an exact equivalent	"{source=""Orphanet:210144""}"
ICD10CM:Q87.8	Other specified congenital malformation syndromes, not elsewhere classified	RESIDUAL	MONDO:0013053	microcephaly-facio-cardio-skeletal syndrome, Hadziselimovic type	provenance-only:orphanet	425	no	KEEP-as-broadMatch	ICD code is RESIDUAL; cannot be an exact equivalent	"{source=""Orphanet:217026""}"
ICD10CM:Q87.8	Other specified congenital malformation syndromes, not elsewhere classified	RESIDUAL	MONDO:0013226	combined immunodeficiency with faciooculoskeletal anomalies	provenance-only:orphanet	425	no	KEEP-as-broadMatch	ICD code is RESIDUAL; cannot be an exact equivalent	"{source=""Orphanet:221139""}"
ICD10CM:Q87.8	Other specified congenital malformation syndromes, not elsewhere classified	RESIDUAL	MONDO:0013563	multiple congenital anomalies-hypotonia-seizures syndrome 1	provenance-only:orphanet	425	no	KEEP-as-broadMatch	ICD code is RESIDUAL; cannot be an exact equivalent	"{source=""Orphanet:280633""}"
ICD10CM:Q87.8	Other specified congenital malformation syndromes, not elsewhere classified	RESIDUAL	MONDO:0013659	microcephaly-capillary malformation syndrome	provenance-only:orphanet	425	no	KEEP-as-broadMatch	ICD code is RESIDUAL; cannot be an exact equivalent	"{source=""Orphanet:294016""}"
ICD10CM:Q87.8	Other specified congenital malformation syndromes, not elsewhere classified	RESIDUAL	MONDO:0013691	Feingold syndrome type 2	provenance-only:orphanet	425	no	KEEP-as-broadMatch	ICD code is RESIDUAL; cannot be an exact equivalent	"{source=""Orphanet:391646""}"
ICD10CM:Q87.8	Other specified congenital malformation syndromes, not elsewhere classified	RESIDUAL	MONDO:0013722	hypomyelinating leukodystrophy 8 with or without oligodontia and-or hypogonadotropic hypogonadism	provenance-only:orphanet	425	no	KEEP-as-broadMatch	ICD code is RESIDUAL; cannot be an exact equivalent	"{source=""Orphanet:85186""}"
ICD10CM:Q87.8	Other specified congenital malformation syndromes, not elsewhere classified	RESIDUAL	MONDO:0013755	PYCR1-related de Barsy syndrome	provenance-only:orphanet	425	no	KEEP-as-broadMatch	ICD code is RESIDUAL; cannot be an exact equivalent	"{source=""Orphanet:293633""}"
ICD10CM:Q87.8	Other specified congenital malformation syndromes, not elsewhere classified	RESIDUAL	MONDO:0014034	severe intellectual disability-poor language-strabismus-grimacing face-long fingers syndrome	provenance-only:orphanet	425	no	KEEP-as-broadMatch	ICD code is RESIDUAL; cannot be an exact equivalent	"{source=""Orphanet:363686""}"
ICD10CM:Q87.8	Other specified congenital malformation syndromes, not elsewhere classified	RESIDUAL	MONDO:0014044	dysmorphism-conductive hearing loss-heart defect syndrome	provenance-only:orphanet	425	no	KEEP-as-broadMatch	ICD code is RESIDUAL; cannot be an exact equivalent	"{source=""Orphanet:289553""}"
ICD10CM:Q87.8	Other specified congenital malformation syndromes, not elsewhere classified	RESIDUAL	MONDO:0014067	short ulna-dysmorphism-hypotonia-intellectual disability syndrome	provenance-only:orphanet	425	no	KEEP-as-broadMatch	ICD code is RESIDUAL; cannot be an exact equivalent	"{source=""Orphanet:357175""}"
ICD10CM:Q87.8	Other specified congenital malformation syndromes, not elsewhere classified	RESIDUAL	MONDO:0014096	microcephaly-intellectual disability-phalangeal and neurological anomalies syndrome	provenance-only:orphanet	425	no	KEEP-as-broadMatch	ICD code is RESIDUAL; cannot be an exact equivalent	"{source=""Orphanet:137658""}"
ICD10CM:Q87.8	Other specified congenital malformation syndromes, not elsewhere classified	RESIDUAL	MONDO:0014165	multiple congenital anomalies-hypotonia-seizures syndrome 3	provenance-only:orphanet	425	no	KEEP-as-broadMatch	ICD code is RESIDUAL; cannot be an exact equivalent	"{source=""Orphanet:369837""}"
ICD10CM:Q87.8	Other specified congenital malformation syndromes, not elsewhere classified	RESIDUAL	MONDO:0014176	hypotonia, infantile, with psychomotor retardation and characteristic facies	provenance-only:orphanet	425	no	KEEP-as-broadMatch	ICD code is RESIDUAL; cannot be an exact equivalent	"{source=""Orphanet:371364""}"
ICD10CM:Q87.8	Other specified congenital malformation syndromes, not elsewhere classified	RESIDUAL	MONDO:0014196	Hartsfield-Bixler-Demyer syndrome	provenance-only:orphanet	425	no	KEEP-as-broadMatch	ICD code is RESIDUAL; cannot be an exact equivalent	"{source=""Orphanet:2117""}"
ICD10CM:Q87.8	Other specified congenital malformation syndromes, not elsewhere classified	RESIDUAL	MONDO:0014213	CTCF-related neurodevelopmental disorder	provenance-only:orphanet	425	no	KEEP-as-broadMatch	ICD code is RESIDUAL; cannot be an exact equivalent	"{source=""Orphanet:363611""}"
ICD10CM:Q87.8	Other specified congenital malformation syndromes, not elsewhere classified	RESIDUAL	MONDO:0014238	severe intellectual disability-short stature-behavioral abnormalities-facial dysmorphism syndrome	provenance-only:orphanet	425	no	KEEP-as-broadMatch	ICD code is RESIDUAL; cannot be an exact equivalent	"{source=""Orphanet:391307""}"
ICD10CM:Q87.8	Other specified congenital malformation syndromes, not elsewhere classified	RESIDUAL	MONDO:0014248	autism spectrum disorder - epilepsy - arthrogryposis syndrome	provenance-only:orphanet	425	no	KEEP-as-broadMatch	ICD code is RESIDUAL; cannot be an exact equivalent	"{source=""Orphanet:370943""}"
ICD10CM:Q87.8	Other specified congenital malformation syndromes, not elsewhere classified	RESIDUAL	MONDO:0014273	microcephaly-thin corpus callosum-intellectual disability syndrome	provenance-only:orphanet	425	no	KEEP-as-broadMatch	ICD code is RESIDUAL; cannot be an exact equivalent	"{source=""Orphanet:397951""}"
ICD10CM:Q87.8	Other specified congenital malformation syndromes, not elsewhere classified	RESIDUAL	MONDO:0014358	AHDC1-related intellectual disability - obstructive sleep apnea - mild dysmorphism syndrome	provenance-only:orphanet	425	no	KEEP-as-broadMatch	ICD code is RESIDUAL; cannot be an exact equivalent	"{source=""Orphanet:412069""}"
ICD10CM:Q87.8	Other specified congenital malformation syndromes, not elsewhere classified	RESIDUAL	MONDO:0014369	postaxial polydactyly-anterior pituitary anomalies-facial dysmorphism syndrome	provenance-only:orphanet	425	no	KEEP-as-broadMatch	ICD code is RESIDUAL; cannot be an exact equivalent	"{source=""Orphanet:420584""}"
ICD10CM:Q87.8	Other specified congenital malformation syndromes, not elsewhere classified	RESIDUAL	MONDO:0014455	cataract-growth hormone deficiency-sensory neuropathy-sensorineural hearing loss-skeletal dysplasia syndrome	provenance-only:orphanet	425	no	KEEP-as-broadMatch	ICD code is RESIDUAL; cannot be an exact equivalent	"{source=""Orphanet:436174""}"
ICD10CM:Q87.8	Other specified congenital malformation syndromes, not elsewhere classified	RESIDUAL	MONDO:0014495	retinitis pigmentosa-juvenile cataract-short stature-intellectual disability syndrome	orphanet-btnt	425	no	KEEP-as-broadMatch	ICD code is RESIDUAL; cannot be an exact equivalent	"{source=""Orphanet:436245/btnt"", source=""Orphanet:436245""}"
ICD10CM:Q87.8	Other specified congenital malformation syndromes, not elsewhere classified	RESIDUAL	MONDO:0014507	Catel-Manzke syndrome	provenance-only:orphanet	425	no	KEEP-as-broadMatch	ICD code is RESIDUAL; cannot be an exact equivalent	"{source=""Orphanet:1388""}"
ICD10CM:Q87.8	Other specified congenital malformation syndromes, not elsewhere classified	RESIDUAL	MONDO:0014556	congenital contractures of the limbs and face, hypotonia, and developmental delay	other-mondo-qualifier:mondoSubClassOfSource	425	no	KEEP-as-broadMatch	ICD code is RESIDUAL; cannot be an exact equivalent	"{source=""MONDO:mondoSubClassOfSource"", source=""Orphanet:562528""}"
ICD10CM:Q87.8	Other specified congenital malformation syndromes, not elsewhere classified	RESIDUAL	MONDO:0014601	autosomal recessive spinocerebellar ataxia 20	provenance-only:orphanet	425	no	KEEP-as-broadMatch	ICD code is RESIDUAL; cannot be an exact equivalent	"{source=""Orphanet:397709""}"
ICD10CM:Q87.8	Other specified congenital malformation syndromes, not elsewhere classified	RESIDUAL	MONDO:0014609	cognitive impairment - coarse facies - heart defects - obesity - pulmonary involvement - short stature - skeletal dysplasia syndrome	provenance-only:orphanet	425	no	KEEP-as-broadMatch	ICD code is RESIDUAL; cannot be an exact equivalent	"{source=""Orphanet:444077""}"
ICD10CM:Q87.8	Other specified congenital malformation syndromes, not elsewhere classified	RESIDUAL	MONDO:0014700	Au-Kline syndrome	provenance-only:orphanet	425	no	KEEP-as-broadMatch	ICD code is RESIDUAL; cannot be an exact equivalent	"{source=""Orphanet:2729""}"
ICD10CM:Q87.8	Other specified congenital malformation syndromes, not elsewhere classified	RESIDUAL	MONDO:0014773	cardiac anomalies - developmental delay - facial dysmorphism syndrome	provenance-only:orphanet	425	no	KEEP-as-broadMatch	ICD code is RESIDUAL; cannot be an exact equivalent	"{source=""Orphanet:369891""}"
ICD10CM:Q87.8	Other specified congenital malformation syndromes, not elsewhere classified	RESIDUAL	MONDO:0015201	ankyloblepharon filiforme-imperforate anus syndrome	provenance-only:orphanet	425	no	KEEP-as-broadMatch	ICD code is RESIDUAL; cannot be an exact equivalent	"{source=""Orphanet:1074""}"
ICD10CM:Q87.8	Other specified congenital malformation syndromes, not elsewhere classified	RESIDUAL	MONDO:0015229	Bardet-Biedl syndrome	provenance-only:orphanet	425	no	KEEP-as-broadMatch	ICD code is RESIDUAL; cannot be an exact equivalent	"{source=""Orphanet:110/inclusion"", source=""Orphanet:110""}"
ICD10CM:Q87.8	Other specified congenital malformation syndromes, not elsewhere classified	RESIDUAL	MONDO:0015230	anophthalmia-megalocornea-cardiopathy-skeletal anomalies syndrome	provenance-only:orphanet	425	no	KEEP-as-broadMatch	ICD code is RESIDUAL; cannot be an exact equivalent	"{source=""Orphanet:1101""}"
ICD10CM:Q87.8	Other specified congenital malformation syndromes, not elsewhere classified	RESIDUAL	MONDO:0015234	arachnodactyly-abnormal ossification-intellectual disability syndrome	provenance-only:orphanet	425	no	KEEP-as-broadMatch	ICD code is RESIDUAL; cannot be an exact equivalent	"{source=""Orphanet:1129""}"
ICD10CM:Q87.8	Other specified congenital malformation syndromes, not elsewhere classified	RESIDUAL	MONDO:0015235	arachnodactyly-intellectual disability-dysmorphism syndrome	provenance-only:orphanet	425	no	KEEP-as-broadMatch	ICD code is RESIDUAL; cannot be an exact equivalent	"{source=""Orphanet:1130""}"
ICD10CM:Q87.8	Other specified congenital malformation syndromes, not elsewhere classified	RESIDUAL	MONDO:0015259	brachydactyly-mesomelia-intellectual disability-heart defects syndrome	provenance-only:orphanet	425	no	KEEP-as-broadMatch	ICD code is RESIDUAL; cannot be an exact equivalent	"{source=""Orphanet:1277""}"
ICD10CM:Q87.8	Other specified congenital malformation syndromes, not elsewhere classified	RESIDUAL	MONDO:0015267	Feingold syndrome	provenance-only:orphanet	425	no	KEEP-as-broadMatch	ICD code is RESIDUAL; cannot be an exact equivalent	"{source=""DOID:0060464"", source=""Orphanet:1305""}"
ICD10CM:Q87.8	Other specified congenital malformation syndromes, not elsewhere classified	RESIDUAL	MONDO:0015280	cardiofaciocutaneous syndrome	provenance-only:orphanet	425	no	KEEP-as-broadMatch	ICD code is RESIDUAL; cannot be an exact equivalent	"{source=""Orphanet:1340"", source=""DOID:0060233""}"
ICD10CM:Q87.8	Other specified congenital malformation syndromes, not elsewhere classified	RESIDUAL	MONDO:0015295	intractable diarrhea-choanal atresia-eye anomalies syndrome	provenance-only:orphanet	425	no	KEEP-as-broadMatch	ICD code is RESIDUAL; cannot be an exact equivalent	"{source=""Orphanet:137622""}"
ICD10CM:Q87.8	Other specified congenital malformation syndromes, not elsewhere classified	RESIDUAL	MONDO:0015324	cataract-intellectual disability-anal atresia-urinary defects syndrome	provenance-only:orphanet	425	no	KEEP-as-broadMatch	ICD code is RESIDUAL; cannot be an exact equivalent	"{source=""Orphanet:1381""}"
ICD10CM:Q87.8	Other specified congenital malformation syndromes, not elsewhere classified	RESIDUAL	MONDO:0015325	cataract-deafness-hypogonadism syndrome	provenance-only:orphanet	425	no	KEEP-as-broadMatch	ICD code is RESIDUAL; cannot be an exact equivalent	"{source=""Orphanet:1383""}"
ICD10CM:Q87.8	Other specified congenital malformation syndromes, not elsewhere classified	RESIDUAL	MONDO:0015326	night blindness-skeletal anomalies-dysmorphism syndrome	provenance-only:orphanet	425	no	KEEP-as-broadMatch	ICD code is RESIDUAL; cannot be an exact equivalent	"{source=""Orphanet:1390""}"
ICD10CM:Q87.8	Other specified congenital malformation syndromes, not elsewhere classified	RESIDUAL	MONDO:0015458	intellectual disability-hypoplastic corpus callosum-preauricular tag syndrome	provenance-only:orphanet	425	no	KEEP-as-broadMatch	ICD code is RESIDUAL; cannot be an exact equivalent	"{source=""Orphanet:1495""}"
ICD10CM:Q87.8	Other specified congenital malformation syndromes, not elsewhere classified	RESIDUAL	MONDO:0015464	craniofrontonasal dysplasia-Poland anomaly syndrome	provenance-only:orphanet	425	no	KEEP-as-broadMatch	ICD code is RESIDUAL; cannot be an exact equivalent	"{source=""Orphanet:1521""}"
ICD10CM:Q87.8	Other specified congenital malformation syndromes, not elsewhere classified	RESIDUAL	MONDO:0015473	cryptorchidism-arachnodactyly-intellectual disability syndrome	provenance-only:orphanet	425	no	KEEP-as-broadMatch	ICD code is RESIDUAL; cannot be an exact equivalent	"{source=""Orphanet:1548""}"
ICD10CM:Q87.8	Other specified congenital malformation syndromes, not elsewhere classified	RESIDUAL	MONDO:0015600	X-linked intellectual disability, Cilliers type	provenance-only:orphanet	425	no	KEEP-as-broadMatch	ICD code is RESIDUAL; cannot be an exact equivalent	"{source=""Orphanet:163971""}"
ICD10CM:Q87.8	Other specified congenital malformation syndromes, not elsewhere classified	RESIDUAL	MONDO:0015601	X-linked intellectual disability, van Esch type	provenance-only:orphanet	425	no	KEEP-as-broadMatch	ICD code is RESIDUAL; cannot be an exact equivalent	"{source=""Orphanet:163976""}"
ICD10CM:Q87.8	Other specified congenital malformation syndromes, not elsewhere classified	RESIDUAL	MONDO:0015751	craniosynostosis-hydrocephalus-Arnold-Chiari malformation type I-radioulnar synostosis syndrome	provenance-only:orphanet	425	no	KEEP-as-broadMatch	ICD code is RESIDUAL; cannot be an exact equivalent	"{source=""Orphanet:171839""}"
ICD10CM:Q87.8	Other specified congenital malformation syndromes, not elsewhere classified	RESIDUAL	MONDO:0015781	facial dysmorphism-shawl scrotum-joint laxity syndrome	provenance-only:orphanet	425	no	KEEP-as-broadMatch	ICD code is RESIDUAL; cannot be an exact equivalent	"{source=""Orphanet:1778""}"
ICD10CM:Q87.8	Other specified congenital malformation syndromes, not elsewhere classified	RESIDUAL	MONDO:0015944	axial mesodermal dysplasia spectrum	provenance-only:orphanet	425	no	KEEP-as-broadMatch	ICD code is RESIDUAL; cannot be an exact equivalent	"{source=""Orphanet:1834""}"
ICD10CM:Q87.8	Other specified congenital malformation syndromes, not elsewhere classified	RESIDUAL	MONDO:0016024	shoulder and thorax deformity-congenital heart disease syndrome	provenance-only:orphanet	425	no	KEEP-as-broadMatch	ICD code is RESIDUAL; cannot be an exact equivalent	"{source=""Orphanet:1940""}"
ICD10CM:Q87.8	Other specified congenital malformation syndromes, not elsewhere classified	RESIDUAL	MONDO:0016051	cleft lip-retinopathy syndrome	provenance-only:orphanet	425	no	KEEP-as-broadMatch	ICD code is RESIDUAL; cannot be an exact equivalent	"{source=""Orphanet:1995""}"
ICD10CM:Q87.8	Other specified congenital malformation syndromes, not elsewhere classified	RESIDUAL	MONDO:0016059	cleft lip/palate-deafness-sacral lipoma syndrome	provenance-only:orphanet	425	no	KEEP-as-broadMatch	ICD code is RESIDUAL; cannot be an exact equivalent	"{source=""Orphanet:2003""}"
ICD10CM:Q87.8	Other specified congenital malformation syndromes, not elsewhere classified	RESIDUAL	MONDO:0016087	progressive non-infectious anterior vertebral fusion	provenance-only:orphanet	425	no	KEEP-as-broadMatch	ICD code is RESIDUAL; cannot be an exact equivalent	"{source=""Orphanet:2062""}"
ICD10CM:Q87.8	Other specified congenital malformation syndromes, not elsewhere classified	RESIDUAL	MONDO:0016219	dysmorphism-pectus carinatum-joint laxity syndrome	provenance-only:orphanet	425	no	KEEP-as-broadMatch	ICD code is RESIDUAL; cannot be an exact equivalent	"{source=""Orphanet:2104""}"
ICD10CM:Q87.8	Other specified congenital malformation syndromes, not elsewhere classified	RESIDUAL	MONDO:0016256	Hennekam syndrome	provenance-only:orphanet	425	no	KEEP-as-broadMatch	ICD code is RESIDUAL; cannot be an exact equivalent	"{source=""Orphanet:2136""}"
ICD10CM:Q87.8	Other specified congenital malformation syndromes, not elsewhere classified	RESIDUAL	MONDO:0016290	Hernández-Aguirre Negrete syndrome	provenance-only:orphanet	425	no	KEEP-as-broadMatch	ICD code is RESIDUAL; cannot be an exact equivalent	"{source=""Orphanet:2139""}"
ICD10CM:Q87.8	Other specified congenital malformation syndromes, not elsewhere classified	RESIDUAL	MONDO:0016350	hydrocephalus-blue sclerae-nephropathy syndrome	provenance-only:orphanet	425	no	KEEP-as-broadMatch	ICD code is RESIDUAL; cannot be an exact equivalent	"{source=""Orphanet:2186""}"
ICD10CM:Q87.8	Other specified congenital malformation syndromes, not elsewhere classified	RESIDUAL	MONDO:0016385	hypogonadism-mitral valve prolapse-intellectual disability syndrome	provenance-only:orphanet	425	no	KEEP-as-broadMatch	ICD code is RESIDUAL; cannot be an exact equivalent	"{source=""Orphanet:2233""}"
ICD10CM:Q87.8	Other specified congenital malformation syndromes, not elsewhere classified	RESIDUAL	MONDO:0016417	congenital ichthyosis-microcephalus-tetraplegia syndrome	provenance-only:orphanet	425	no	KEEP-as-broadMatch	ICD code is RESIDUAL; cannot be an exact equivalent	"{source=""Orphanet:2271""}"
ICD10CM:Q87.8	Other specified congenital malformation syndromes, not elsewhere classified	RESIDUAL	MONDO:0016433	dysmorphism-short stature-deafness-disorder of sex development syndrome	provenance-only:orphanet	425	no	KEEP-as-broadMatch	ICD code is RESIDUAL; cannot be an exact equivalent	"{source=""Orphanet:2282""}"
ICD10CM:Q87.8	Other specified congenital malformation syndromes, not elsewhere classified	RESIDUAL	MONDO:0016460	polyvalvular heart disease syndrome	provenance-only:orphanet	425	no	KEEP-as-broadMatch	ICD code is RESIDUAL; cannot be an exact equivalent	"{source=""Orphanet:228410""}"
ICD10CM:Q87.8	Other specified congenital malformation syndromes, not elsewhere classified	RESIDUAL	MONDO:0016522	Kousseff syndrome	provenance-only:orphanet	425	no	KEEP-as-broadMatch	ICD code is RESIDUAL; cannot be an exact equivalent	"{source=""Orphanet:2351""}"
ICD10CM:Q87.8	Other specified congenital malformation syndromes, not elsewhere classified	RESIDUAL	MONDO:0016528	limb body wall complex	provenance-only:orphanet	425	no	KEEP-as-broadMatch	ICD code is RESIDUAL; cannot be an exact equivalent	"{source=""Orphanet:2369""}"
ICD10CM:Q87.8	Other specified congenital malformation syndromes, not elsewhere classified	RESIDUAL	MONDO:0016568	Lowe-Kohn-Cohen syndrome	provenance-only:orphanet	425	no	KEEP-as-broadMatch	ICD code is RESIDUAL; cannot be an exact equivalent	"{source=""Orphanet:2408""}"
ICD10CM:Q87.8	Other specified congenital malformation syndromes, not elsewhere classified	RESIDUAL	MONDO:0016719	microcephaly-seizures-intellectual disability-heart disease syndrome	provenance-only:orphanet	425	no	KEEP-as-broadMatch	ICD code is RESIDUAL; cannot be an exact equivalent	"{source=""Orphanet:2519""}"
ICD10CM:Q87.8	Other specified congenital malformation syndromes, not elsewhere classified	RESIDUAL	MONDO:0016750	microcephaly-cleft palate syndrome	provenance-only:orphanet	425	no	KEEP-as-broadMatch	ICD code is RESIDUAL; cannot be an exact equivalent	"{source=""Orphanet:2521""}"
ICD10CM:Q87.8	Other specified congenital malformation syndromes, not elsewhere classified	RESIDUAL	MONDO:0016760	microcephaly-microcornea syndrome, Seemanova type	provenance-only:orphanet	425	no	KEEP-as-broadMatch	ICD code is RESIDUAL; cannot be an exact equivalent	"{source=""Orphanet:2528""}"
ICD10CM:Q87.8	Other specified congenital malformation syndromes, not elsewhere classified	RESIDUAL	MONDO:0016863	Okihiro syndrome due to 20q13 microdeletion	provenance-only:orphanet	425	no	KEEP-as-broadMatch	ICD code is RESIDUAL; cannot be an exact equivalent	"{source=""Orphanet:261638""}"
ICD10CM:Q87.8	Other specified congenital malformation syndromes, not elsewhere classified	RESIDUAL	MONDO:0016864	Okihiro syndrome due to a point mutation	provenance-only:orphanet	425	no	KEEP-as-broadMatch	ICD code is RESIDUAL; cannot be an exact equivalent	"{source=""Orphanet:261647""}"
ICD10CM:Q87.8	Other specified congenital malformation syndromes, not elsewhere classified	RESIDUAL	MONDO:0016865	Kleefstra syndrome due to a point mutation	provenance-only:orphanet	425	no	KEEP-as-broadMatch	ICD code is RESIDUAL; cannot be an exact equivalent	"{source=""Orphanet:261652""}"
ICD10CM:Q87.8	Other specified congenital malformation syndromes, not elsewhere classified	RESIDUAL	MONDO:0017138	Opitz G/BBB syndrome	provenance-only:orphanet	425	no	KEEP-as-broadMatch	ICD code is RESIDUAL; cannot be an exact equivalent	"{source=""Orphanet:2745""}"
ICD10CM:Q87.8	Other specified congenital malformation syndromes, not elsewhere classified	RESIDUAL	MONDO:0017196	osteogenesis imperfecta-retinopathy-seizures-intellectual disability syndrome	provenance-only:orphanet	425	no	KEEP-as-broadMatch	ICD code is RESIDUAL; cannot be an exact equivalent	"{source=""Orphanet:2773""}"
ICD10CM:Q87.8	Other specified congenital malformation syndromes, not elsewhere classified	RESIDUAL	MONDO:0017312	Perrault syndrome	provenance-only:orphanet	425	no	KEEP-as-broadMatch	ICD code is RESIDUAL; cannot be an exact equivalent	"{source=""Orphanet:2855""}"
ICD10CM:Q87.8	Other specified congenital malformation syndromes, not elsewhere classified	RESIDUAL	MONDO:0017315	short stature-webbed neck-heart disease syndrome	provenance-only:orphanet	425	no	KEEP-as-broadMatch	ICD code is RESIDUAL; cannot be an exact equivalent	"{source=""Orphanet:2865""}"
ICD10CM:Q87.8	Other specified congenital malformation syndromes, not elsewhere classified	RESIDUAL	MONDO:0017379	polyneuropathy-intellectual disability-acromicria-premature menopause syndrome	provenance-only:orphanet	425	no	KEEP-as-broadMatch	ICD code is RESIDUAL; cannot be an exact equivalent	"{source=""Orphanet:2928""}"
ICD10CM:Q87.8	Other specified congenital malformation syndromes, not elsewhere classified	RESIDUAL	MONDO:0017398	3MC syndrome	provenance-only:orphanet	425	no	KEEP-as-broadMatch	ICD code is RESIDUAL; cannot be an exact equivalent	"{source=""DOID:0060225"", source=""Orphanet:293843""}"
ICD10CM:Q87.8	Other specified congenital malformation syndromes, not elsewhere classified	RESIDUAL	MONDO:0017568	Prata-Liberal-Goncalves syndrome	provenance-only:orphanet	425	no	KEEP-as-broadMatch	ICD code is RESIDUAL; cannot be an exact equivalent	"{source=""Orphanet:2956""}"
ICD10CM:Q87.8	Other specified congenital malformation syndromes, not elsewhere classified	RESIDUAL	MONDO:0017569	de Barsy syndrome	provenance-only:orphanet	425	no	KEEP-as-broadMatch	ICD code is RESIDUAL; cannot be an exact equivalent	"{source=""Orphanet:2962""}"
ICD10CM:Q87.8	Other specified congenital malformation syndromes, not elsewhere classified	RESIDUAL	MONDO:0017614	X-linked intellectual disability-hypogonadism-ichthyosis-obesity-short stature syndrome	provenance-only:orphanet	425	no	KEEP-as-broadMatch	ICD code is RESIDUAL; cannot be an exact equivalent	"{source=""Orphanet:3055""}"
ICD10CM:Q87.8	Other specified congenital malformation syndromes, not elsewhere classified	RESIDUAL	MONDO:0017616	X-linked intellectual disability, Schutz type	provenance-only:orphanet	425	no	KEEP-as-broadMatch	ICD code is RESIDUAL; cannot be an exact equivalent	"{source=""Orphanet:3062""}"
ICD10CM:Q87.8	Other specified congenital malformation syndromes, not elsewhere classified	RESIDUAL	MONDO:0017642	intellectual disability-microcephaly-phalangeal-facial abnormalities syndrome	provenance-only:orphanet	425	no	KEEP-as-broadMatch	ICD code is RESIDUAL; cannot be an exact equivalent	"{source=""Orphanet:3067""}"
ICD10CM:Q87.8	Other specified congenital malformation syndromes, not elsewhere classified	RESIDUAL	MONDO:0017668	intellectual disability-short stature-hypertelorism syndrome	provenance-only:orphanet	425	no	KEEP-as-broadMatch	ICD code is RESIDUAL; cannot be an exact equivalent	"{source=""Orphanet:3074""}"
ICD10CM:Q87.8	Other specified congenital malformation syndromes, not elsewhere classified	RESIDUAL	MONDO:0017920	deafness-genital anomalies-metacarpal and metatarsal synostosis syndrome	provenance-only:orphanet	425	no	KEEP-as-broadMatch	ICD code is RESIDUAL; cannot be an exact equivalent	"{source=""Orphanet:3224""}"
ICD10CM:Q87.8	Other specified congenital malformation syndromes, not elsewhere classified	RESIDUAL	MONDO:0017951	trichorhinophalangeal syndrome	provenance-only:orphanet	425	no	KEEP-as-broadMatch	ICD code is RESIDUAL; cannot be an exact equivalent	"{source=""Orphanet:324764""}"
ICD10CM:Q87.8	Other specified congenital malformation syndromes, not elsewhere classified	RESIDUAL	MONDO:0018043	Thomas syndrome	provenance-only:orphanet	425	no	KEEP-as-broadMatch	ICD code is RESIDUAL; cannot be an exact equivalent	"{source=""Orphanet:3316""}"
ICD10CM:Q87.8	Other specified congenital malformation syndromes, not elsewhere classified	RESIDUAL	MONDO:0018091	microcephaly-brachydactyly-kyphoscoliosis syndrome	provenance-only:orphanet	425	no	KEEP-as-broadMatch	ICD code is RESIDUAL; cannot be an exact equivalent	"{source=""Orphanet:3433""}"
ICD10CM:Q87.8	Other specified congenital malformation syndromes, not elsewhere classified	RESIDUAL	MONDO:0018095	Weaver-Williams syndrome	provenance-only:orphanet	425	no	KEEP-as-broadMatch	ICD code is RESIDUAL; cannot be an exact equivalent	"{source=""Orphanet:3448""}"
ICD10CM:Q87.8	Other specified congenital malformation syndromes, not elsewhere classified	RESIDUAL	MONDO:0018247	CADDS	provenance-only:orphanet	425	no	KEEP-as-broadMatch	ICD code is RESIDUAL; cannot be an exact equivalent	"{source=""Orphanet:369942""}"
ICD10CM:Q87.8	Other specified congenital malformation syndromes, not elsewhere classified	RESIDUAL	MONDO:0018248	intellectual disability-seizures-macrocephaly-obesity syndrome	provenance-only:orphanet	425	no	KEEP-as-broadMatch	ICD code is RESIDUAL; cannot be an exact equivalent	"{source=""Orphanet:369950""}"
ICD10CM:Q87.8	Other specified congenital malformation syndromes, not elsewhere classified	RESIDUAL	MONDO:0018320	primary microcephaly-mild intellectual disability-young-onset diabetes syndrome	provenance-only:orphanet	425	no	KEEP-as-broadMatch	ICD code is RESIDUAL; cannot be an exact equivalent	"{source=""Orphanet:391408""}"
ICD10CM:Q87.8	Other specified congenital malformation syndromes, not elsewhere classified	RESIDUAL	MONDO:0018443	FBLN1-related developmental delay-central nervous system anomaly-syndactyly syndrome	provenance-only:orphanet	425	no	KEEP-as-broadMatch	ICD code is RESIDUAL; cannot be an exact equivalent	"{source=""Orphanet:404451""}"
ICD10CM:Q87.8	Other specified congenital malformation syndromes, not elsewhere classified	RESIDUAL	MONDO:0018569	X-linked microcephaly-growth retardation-prognathism-cryptorchidism syndrome	provenance-only:orphanet	425	no	KEEP-as-broadMatch	ICD code is RESIDUAL; cannot be an exact equivalent	"{source=""Orphanet:435938""}"
ICD10CM:Q87.8	Other specified congenital malformation syndromes, not elsewhere classified	RESIDUAL	MONDO:0018572	severe intellectual disability-hypotonia-strabismus-coarse face-planovalgus syndrome	provenance-only:orphanet	425	no	KEEP-as-broadMatch	ICD code is RESIDUAL; cannot be an exact equivalent	"{source=""Orphanet:436141""}"
ICD10CM:Q87.8	Other specified congenital malformation syndromes, not elsewhere classified	RESIDUAL	MONDO:0018861	Zellweger-like syndrome without peroxisomal anomalies	provenance-only:orphanet	425	no	KEEP-as-broadMatch	ICD code is RESIDUAL; cannot be an exact equivalent	"{source=""Orphanet:50812""}"
ICD10CM:Q87.8	Other specified congenital malformation syndromes, not elsewhere classified	RESIDUAL	MONDO:0018965	Alport syndrome	provenance-only:orphanet	425	no	KEEP-as-broadMatch	ICD code is RESIDUAL; cannot be an exact equivalent	"{source=""Orphanet:63/inclusion"", source=""Orphanet:63""}"
ICD10CM:Q87.8	Other specified congenital malformation syndromes, not elsewhere classified	RESIDUAL	MONDO:0018976	schisis association	provenance-only:orphanet	425	no	KEEP-as-broadMatch	ICD code is RESIDUAL; cannot be an exact equivalent	"{source=""Orphanet:63862""}"
ICD10CM:Q87.8	Other specified congenital malformation syndromes, not elsewhere classified	RESIDUAL	MONDO:0019075	Bosley-Salih-Alorainy syndrome	provenance-only:orphanet	425	no	KEEP-as-broadMatch	ICD code is RESIDUAL; cannot be an exact equivalent	"{source=""Orphanet:69737""}"
ICD10CM:Q87.8	Other specified congenital malformation syndromes, not elsewhere classified	RESIDUAL	MONDO:0019078	Ritscher-Schinzel syndrome	provenance-only:orphanet	425	no	KEEP-as-broadMatch	ICD code is RESIDUAL; cannot be an exact equivalent	"{source=""Orphanet:7"", source=""DOID:0060565""}"
ICD10CM:Q87.8	Other specified congenital malformation syndromes, not elsewhere classified	RESIDUAL	MONDO:0019129	global developmental delay-osteopenia-ectodermal defect syndrome	provenance-only:orphanet	425	no	KEEP-as-broadMatch	ICD code is RESIDUAL; cannot be an exact equivalent	"{source=""Orphanet:73223""}"
ICD10CM:Q87.8	Other specified congenital malformation syndromes, not elsewhere classified	RESIDUAL	MONDO:0019133	visceral neuropathy-brain anomalies-facial dysmorphism-developmental delay syndrome	provenance-only:orphanet	425	no	KEEP-as-broadMatch	ICD code is RESIDUAL; cannot be an exact equivalent	"{source=""Orphanet:73246""}"
ICD10CM:Q87.8	Other specified congenital malformation syndromes, not elsewhere classified	RESIDUAL	MONDO:0019153	brain malformation-congenital heart disease-postaxial polydactyly syndrome	provenance-only:orphanet	425	no	KEEP-as-broadMatch	ICD code is RESIDUAL; cannot be an exact equivalent	"{source=""Orphanet:75389""}"
ICD10CM:Q87.8	Other specified congenital malformation syndromes, not elsewhere classified	RESIDUAL	MONDO:0019388	pelvis syndrome	provenance-only:orphanet	425	no	KEEP-as-broadMatch	ICD code is RESIDUAL; cannot be an exact equivalent	"{source=""Orphanet:83628""}"
ICD10CM:Q87.8	Other specified congenital malformation syndromes, not elsewhere classified	RESIDUAL	MONDO:0019414	BRESEK syndrome	provenance-only:orphanet	425	no	KEEP-as-broadMatch	ICD code is RESIDUAL; cannot be an exact equivalent	"{source=""Orphanet:85284""}"
ICD10CM:Q87.8	Other specified congenital malformation syndromes, not elsewhere classified	RESIDUAL	MONDO:0019416	X-linked intellectual disability-hypogammaglobulinemia-progressive neurological deterioration syndrome	provenance-only:orphanet	425	no	KEEP-as-broadMatch	ICD code is RESIDUAL; cannot be an exact equivalent	"{source=""Orphanet:85317""}"
ICD10CM:Q87.8	Other specified congenital malformation syndromes, not elsewhere classified	RESIDUAL	MONDO:0019417	X-linked intellectual disability-precocious puberty-obesity syndrome	provenance-only:orphanet	425	no	KEEP-as-broadMatch	ICD code is RESIDUAL; cannot be an exact equivalent	"{source=""Orphanet:85318""}"
ICD10CM:Q87.8	Other specified congenital malformation syndromes, not elsewhere classified	RESIDUAL	MONDO:0019418	X-linked intellectual disability-epilepsy-progressive joint contractures-dysmorphism syndrome	provenance-only:orphanet	425	no	KEEP-as-broadMatch	ICD code is RESIDUAL; cannot be an exact equivalent	"{source=""Orphanet:85319""}"
ICD10CM:Q87.8	Other specified congenital malformation syndromes, not elsewhere classified	RESIDUAL	MONDO:0019419	X-linked intellectual disability-macrocephaly-macroorchidism syndrome	provenance-only:orphanet	425	no	KEEP-as-broadMatch	ICD code is RESIDUAL; cannot be an exact equivalent	"{source=""Orphanet:85320""}"
ICD10CM:Q87.8	Other specified congenital malformation syndromes, not elsewhere classified	RESIDUAL	MONDO:0019420	X-linked intellectual disability, Pai type	provenance-only:orphanet	425	no	KEEP-as-broadMatch	ICD code is RESIDUAL; cannot be an exact equivalent	"{source=""Orphanet:85322""}"
ICD10CM:Q87.8	Other specified congenital malformation syndromes, not elsewhere classified	RESIDUAL	MONDO:0019421	X-linked intellectual disability, Seemanova type	provenance-only:orphanet	425	no	KEEP-as-broadMatch	ICD code is RESIDUAL; cannot be an exact equivalent	"{source=""Orphanet:85323""}"
ICD10CM:Q87.8	Other specified congenital malformation syndromes, not elsewhere classified	RESIDUAL	MONDO:0019422	X-linked intellectual disability, Stevenson type	provenance-only:orphanet	425	no	KEEP-as-broadMatch	ICD code is RESIDUAL; cannot be an exact equivalent	"{source=""Orphanet:85325""}"
ICD10CM:Q87.8	Other specified congenital malformation syndromes, not elsewhere classified	RESIDUAL	MONDO:0019423	X-linked intellectual disability, Stoll type	provenance-only:orphanet	425	no	KEEP-as-broadMatch	ICD code is RESIDUAL; cannot be an exact equivalent	"{source=""Orphanet:85326""}"
ICD10CM:Q87.8	Other specified congenital malformation syndromes, not elsewhere classified	RESIDUAL	MONDO:0019424	X-linked intellectual disability-acromegaly-hyperactivity syndrome	provenance-only:orphanet	425	no	KEEP-as-broadMatch	ICD code is RESIDUAL; cannot be an exact equivalent	"{source=""Orphanet:85327""}"
ICD10CM:Q87.8	Other specified congenital malformation syndromes, not elsewhere classified	RESIDUAL	MONDO:0019426	X-linked intellectual disability-corpus callosum agenesis-spastic quadriparesis syndrome	provenance-only:orphanet	425	no	KEEP-as-broadMatch	ICD code is RESIDUAL; cannot be an exact equivalent	"{source=""Orphanet:85330""}"
ICD10CM:Q87.8	Other specified congenital malformation syndromes, not elsewhere classified	RESIDUAL	MONDO:0019428	fried syndrome	provenance-only:orphanet	425	no	KEEP-as-broadMatch	ICD code is RESIDUAL; cannot be an exact equivalent	"{source=""Orphanet:85335""}"
ICD10CM:Q87.8	Other specified congenital malformation syndromes, not elsewhere classified	RESIDUAL	MONDO:0019518	Waardenburg-Shah syndrome	provenance-only:orphanet	425	no	KEEP-as-broadMatch	ICD code is RESIDUAL; cannot be an exact equivalent	"{source=""Orphanet:897""}"
ICD10CM:Q87.8	Other specified congenital malformation syndromes, not elsewhere classified	RESIDUAL	MONDO:0019569	Cockayne syndrome type 1	provenance-only:orphanet	425	no	KEEP-as-broadMatch	ICD code is RESIDUAL; cannot be an exact equivalent	"{source=""Orphanet:90321""}"
ICD10CM:Q87.8	Other specified congenital malformation syndromes, not elsewhere classified	RESIDUAL	MONDO:0019570	Cockayne syndrome type 2	provenance-only:orphanet	425	no	KEEP-as-broadMatch	ICD code is RESIDUAL; cannot be an exact equivalent	"{source=""Orphanet:90322""}"
ICD10CM:Q87.8	Other specified congenital malformation syndromes, not elsewhere classified	RESIDUAL	MONDO:0019609	Zellweger spectrum disorders	provenance-only:orphanet	425	no	KEEP-as-broadMatch	ICD code is RESIDUAL; cannot be an exact equivalent	"{source=""Orphanet:912/inclusion"", source=""Orphanet:912""}"
ICD10CM:Q87.8	Other specified congenital malformation syndromes, not elsewhere classified	RESIDUAL	MONDO:0019786	severe intellectual disability-epilepsy-anal anomalies-distal phalangeal hypoplasia	provenance-only:orphanet	425	no	KEEP-as-broadMatch	ICD code is RESIDUAL; cannot be an exact equivalent	"{source=""Orphanet:94066""}"
ICD10CM:Q87.8	Other specified congenital malformation syndromes, not elsewhere classified	RESIDUAL	MONDO:0019840	acropectororenal dysplasia	provenance-only:orphanet	425	no	KEEP-as-broadMatch	ICD code is RESIDUAL; cannot be an exact equivalent	"{source=""Orphanet:956""}"
ICD10CM:Q87.8	Other specified congenital malformation syndromes, not elsewhere classified	RESIDUAL	MONDO:0019896	Kleefstra syndrome due to 9q34 microdeletion	provenance-only:orphanet	425	no	KEEP-as-broadMatch	ICD code is RESIDUAL; cannot be an exact equivalent	"{source=""Orphanet:96147""}"
ICD10CM:Q87.8	Other specified congenital malformation syndromes, not elsewhere classified	RESIDUAL	MONDO:8000008	Martsolf syndrome 1	provenance-only:orphanet	425	no	KEEP-as-broadMatch	ICD code is RESIDUAL; cannot be an exact equivalent	"{source=""Orphanet:1387""}"
ICD10CM:Q87.89	Other specified congenital malformation syndromes, not elsewhere classified	RESIDUAL	MONDO:0008854	Bardet-Biedl syndrome 1	provenance-only:doid	20	no	KEEP-as-broadMatch	ICD code is RESIDUAL; cannot be an exact equivalent	"{source=""DOID:0110123""}"
ICD10CM:Q87.89	Other specified congenital malformation syndromes, not elsewhere classified	RESIDUAL	MONDO:0010832	Bardet-Biedl syndrome 3	provenance-only:doid	20	no	KEEP-as-broadMatch	ICD code is RESIDUAL; cannot be an exact equivalent	"{source=""DOID:0110125""}"
ICD10CM:Q87.89	Other specified congenital malformation syndromes, not elsewhere classified	RESIDUAL	MONDO:0011523	Bardet-Biedl syndrome 6	provenance-only:doid	20	no	KEEP-as-broadMatch	ICD code is RESIDUAL; cannot be an exact equivalent	"{source=""DOID:0110128""}"
ICD10CM:Q87.89	Other specified congenital malformation syndromes, not elsewhere classified	RESIDUAL	MONDO:0014432	Bardet-Biedl syndrome 2	provenance-only:doid	20	no	KEEP-as-broadMatch	ICD code is RESIDUAL; cannot be an exact equivalent	"{source=""DOID:0110124""}"
ICD10CM:Q87.89	Other specified congenital malformation syndromes, not elsewhere classified	RESIDUAL	MONDO:0014433	Bardet-Biedl syndrome 4	provenance-only:doid	20	no	KEEP-as-broadMatch	ICD code is RESIDUAL; cannot be an exact equivalent	"{source=""DOID:0110126""}"
ICD10CM:Q87.89	Other specified congenital malformation syndromes, not elsewhere classified	RESIDUAL	MONDO:0014434	Bardet-Biedl syndrome 5	provenance-only:doid	20	no	KEEP-as-broadMatch	ICD code is RESIDUAL; cannot be an exact equivalent	"{source=""DOID:0110127""}"
ICD10CM:Q87.89	Other specified congenital malformation syndromes, not elsewhere classified	RESIDUAL	MONDO:0014435	Bardet-Biedl syndrome 7	provenance-only:doid	20	no	KEEP-as-broadMatch	ICD code is RESIDUAL; cannot be an exact equivalent	"{source=""DOID:0110129""}"
ICD10CM:Q87.89	Other specified congenital malformation syndromes, not elsewhere classified	RESIDUAL	MONDO:0014436	Bardet-Biedl syndrome 8	provenance-only:doid	20	no	KEEP-as-broadMatch	ICD code is RESIDUAL; cannot be an exact equivalent	"{source=""DOID:0110130""}"
ICD10CM:Q87.89	Other specified congenital malformation syndromes, not elsewhere classified	RESIDUAL	MONDO:0014437	Bardet-Biedl syndrome 9	provenance-only:doid	20	no	KEEP-as-broadMatch	ICD code is RESIDUAL; cannot be an exact equivalent	"{source=""DOID:0110131""}"
ICD10CM:Q87.89	Other specified congenital malformation syndromes, not elsewhere classified	RESIDUAL	MONDO:0014438	Bardet-Biedl syndrome 10	provenance-only:doid	20	no	KEEP-as-broadMatch	ICD code is RESIDUAL; cannot be an exact equivalent	"{source=""DOID:0110132""}"
ICD10CM:Q87.89	Other specified congenital malformation syndromes, not elsewhere classified	RESIDUAL	MONDO:0014439	Bardet-Biedl syndrome 11	provenance-only:doid	20	no	KEEP-as-broadMatch	ICD code is RESIDUAL; cannot be an exact equivalent	"{source=""DOID:0110133""}"
ICD10CM:Q87.89	Other specified congenital malformation syndromes, not elsewhere classified	RESIDUAL	MONDO:0014440	Bardet-Biedl syndrome 12	provenance-only:doid	20	no	KEEP-as-broadMatch	ICD code is RESIDUAL; cannot be an exact equivalent	"{source=""DOID:0110134""}"
ICD10CM:Q87.89	Other specified congenital malformation syndromes, not elsewhere classified	RESIDUAL	MONDO:0014441	Bardet-Biedl syndrome 13	provenance-only:doid	20	no	KEEP-as-broadMatch	ICD code is RESIDUAL; cannot be an exact equivalent	"{source=""DOID:0110135""}"
ICD10CM:Q87.89	Other specified congenital malformation syndromes, not elsewhere classified	RESIDUAL	MONDO:0014442	Bardet-Biedl syndrome 14	provenance-only:doid	20	no	KEEP-as-broadMatch	ICD code is RESIDUAL; cannot be an exact equivalent	"{source=""DOID:0110136""}"
ICD10CM:Q87.89	Other specified congenital malformation syndromes, not elsewhere classified	RESIDUAL	MONDO:0014443	Bardet-Biedl syndrome 15	provenance-only:doid	20	no	KEEP-as-broadMatch	ICD code is RESIDUAL; cannot be an exact equivalent	"{source=""DOID:0110137""}"
ICD10CM:Q87.89	Other specified congenital malformation syndromes, not elsewhere classified	RESIDUAL	MONDO:0014444	Bardet-Biedl syndrome 16	provenance-only:doid	20	no	KEEP-as-broadMatch	ICD code is RESIDUAL; cannot be an exact equivalent	"{source=""DOID:0110138""}"
ICD10CM:Q87.89	Other specified congenital malformation syndromes, not elsewhere classified	RESIDUAL	MONDO:0014445	Bardet-Biedl syndrome 17	provenance-only:doid	20	no	KEEP-as-broadMatch	ICD code is RESIDUAL; cannot be an exact equivalent	"{source=""DOID:0110139""}"
ICD10CM:Q87.89	Other specified congenital malformation syndromes, not elsewhere classified	RESIDUAL	MONDO:0014446	Bardet-Biedl syndrome 18	provenance-only:doid	20	no	KEEP-as-broadMatch	ICD code is RESIDUAL; cannot be an exact equivalent	"{source=""DOID:0110140""}"
ICD10CM:Q87.89	Other specified congenital malformation syndromes, not elsewhere classified	RESIDUAL	MONDO:0014447	Bardet-Biedl syndrome 19	provenance-only:doid	20	no	KEEP-as-broadMatch	ICD code is RESIDUAL; cannot be an exact equivalent	"{source=""DOID:0110141""}"
ICD10CM:Q87.89	Other specified congenital malformation syndromes, not elsewhere classified	RESIDUAL	MONDO:0015229	Bardet-Biedl syndrome	provenance-only:doid	20	no	KEEP-as-broadMatch	ICD code is RESIDUAL; cannot be an exact equivalent	"{source=""DOID:1935""}"
ICD10CM:Q89.0	Congenital absence and malformations of spleen	CONTAINER	MONDO:0010066	familial isolated congenital asplenia	provenance-only:orphanet	2	no	KEEP-as-broadMatch	ICD code is CONTAINER; cannot be an exact equivalent	"{source=""Orphanet:101351""}"
ICD10CM:Q89.0	Congenital absence and malformations of spleen	CONTAINER	MONDO:0018703	isolated splenogonadal fusion	provenance-only:orphanet	2	no	KEEP-as-broadMatch	ICD code is CONTAINER; cannot be an exact equivalent	"{source=""Orphanet:457083""}"
ICD10CM:Q89.2	Congenital malformations of other endocrine glands	CONTAINER	MONDO:0008565	familial thyroglossal duct cyst	provenance-only:orphanet	2	no	KEEP-as-broadMatch	ICD code is CONTAINER; cannot be an exact equivalent	"{source=""Orphanet:93953""}"
ICD10CM:Q89.2	Congenital malformations of other endocrine glands	CONTAINER	MONDO:0017808	duplication of the pituitary gland	provenance-only:orphanet	2	no	KEEP-as-broadMatch	ICD code is CONTAINER; cannot be an exact equivalent	"{source=""Orphanet:314621""}"
ICD10CM:Q89.7	Multiple congenital malformations, not elsewhere classified	CONTAINER	MONDO:0010742	pentalogy of Cantrell	provenance-only:orphanet	2	no	KEEP-as-broadMatch	ICD code is CONTAINER; cannot be an exact equivalent	"{source=""Orphanet:1335""}"
ICD10CM:Q89.7	Multiple congenital malformations, not elsewhere classified	CONTAINER	MONDO:0017123	arthrogryposis-renal dysfunction-cholestasis syndrome	provenance-only:orphanet	2	no	KEEP-as-broadMatch	ICD code is CONTAINER; cannot be an exact equivalent	"{source=""Orphanet:2697""}"
ICD10CM:Q89.8	Other specified congenital malformations	RESIDUAL	MONDO:0008965	CHARGE syndrome	provenance-only:doid	1	no	KEEP-as-broadMatch	ICD code is RESIDUAL; cannot be an exact equivalent	"{source=""DOID:0050834""}"
ICD10CM:Q90.9	Down syndrome, unspecified	RESIDUAL	MONDO:0008608	Down syndrome	orphanet-btnt	1	match	KEEP-as-broadMatch	ICD code is RESIDUAL; cannot be an exact equivalent	"{source=""Orphanet:870/specific"", source=""DOID:14250"", source=""Orphanet:870/btnt"", source=""Orphanet:870""}"
ICD10CM:Q91.3	Trisomy 18, unspecified	RESIDUAL	MONDO:0018071	trisomy 18	orphanet-btnt	1	match	KEEP-as-broadMatch	ICD code is RESIDUAL; cannot be an exact equivalent	"{source=""Orphanet:3380/specific"", source=""Orphanet:3380/btnt"", source=""Orphanet:3380"", source=""DOID:1085""}"
ICD10CM:Q91.7	Trisomy 13, unspecified	RESIDUAL	MONDO:0018068	trisomy 13	orphanet-btnt	1	match	KEEP-as-broadMatch	ICD code is RESIDUAL; cannot be an exact equivalent	"{source=""DOID:11665"", source=""Orphanet:3378"", source=""Orphanet:3378/btnt"", source=""Orphanet:3378/specific""}"
ICD10CM:Q92.1	Whole chromosome trisomy, mosaicism (mitotic nondisjunction)	DISEASE	MONDO:0015060	mosaic trisomy 3	provenance-only:orphanet	16	no	KEEP-as-broadMatch	16 Mondo terms share this code; Mondo is narrower	"{source=""Orphanet:100071""}"
ICD10CM:Q92.1	Whole chromosome trisomy, mosaicism (mitotic nondisjunction)	DISEASE	MONDO:0015706	mosaic trisomy 1	provenance-only:orphanet	16	no	KEEP-as-broadMatch	16 Mondo terms share this code; Mondo is narrower	"{source=""Orphanet:1692""}"
ICD10CM:Q92.1	Whole chromosome trisomy, mosaicism (mitotic nondisjunction)	DISEASE	MONDO:0015718	mosaic trisomy 12	provenance-only:orphanet	16	no	KEEP-as-broadMatch	16 Mondo terms share this code; Mondo is narrower	"{source=""Orphanet:1698""}"
ICD10CM:Q92.1	Whole chromosome trisomy, mosaicism (mitotic nondisjunction)	DISEASE	MONDO:0015725	mosaic trisomy 14	provenance-only:orphanet	16	no	KEEP-as-broadMatch	16 Mondo terms share this code; Mondo is narrower	"{source=""Orphanet:1703""}"
ICD10CM:Q92.1	Whole chromosome trisomy, mosaicism (mitotic nondisjunction)	DISEASE	MONDO:0015727	mosaic trisomy 15	provenance-only:orphanet	16	no	KEEP-as-broadMatch	16 Mondo terms share this code; Mondo is narrower	"{source=""Orphanet:1706""}"
ICD10CM:Q92.1	Whole chromosome trisomy, mosaicism (mitotic nondisjunction)	DISEASE	MONDO:0015729	mosaic trisomy 16	provenance-only:orphanet	16	no	KEEP-as-broadMatch	16 Mondo terms share this code; Mondo is narrower	"{source=""Orphanet:1708""}"
ICD10CM:Q92.1	Whole chromosome trisomy, mosaicism (mitotic nondisjunction)	DISEASE	MONDO:0015730	mosaic trisomy 17	provenance-only:orphanet	16	no	KEEP-as-broadMatch	16 Mondo terms share this code; Mondo is narrower	"{source=""Orphanet:1711""}"
ICD10CM:Q92.1	Whole chromosome trisomy, mosaicism (mitotic nondisjunction)	DISEASE	MONDO:0015763	mosaic trisomy 2	provenance-only:orphanet	16	no	KEEP-as-broadMatch	16 Mondo terms share this code; Mondo is narrower	"{source=""Orphanet:1723""}"
ICD10CM:Q92.1	Whole chromosome trisomy, mosaicism (mitotic nondisjunction)	DISEASE	MONDO:0015764	mosaic trisomy 20	provenance-only:orphanet	16	no	KEEP-as-broadMatch	16 Mondo terms share this code; Mondo is narrower	"{source=""Orphanet:1724""}"
ICD10CM:Q92.1	Whole chromosome trisomy, mosaicism (mitotic nondisjunction)	DISEASE	MONDO:0015771	mosaic trisomy 7	provenance-only:orphanet	16	no	KEEP-as-broadMatch	16 Mondo terms share this code; Mondo is narrower	"{source=""Orphanet:1747""}"
ICD10CM:Q92.1	Whole chromosome trisomy, mosaicism (mitotic nondisjunction)	DISEASE	MONDO:0019865	mosaic trisomy 4	provenance-only:orphanet	16	no	KEEP-as-broadMatch	16 Mondo terms share this code; Mondo is narrower	"{source=""Orphanet:96059""}"
ICD10CM:Q92.1	Whole chromosome trisomy, mosaicism (mitotic nondisjunction)	DISEASE	MONDO:0019866	mosaic trisomy 5	provenance-only:orphanet	16	no	KEEP-as-broadMatch	16 Mondo terms share this code; Mondo is narrower	"{source=""Orphanet:96060""}"
ICD10CM:Q92.1	Whole chromosome trisomy, mosaicism (mitotic nondisjunction)	DISEASE	MONDO:0019867	mosaic trisomy 8	provenance-only:orphanet	16	no	KEEP-as-broadMatch	16 Mondo terms share this code; Mondo is narrower	"{source=""Orphanet:96061""}"
ICD10CM:Q92.1	Whole chromosome trisomy, mosaicism (mitotic nondisjunction)	DISEASE	MONDO:0019868	mosaic trisomy 10	provenance-only:orphanet	16	no	KEEP-as-broadMatch	16 Mondo terms share this code; Mondo is narrower	"{source=""Orphanet:96063""}"
ICD10CM:Q92.1	Whole chromosome trisomy, mosaicism (mitotic nondisjunction)	DISEASE	MONDO:0019869	mosaic trisomy 22	provenance-only:orphanet	16	no	KEEP-as-broadMatch	16 Mondo terms share this code; Mondo is narrower	"{source=""Orphanet:96068""}"
ICD10CM:Q92.1	Whole chromosome trisomy, mosaicism (mitotic nondisjunction)	DISEASE	MONDO:0020490	mosaic trisomy 9	provenance-only:orphanet	16	no	KEEP-as-broadMatch	16 Mondo terms share this code; Mondo is narrower	"{source=""Orphanet:99776""}"
ICD10CM:Q92.2	Partial trisomy	DISEASE	MONDO:0015740	trisomy 18p	provenance-only:orphanet	10	no	KEEP-as-broadMatch	10 Mondo terms share this code; Mondo is narrower	"{source=""Orphanet:1715""}"
ICD10CM:Q92.2	Partial trisomy	DISEASE	MONDO:0015761	trisomy 10p	provenance-only:orphanet	10	no	KEEP-as-broadMatch	10 Mondo terms share this code; Mondo is narrower	"{source=""Orphanet:171929""}"
ICD10CM:Q92.2	Partial trisomy	DISEASE	MONDO:0015767	trisomy 4p	provenance-only:orphanet	10	no	KEEP-as-broadMatch	10 Mondo terms share this code; Mondo is narrower	"{source=""Orphanet:1738""}"
ICD10CM:Q92.2	Partial trisomy	DISEASE	MONDO:0015768	trisomy 5p	provenance-only:orphanet	10	no	KEEP-as-broadMatch	10 Mondo terms share this code; Mondo is narrower	"{source=""Orphanet:1742""}"
ICD10CM:Q92.2	Partial trisomy	DISEASE	MONDO:0015772	trisomy 8q	provenance-only:orphanet	10	no	KEEP-as-broadMatch	10 Mondo terms share this code; Mondo is narrower	"{source=""Orphanet:1752""}"
ICD10CM:Q92.2	Partial trisomy	DISEASE	MONDO:0016526	trisomy 9p	provenance-only:orphanet	10	no	KEEP-as-broadMatch	10 Mondo terms share this code; Mondo is narrower	"{source=""Orphanet:236""}"
ICD10CM:Q92.2	Partial trisomy	DISEASE	MONDO:0016840	trisomy 17p	provenance-only:orphanet	10	no	KEEP-as-broadMatch	10 Mondo terms share this code; Mondo is narrower	"{source=""Orphanet:261290""}"
ICD10CM:Q92.2	Partial trisomy	DISEASE	MONDO:0016844	trisomy 20p	provenance-only:orphanet	10	no	KEEP-as-broadMatch	10 Mondo terms share this code; Mondo is narrower	"{source=""Orphanet:261318""}"
ICD10CM:Q92.2	Partial trisomy	DISEASE	MONDO:0016847	trisomy 1q	provenance-only:orphanet	10	no	KEEP-as-broadMatch	10 Mondo terms share this code; Mondo is narrower	"{source=""Orphanet:261344""}"
ICD10CM:Q92.2	Partial trisomy	DISEASE	MONDO:0017013	trisomy 8p	provenance-only:orphanet	10	no	KEEP-as-broadMatch	10 Mondo terms share this code; Mondo is narrower	"{source=""Orphanet:264450""}"
ICD10CM:Q92.7	Triploidy and polyploidy	DISEASE	MONDO:0018026	tetraploidy syndrome	provenance-only:orphanet	3	no	KEEP-as-broadMatch	3 Mondo terms share this code; Mondo is narrower	"{source=""Orphanet:3305""}"
ICD10CM:Q92.7	Triploidy and polyploidy	DISEASE	MONDO:0018067	triploidy	provenance-only:orphanet	3	no	KEEP-as-broadMatch	3 Mondo terms share this code; Mondo is narrower	"{source=""Orphanet:3376""}"
ICD10CM:Q92.7	Triploidy and polyploidy	DISEASE	MONDO:0019934	polyploidy	orphanet-specific	3	no	KEEP-as-broadMatch	3 Mondo terms share this code; Mondo is narrower	"{source=""Orphanet:96321"", source=""Orphanet:96321/e"", source=""Orphanet:96321/specific""}"
ICD10CM:Q92.8	Other specified trisomies and partial trisomies of autosomes	RESIDUAL	MONDO:0007276	cat-eye syndrome	provenance-only:orphanet	1	no	KEEP-as-broadMatch	ICD code is RESIDUAL; cannot be an exact equivalent	"{source=""Orphanet:195""}"
ICD10CM:Q93.0	Whole chromosome monosomy, nonmosaicism (meiotic nondisjunction)	DISEASE	MONDO:0018930	monosomy 21	provenance-only:orphanet	2	no	KEEP-as-broadMatch	2 Mondo terms share this code; Mondo is narrower	"{source=""Orphanet:574""}"
ICD10CM:Q93.0	Whole chromosome monosomy, nonmosaicism (meiotic nondisjunction)	DISEASE	MONDO:0019891	monosomy 22	provenance-only:orphanet	2	no	KEEP-as-broadMatch	2 Mondo terms share this code; Mondo is narrower	"{source=""Orphanet:96123""}"
ICD10CM:Q93.2	Chromosome replaced with ring, dicentric or isochromosome	DISEASE	MONDO:0014708	ring chromosome 14	provenance-only:orphanet	22	no	KEEP-as-broadMatch	22 Mondo terms share this code; Mondo is narrower	"{source=""Orphanet:1440""}"
ICD10CM:Q93.2	Chromosome replaced with ring, dicentric or isochromosome	DISEASE	MONDO:0015430	ring chromosome 1	provenance-only:orphanet	22	no	KEEP-as-broadMatch	22 Mondo terms share this code; Mondo is narrower	"{source=""Orphanet:1437""}"
ICD10CM:Q93.2	Chromosome replaced with ring, dicentric or isochromosome	DISEASE	MONDO:0015431	ring chromosome 10	provenance-only:orphanet	22	no	KEEP-as-broadMatch	22 Mondo terms share this code; Mondo is narrower	"{source=""Orphanet:1438""}"
ICD10CM:Q93.2	Chromosome replaced with ring, dicentric or isochromosome	DISEASE	MONDO:0015432	ring chromosome 12	provenance-only:orphanet	22	no	KEEP-as-broadMatch	22 Mondo terms share this code; Mondo is narrower	"{source=""Orphanet:1439""}"
ICD10CM:Q93.2	Chromosome replaced with ring, dicentric or isochromosome	DISEASE	MONDO:0015433	ring chromosome 17	provenance-only:orphanet	22	no	KEEP-as-broadMatch	22 Mondo terms share this code; Mondo is narrower	"{source=""Orphanet:1441""}"
ICD10CM:Q93.2	Chromosome replaced with ring, dicentric or isochromosome	DISEASE	MONDO:0015434	ring chromosome 18	provenance-only:orphanet	22	no	KEEP-as-broadMatch	22 Mondo terms share this code; Mondo is narrower	"{source=""Orphanet:1442""}"
ICD10CM:Q93.2	Chromosome replaced with ring, dicentric or isochromosome	DISEASE	MONDO:0015435	ring chromosome 19	provenance-only:orphanet	22	no	KEEP-as-broadMatch	22 Mondo terms share this code; Mondo is narrower	"{source=""Orphanet:1443""}"
ICD10CM:Q93.2	Chromosome replaced with ring, dicentric or isochromosome	DISEASE	MONDO:0015436	ring chromosome 20	provenance-only:orphanet	22	no	KEEP-as-broadMatch	22 Mondo terms share this code; Mondo is narrower	"{source=""Orphanet:1444""}"
ICD10CM:Q93.2	Chromosome replaced with ring, dicentric or isochromosome	DISEASE	MONDO:0015437	ring chromosome 21	provenance-only:orphanet	22	no	KEEP-as-broadMatch	22 Mondo terms share this code; Mondo is narrower	"{source=""Orphanet:1445""}"
ICD10CM:Q93.2	Chromosome replaced with ring, dicentric or isochromosome	DISEASE	MONDO:0015438	ring chromosome 22	provenance-only:orphanet	22	no	KEEP-as-broadMatch	22 Mondo terms share this code; Mondo is narrower	"{source=""Orphanet:1446""}"
ICD10CM:Q93.2	Chromosome replaced with ring, dicentric or isochromosome	DISEASE	MONDO:0015439	ring chromosome 4	provenance-only:orphanet	22	no	KEEP-as-broadMatch	22 Mondo terms share this code; Mondo is narrower	"{source=""Orphanet:1447""}"
ICD10CM:Q93.2	Chromosome replaced with ring, dicentric or isochromosome	DISEASE	MONDO:0015440	ring chromosome 6	provenance-only:orphanet	22	no	KEEP-as-broadMatch	22 Mondo terms share this code; Mondo is narrower	"{source=""Orphanet:1448""}"
ICD10CM:Q93.2	Chromosome replaced with ring, dicentric or isochromosome	DISEASE	MONDO:0015441	ring chromosome 7	provenance-only:orphanet	22	no	KEEP-as-broadMatch	22 Mondo terms share this code; Mondo is narrower	"{source=""Orphanet:1449""}"
ICD10CM:Q93.2	Chromosome replaced with ring, dicentric or isochromosome	DISEASE	MONDO:0015443	chromosome 8-derived supernumerary ring/marker	provenance-only:orphanet	22	no	KEEP-as-broadMatch	22 Mondo terms share this code; Mondo is narrower	"{source=""Orphanet:1450""}"
ICD10CM:Q93.2	Chromosome replaced with ring, dicentric or isochromosome	DISEASE	MONDO:0016654	ring chromosome 5	provenance-only:orphanet	22	no	KEEP-as-broadMatch	22 Mondo terms share this code; Mondo is narrower	"{source=""Orphanet:251043""}"
ICD10CM:Q93.2	Chromosome replaced with ring, dicentric or isochromosome	DISEASE	MONDO:0019903	ring chromosome 2	provenance-only:orphanet	22	no	KEEP-as-broadMatch	22 Mondo terms share this code; Mondo is narrower	"{source=""Orphanet:96171""}"
ICD10CM:Q93.2	Chromosome replaced with ring, dicentric or isochromosome	DISEASE	MONDO:0019904	ring chromosome 3	provenance-only:orphanet	22	no	KEEP-as-broadMatch	22 Mondo terms share this code; Mondo is narrower	"{source=""Orphanet:96172""}"
ICD10CM:Q93.2	Chromosome replaced with ring, dicentric or isochromosome	DISEASE	MONDO:0019905	ring chromosome 9	provenance-only:orphanet	22	no	KEEP-as-broadMatch	22 Mondo terms share this code; Mondo is narrower	"{source=""Orphanet:96173""}"
ICD10CM:Q93.2	Chromosome replaced with ring, dicentric or isochromosome	DISEASE	MONDO:0019906	ring chromosome 11	provenance-only:orphanet	22	no	KEEP-as-broadMatch	22 Mondo terms share this code; Mondo is narrower	"{source=""Orphanet:96175""}"
ICD10CM:Q93.2	Chromosome replaced with ring, dicentric or isochromosome	DISEASE	MONDO:0019907	ring chromosome 13	provenance-only:orphanet	22	no	KEEP-as-broadMatch	22 Mondo terms share this code; Mondo is narrower	"{source=""Orphanet:96176""}"
ICD10CM:Q93.2	Chromosome replaced with ring, dicentric or isochromosome	DISEASE	MONDO:0019908	ring chromosome 15	provenance-only:orphanet	22	no	KEEP-as-broadMatch	22 Mondo terms share this code; Mondo is narrower	"{source=""Orphanet:96177""}"
ICD10CM:Q93.2	Chromosome replaced with ring, dicentric or isochromosome	DISEASE	MONDO:0019909	ring chromosome 16	provenance-only:orphanet	22	no	KEEP-as-broadMatch	22 Mondo terms share this code; Mondo is narrower	"{source=""Orphanet:96178""}"
ICD10CM:Q93.4	Deletion of short arm of chromosome 5	DISEASE	MONDO:0007404	Cri-du-chat syndrome	provenance-only:orphanet	2	no	KEEP-as-broadMatch	2 Mondo terms share this code; Mondo is narrower	"{source=""Orphanet:281/inclusion"", source=""DOID:12580"", source=""Orphanet:281""}"
ICD10CM:Q93.4	Deletion of short arm of chromosome 5	DISEASE	MONDO:0016887	partial deletion of the short arm of chromosome 5	orphanet-specific	2	no	KEEP-as-broadMatch	2 Mondo terms share this code; Mondo is narrower	"{source=""Orphanet:261893"", source=""Orphanet:261893/specific"", source=""Orphanet:261893/e""}"
ICD10CM:Q93.5	Other deletions of part of a chromosome	RESIDUAL	MONDO:0007113	Angelman syndrome	provenance-only:orphanet	165	no	KEEP-as-broadMatch	ICD code is RESIDUAL; cannot be an exact equivalent	"{source=""DOID:1932"", source=""Orphanet:72/inclusion"", source=""Orphanet:72""}"
ICD10CM:Q93.5	Other deletions of part of a chromosome	RESIDUAL	MONDO:0007800	chromosome 18p deletion syndrome	provenance-only:orphanet	165	no	KEEP-as-broadMatch	ICD code is RESIDUAL; cannot be an exact equivalent	"{source=""Orphanet:1598"", source=""Orphanet:261974""}"
ICD10CM:Q93.5	Other deletions of part of a chromosome	RESIDUAL	MONDO:0007838	Jacobsen syndrome	provenance-only:orphanet	165	no	KEEP-as-broadMatch	ICD code is RESIDUAL; cannot be an exact equivalent	"{source=""Orphanet:2308""}"
ICD10CM:Q93.5	Other deletions of part of a chromosome	RESIDUAL	MONDO:0008013	chromosome 9p deletion syndrome	provenance-only:orphanet	165	no	KEEP-as-broadMatch	ICD code is RESIDUAL; cannot be an exact equivalent	"{source=""Orphanet:261929"", source=""DOID:0060732"", source=""Orphanet:261112""}"
ICD10CM:Q93.5	Other deletions of part of a chromosome	RESIDUAL	MONDO:0008434	Smith-Magenis syndrome	provenance-only:orphanet	165	no	KEEP-as-broadMatch	ICD code is RESIDUAL; cannot be an exact equivalent	"{source=""DOID:0060768"", source=""Orphanet:819""}"
ICD10CM:Q93.5	Other deletions of part of a chromosome	RESIDUAL	MONDO:0010886	2q37 microdeletion syndrome	provenance-only:orphanet	165	no	KEEP-as-broadMatch	ICD code is RESIDUAL; cannot be an exact equivalent	"{source=""Orphanet:1001""}"
ICD10CM:Q93.5	Other deletions of part of a chromosome	RESIDUAL	MONDO:0011022	Potocki-Shaffer syndrome	provenance-only:orphanet	165	no	KEEP-as-broadMatch	ICD code is RESIDUAL; cannot be an exact equivalent	"{source=""Orphanet:52022""}"
ICD10CM:Q93.5	Other deletions of part of a chromosome	RESIDUAL	MONDO:0011055	distal monosomy 10p	provenance-only:orphanet	165	no	KEEP-as-broadMatch	ICD code is RESIDUAL; cannot be an exact equivalent	"{source=""Orphanet:1580""}"
ICD10CM:Q93.5	Other deletions of part of a chromosome	RESIDUAL	MONDO:0011147	chromosome 18q deletion syndrome	provenance-only:orphanet	165	no	KEEP-as-broadMatch	ICD code is RESIDUAL; cannot be an exact equivalent	"{source=""Orphanet:1600"", source=""Orphanet:262146"", source=""DOID:0060407""}"
ICD10CM:Q93.5	Other deletions of part of a chromosome	RESIDUAL	MONDO:0011248	distal monosomy 13q	provenance-only:orphanet	165	no	KEEP-as-broadMatch	ICD code is RESIDUAL; cannot be an exact equivalent	"{source=""Orphanet:1590""}"
ICD10CM:Q93.5	Other deletions of part of a chromosome	RESIDUAL	MONDO:0011652	Phelan-McDermid syndrome	provenance-only:orphanet	165	no	KEEP-as-broadMatch	ICD code is RESIDUAL; cannot be an exact equivalent	"{source=""Orphanet:48652""}"
ICD10CM:Q93.5	Other deletions of part of a chromosome	RESIDUAL	MONDO:0011929	chromosome 1p36 deletion syndrome	provenance-only:orphanet	165	no	KEEP-as-broadMatch	ICD code is RESIDUAL; cannot be an exact equivalent	"{source=""Orphanet:1606""}"
ICD10CM:Q93.5	Other deletions of part of a chromosome	RESIDUAL	MONDO:0011977	8q22.1 microdeletion syndrome	provenance-only:orphanet	165	no	KEEP-as-broadMatch	ICD code is RESIDUAL; cannot be an exact equivalent	"{source=""Orphanet:178303""}"
ICD10CM:Q93.5	Other deletions of part of a chromosome	RESIDUAL	MONDO:0012269	chromosome 3q29 microdeletion syndrome	provenance-only:orphanet	165	no	KEEP-as-broadMatch	ICD code is RESIDUAL; cannot be an exact equivalent	"{source=""Orphanet:65286""}"
ICD10CM:Q93.5	Other deletions of part of a chromosome	RESIDUAL	MONDO:0012315	distal 10q deletion syndrome	provenance-only:orphanet	165	no	KEEP-as-broadMatch	ICD code is RESIDUAL; cannot be an exact equivalent	"{source=""Orphanet:96148"", source=""DOID:0060390""}"
ICD10CM:Q93.5	Other deletions of part of a chromosome	RESIDUAL	MONDO:0012324	Frias syndrome	provenance-only:orphanet	165	no	KEEP-as-broadMatch	ICD code is RESIDUAL; cannot be an exact equivalent	"{source=""Orphanet:264200""}"
ICD10CM:Q93.5	Other deletions of part of a chromosome	RESIDUAL	MONDO:0012496	Koolen-de Vries syndrome	provenance-only:orphanet	165	no	KEEP-as-broadMatch	ICD code is RESIDUAL; cannot be an exact equivalent	"{source=""Orphanet:96169""}"
ICD10CM:Q93.5	Other deletions of part of a chromosome	RESIDUAL	MONDO:0012621	deafness-infertility syndrome	provenance-only:orphanet	165	no	KEEP-as-broadMatch	ICD code is RESIDUAL; cannot be an exact equivalent	"{source=""Orphanet:94064""}"
ICD10CM:Q93.5	Other deletions of part of a chromosome	RESIDUAL	MONDO:0012740	chromosome 22q11.2 deletion syndrome, distal	provenance-only:orphanet	165	no	KEEP-as-broadMatch	ICD code is RESIDUAL; cannot be an exact equivalent	"{source=""Orphanet:261330""}"
ICD10CM:Q93.5	Other deletions of part of a chromosome	RESIDUAL	MONDO:0012756	proximal 16p11.2 microdeletion syndrome	provenance-only:orphanet	165	no	KEEP-as-broadMatch	ICD code is RESIDUAL; cannot be an exact equivalent	"{source=""Orphanet:261197""}"
ICD10CM:Q93.5	Other deletions of part of a chromosome	RESIDUAL	MONDO:0012774	chromosome 15q13.3 microdeletion syndrome	provenance-only:orphanet	165	no	KEEP-as-broadMatch	ICD code is RESIDUAL; cannot be an exact equivalent	"{source=""Orphanet:199318"", source=""DOID:0060394""}"
ICD10CM:Q93.5	Other deletions of part of a chromosome	RESIDUAL	MONDO:0012830	chromosome 10q23 deletion syndrome	provenance-only:orphanet	165	no	KEEP-as-broadMatch	ICD code is RESIDUAL; cannot be an exact equivalent	"{source=""Orphanet:276413""}"
ICD10CM:Q93.5	Other deletions of part of a chromosome	RESIDUAL	MONDO:0012864	chromosome 2q32-q33 deletion syndrome	provenance-only:orphanet	165	no	KEEP-as-broadMatch	ICD code is RESIDUAL; cannot be an exact equivalent	"{source=""DOID:0060428"", source=""Orphanet:251019""}"
ICD10CM:Q93.5	Other deletions of part of a chromosome	RESIDUAL	MONDO:0012914	chromosome 1q21.1 deletion syndrome	provenance-only:orphanet	165	no	KEEP-as-broadMatch	ICD code is RESIDUAL; cannot be an exact equivalent	"{source=""DOID:0060411"", source=""Orphanet:250989""}"
ICD10CM:Q93.5	Other deletions of part of a chromosome	RESIDUAL	MONDO:0012916	chromosome 2p16.1-p15 deletion syndrome	provenance-only:orphanet	165	no	KEEP-as-broadMatch	ICD code is RESIDUAL; cannot be an exact equivalent	"{source=""DOID:0060415"", source=""Orphanet:261349""}"
ICD10CM:Q93.5	Other deletions of part of a chromosome	RESIDUAL	MONDO:0012927	chromosome 1q41-q42 deletion syndrome	provenance-only:orphanet	165	no	KEEP-as-broadMatch	ICD code is RESIDUAL; cannot be an exact equivalent	"{source=""DOID:0060412"", source=""Orphanet:250999""}"
ICD10CM:Q93.5	Other deletions of part of a chromosome	RESIDUAL	MONDO:0012948	chromosome 6pter-p24 deletion syndrome	provenance-only:orphanet	165	no	KEEP-as-broadMatch	ICD code is RESIDUAL; cannot be an exact equivalent	"{source=""Orphanet:96125"", source=""DOID:0060422""}"
ICD10CM:Q93.5	Other deletions of part of a chromosome	RESIDUAL	MONDO:0012964	chromosome 15q26-qter deletion syndrome	provenance-only:orphanet	165	no	KEEP-as-broadMatch	ICD code is RESIDUAL; cannot be an exact equivalent	"{source=""Orphanet:1596"", source=""DOID:0060397""}"
ICD10CM:Q93.5	Other deletions of part of a chromosome	RESIDUAL	MONDO:0013025	chromosome 6q24-q25 deletion syndrome	provenance-only:orphanet	165	no	KEEP-as-broadMatch	ICD code is RESIDUAL; cannot be an exact equivalent	"{source=""Orphanet:251056""}"
ICD10CM:Q93.5	Other deletions of part of a chromosome	RESIDUAL	MONDO:0013090	chromosome 19q13.11 deletion syndrome	provenance-only:orphanet	165	no	KEEP-as-broadMatch	ICD code is RESIDUAL; cannot be an exact equivalent	"{source=""Orphanet:217346""}"
ICD10CM:Q93.5	Other deletions of part of a chromosome	RESIDUAL	MONDO:0013176	Weill-Marchesani 4 syndrome, recessive	provenance-only:orphanet	165	no	KEEP-as-broadMatch	ICD code is RESIDUAL; cannot be an exact equivalent	"{source=""Orphanet:363992""}"
ICD10CM:Q93.5	Other deletions of part of a chromosome	RESIDUAL	MONDO:0013238	chromosome 17q23.1-q23.2 deletion syndrome	provenance-only:orphanet	165	no	KEEP-as-broadMatch	ICD code is RESIDUAL; cannot be an exact equivalent	"{source=""Orphanet:261279"", source=""DOID:0060405""}"
ICD10CM:Q93.5	Other deletions of part of a chromosome	RESIDUAL	MONDO:0013256	chromosome 15q24 deletion syndrome	provenance-only:orphanet	165	no	KEEP-as-broadMatch	ICD code is RESIDUAL; cannot be an exact equivalent	"{source=""DOID:0060395"", source=""Orphanet:94065""}"
ICD10CM:Q93.5	Other deletions of part of a chromosome	RESIDUAL	MONDO:0013267	distal 16p11.2 microdeletion syndrome	provenance-only:orphanet	165	no	KEEP-as-broadMatch	ICD code is RESIDUAL; cannot be an exact equivalent	"{source=""DOID:0060398"", source=""Orphanet:261222""}"
ICD10CM:Q93.5	Other deletions of part of a chromosome	RESIDUAL	MONDO:0013272	chromosome 14q11-q22 deletion syndrome	provenance-only:orphanet	165	no	KEEP-as-broadMatch	ICD code is RESIDUAL; cannot be an exact equivalent	"{source=""Orphanet:261120""}"
ICD10CM:Q93.5	Other deletions of part of a chromosome	RESIDUAL	MONDO:0013292	chromosome 4q21 deletion syndrome	provenance-only:orphanet	165	no	KEEP-as-broadMatch	ICD code is RESIDUAL; cannot be an exact equivalent	"{source=""Orphanet:238750""}"
ICD10CM:Q93.5	Other deletions of part of a chromosome	RESIDUAL	MONDO:0013320	chromosome 16p12.2-p11.2 deletion syndrome	provenance-only:orphanet	165	no	KEEP-as-broadMatch	ICD code is RESIDUAL; cannot be an exact equivalent	"{source=""DOID:0060400"", source=""Orphanet:261211""}"
ICD10CM:Q93.5	Other deletions of part of a chromosome	RESIDUAL	MONDO:0013336	chromosome 19p13.13 deletion syndrome	provenance-only:orphanet	165	no	KEEP-as-broadMatch	ICD code is RESIDUAL; cannot be an exact equivalent	"{source=""Orphanet:357001""}"
ICD10CM:Q93.5	Other deletions of part of a chromosome	RESIDUAL	MONDO:0013393	distal 7q11.23 microdeletion syndrome	provenance-only:orphanet	165	no	KEEP-as-broadMatch	ICD code is RESIDUAL; cannot be an exact equivalent	"{source=""Orphanet:254351""}"
ICD10CM:Q93.5	Other deletions of part of a chromosome	RESIDUAL	MONDO:0013396	chromosome 1p32-p31 deletion syndrome	provenance-only:orphanet	165	no	KEEP-as-broadMatch	ICD code is RESIDUAL; cannot be an exact equivalent	"{source=""Orphanet:401986"", source=""DOID:0060409""}"
ICD10CM:Q93.5	Other deletions of part of a chromosome	RESIDUAL	MONDO:0013424	3p- syndrome	provenance-only:orphanet	165	no	KEEP-as-broadMatch	ICD code is RESIDUAL; cannot be an exact equivalent	"{source=""Orphanet:1620"", source=""DOID:0060417""}"
ICD10CM:Q93.5	Other deletions of part of a chromosome	RESIDUAL	MONDO:0013481	chromosome 13q14 deletion syndrome	provenance-only:orphanet	165	no	KEEP-as-broadMatch	ICD code is RESIDUAL; cannot be an exact equivalent	"{source=""Orphanet:1587"", source=""DOID:0060391""}"
ICD10CM:Q93.5	Other deletions of part of a chromosome	RESIDUAL	MONDO:0013646	chromosome 8q21.11 deletion syndrome	provenance-only:orphanet	165	no	KEEP-as-broadMatch	ICD code is RESIDUAL; cannot be an exact equivalent	"{source=""DOID:0060425"", source=""Orphanet:284160""}"
ICD10CM:Q93.5	Other deletions of part of a chromosome	RESIDUAL	MONDO:0013797	chromosome 17q12 deletion syndrome	provenance-only:orphanet	165	no	KEEP-as-broadMatch	ICD code is RESIDUAL; cannot be an exact equivalent	"{source=""Orphanet:261265"", source=""DOID:0060404""}"
ICD10CM:Q93.5	Other deletions of part of a chromosome	RESIDUAL	MONDO:0014185	chromosome 3q13.31 deletion syndrome	provenance-only:orphanet	165	no	KEEP-as-broadMatch	ICD code is RESIDUAL; cannot be an exact equivalent	"{source=""Orphanet:1621""}"
ICD10CM:Q93.5	Other deletions of part of a chromosome	RESIDUAL	MONDO:0014294	chromosome 15q11.2 deletion syndrome	provenance-only:orphanet	165	no	KEEP-as-broadMatch	ICD code is RESIDUAL; cannot be an exact equivalent	"{source=""Orphanet:261183""}"
ICD10CM:Q93.5	Other deletions of part of a chromosome	RESIDUAL	MONDO:0014822	15q14 microdeletion syndrome	provenance-only:orphanet	165	no	KEEP-as-broadMatch	ICD code is RESIDUAL; cannot be an exact equivalent	"{source=""Orphanet:261190""}"
ICD10CM:Q93.5	Other deletions of part of a chromosome	RESIDUAL	MONDO:0015546	non-distal monosomy 10q	provenance-only:orphanet	165	no	KEEP-as-broadMatch	ICD code is RESIDUAL; cannot be an exact equivalent	"{source=""Orphanet:1581""}"
ICD10CM:Q93.5	Other deletions of part of a chromosome	RESIDUAL	MONDO:0015562	distal monosomy 17q	provenance-only:orphanet	165	no	KEEP-as-broadMatch	ICD code is RESIDUAL; cannot be an exact equivalent	"{source=""Orphanet:1597""}"
ICD10CM:Q93.5	Other deletions of part of a chromosome	RESIDUAL	MONDO:0015566	2q24 microdeletion syndrome	provenance-only:orphanet	165	no	KEEP-as-broadMatch	ICD code is RESIDUAL; cannot be an exact equivalent	"{source=""Orphanet:1617""}"
ICD10CM:Q93.5	Other deletions of part of a chromosome	RESIDUAL	MONDO:0015571	deletion 5q35	provenance-only:orphanet	165	no	KEEP-as-broadMatch	ICD code is RESIDUAL; cannot be an exact equivalent	"{source=""Orphanet:1627""}"
ICD10CM:Q93.5	Other deletions of part of a chromosome	RESIDUAL	MONDO:0015580	distal monosomy 7q36	provenance-only:orphanet	165	no	KEEP-as-broadMatch	ICD code is RESIDUAL; cannot be an exact equivalent	"{source=""Orphanet:1636""}"
ICD10CM:Q93.5	Other deletions of part of a chromosome	RESIDUAL	MONDO:0015583	2p21 microdeletion syndrome	provenance-only:orphanet	165	no	KEEP-as-broadMatch	ICD code is RESIDUAL; cannot be an exact equivalent	"{source=""Orphanet:163693""}"
ICD10CM:Q93.5	Other deletions of part of a chromosome	RESIDUAL	MONDO:0015605	distal monosomy 9p	provenance-only:orphanet	165	no	KEEP-as-broadMatch	ICD code is RESIDUAL; cannot be an exact equivalent	"{source=""Orphanet:1642""}"
ICD10CM:Q93.5	Other deletions of part of a chromosome	RESIDUAL	MONDO:0015749	6q16 deletion syndrome	provenance-only:orphanet	165	no	KEEP-as-broadMatch	ICD code is RESIDUAL; cannot be an exact equivalent	"{source=""Orphanet:171829""}"
ICD10CM:Q93.5	Other deletions of part of a chromosome	RESIDUAL	MONDO:0016456	5q14.3 microdeletion syndrome	provenance-only:orphanet	165	no	KEEP-as-broadMatch	ICD code is RESIDUAL; cannot be an exact equivalent	"{source=""Orphanet:228384""}"
ICD10CM:Q93.5	Other deletions of part of a chromosome	RESIDUAL	MONDO:0016459	2q23.1 microdeletion syndrome	provenance-only:orphanet	165	no	KEEP-as-broadMatch	ICD code is RESIDUAL; cannot be an exact equivalent	"{source=""Orphanet:228402""}"
ICD10CM:Q93.5	Other deletions of part of a chromosome	RESIDUAL	MONDO:0016561	1q44 microdeletion syndrome	provenance-only:orphanet	165	no	KEEP-as-broadMatch	ICD code is RESIDUAL; cannot be an exact equivalent	"{source=""Orphanet:238769""}"
ICD10CM:Q93.5	Other deletions of part of a chromosome	RESIDUAL	MONDO:0016652	2q31.1 microdeletion syndrome	provenance-only:orphanet	165	no	KEEP-as-broadMatch	ICD code is RESIDUAL; cannot be an exact equivalent	"{source=""Orphanet:251014""}"
ICD10CM:Q93.5	Other deletions of part of a chromosome	RESIDUAL	MONDO:0016653	2q33.1 microdeletion syndrome	provenance-only:orphanet	165	no	KEEP-as-broadMatch	ICD code is RESIDUAL; cannot be an exact equivalent	"{source=""Orphanet:251028""}"
ICD10CM:Q93.5	Other deletions of part of a chromosome	RESIDUAL	MONDO:0016655	6p22 microdeletion syndrome	provenance-only:orphanet	165	no	KEEP-as-broadMatch	ICD code is RESIDUAL; cannot be an exact equivalent	"{source=""Orphanet:251046""}"
ICD10CM:Q93.5	Other deletions of part of a chromosome	RESIDUAL	MONDO:0016656	7q31 microdeletion syndrome	provenance-only:orphanet	165	no	KEEP-as-broadMatch	ICD code is RESIDUAL; cannot be an exact equivalent	"{source=""Orphanet:251061""}"
ICD10CM:Q93.5	Other deletions of part of a chromosome	RESIDUAL	MONDO:0016657	8p11.2 deletion syndrome	provenance-only:orphanet	165	no	KEEP-as-broadMatch	ICD code is RESIDUAL; cannot be an exact equivalent	"{source=""Orphanet:251066""}"
ICD10CM:Q93.5	Other deletions of part of a chromosome	RESIDUAL	MONDO:0016658	8p23.1 microdeletion syndrome	provenance-only:orphanet	165	no	KEEP-as-broadMatch	ICD code is RESIDUAL; cannot be an exact equivalent	"{source=""Orphanet:251071""}"
ICD10CM:Q93.5	Other deletions of part of a chromosome	RESIDUAL	MONDO:0016765	19p13.12 microdeletion syndrome	provenance-only:orphanet	165	no	KEEP-as-broadMatch	ICD code is RESIDUAL; cannot be an exact equivalent	"{source=""Orphanet:254346""}"
ICD10CM:Q93.5	Other deletions of part of a chromosome	RESIDUAL	MONDO:0016780	paternal 14q32.2 microdeletion syndrome	provenance-only:orphanet	165	no	KEEP-as-broadMatch	ICD code is RESIDUAL; cannot be an exact equivalent	"{source=""Orphanet:254525""}"
ICD10CM:Q93.5	Other deletions of part of a chromosome	RESIDUAL	MONDO:0016781	maternal 14q32.2 microdeletion syndrome	provenance-only:orphanet	165	no	KEEP-as-broadMatch	ICD code is RESIDUAL; cannot be an exact equivalent	"{source=""Orphanet:254528""}"
ICD10CM:Q93.5	Other deletions of part of a chromosome	RESIDUAL	MONDO:0016833	14q12 microdeletion syndrome	provenance-only:orphanet	165	no	KEEP-as-broadMatch	ICD code is RESIDUAL; cannot be an exact equivalent	"{source=""Orphanet:261144""}"
ICD10CM:Q93.5	Other deletions of part of a chromosome	RESIDUAL	MONDO:0016836	16p13.11 microdeletion syndrome	provenance-only:orphanet	165	no	KEEP-as-broadMatch	ICD code is RESIDUAL; cannot be an exact equivalent	"{source=""Orphanet:261236""}"
ICD10CM:Q93.5	Other deletions of part of a chromosome	RESIDUAL	MONDO:0016838	16q24.3 microdeletion syndrome	provenance-only:orphanet	165	no	KEEP-as-broadMatch	ICD code is RESIDUAL; cannot be an exact equivalent	"{source=""Orphanet:261250""}"
ICD10CM:Q93.5	Other deletions of part of a chromosome	RESIDUAL	MONDO:0016839	distal 17p13.3 microdeletion syndrome	provenance-only:orphanet	165	no	KEEP-as-broadMatch	ICD code is RESIDUAL; cannot be an exact equivalent	"{source=""Orphanet:261257""}"
ICD10CM:Q93.5	Other deletions of part of a chromosome	RESIDUAL	MONDO:0016841	20p12.3 microdeletion syndrome	provenance-only:orphanet	165	no	KEEP-as-broadMatch	ICD code is RESIDUAL; cannot be an exact equivalent	"{source=""Orphanet:261295""}"
ICD10CM:Q93.5	Other deletions of part of a chromosome	RESIDUAL	MONDO:0016842	paternal 20q13.2q13.3 microdeletion syndrome	provenance-only:orphanet	165	no	KEEP-as-broadMatch	ICD code is RESIDUAL; cannot be an exact equivalent	"{source=""Orphanet:261304""}"
ICD10CM:Q93.5	Other deletions of part of a chromosome	RESIDUAL	MONDO:0016843	20q13.33 microdeletion syndrome	provenance-only:orphanet	165	no	KEEP-as-broadMatch	ICD code is RESIDUAL; cannot be an exact equivalent	"{source=""Orphanet:261311""}"
ICD10CM:Q93.5	Other deletions of part of a chromosome	RESIDUAL	MONDO:0016845	21q22.11q22.12 microdeletion syndrome	provenance-only:orphanet	165	no	KEEP-as-broadMatch	ICD code is RESIDUAL; cannot be an exact equivalent	"{source=""Orphanet:261323""}"
ICD10CM:Q93.5	Other deletions of part of a chromosome	RESIDUAL	MONDO:0016866	partial deletion of chromosome 1	provenance-only:orphanet	165	no	KEEP-as-broadMatch	ICD code is RESIDUAL; cannot be an exact equivalent	"{source=""Orphanet:261766""}"
ICD10CM:Q93.5	Other deletions of part of a chromosome	RESIDUAL	MONDO:0016867	partial deletion of chromosome 2	provenance-only:orphanet	165	no	KEEP-as-broadMatch	ICD code is RESIDUAL; cannot be an exact equivalent	"{source=""Orphanet:261771""}"
ICD10CM:Q93.5	Other deletions of part of a chromosome	RESIDUAL	MONDO:0016868	partial deletion of chromosome 3	provenance-only:orphanet	165	no	KEEP-as-broadMatch	ICD code is RESIDUAL; cannot be an exact equivalent	"{source=""Orphanet:261776""}"
ICD10CM:Q93.5	Other deletions of part of a chromosome	RESIDUAL	MONDO:0016871	partial deletion of chromosome 6	provenance-only:orphanet	165	no	KEEP-as-broadMatch	ICD code is RESIDUAL; cannot be an exact equivalent	"{source=""Orphanet:261791""}"
ICD10CM:Q93.5	Other deletions of part of a chromosome	RESIDUAL	MONDO:0016872	partial deletion of chromosome 7	provenance-only:orphanet	165	no	KEEP-as-broadMatch	ICD code is RESIDUAL; cannot be an exact equivalent	"{source=""Orphanet:261796""}"
ICD10CM:Q93.5	Other deletions of part of a chromosome	RESIDUAL	MONDO:0016873	partial deletion of chromosome 8	provenance-only:orphanet	165	no	KEEP-as-broadMatch	ICD code is RESIDUAL; cannot be an exact equivalent	"{source=""Orphanet:261801""}"
ICD10CM:Q93.5	Other deletions of part of a chromosome	RESIDUAL	MONDO:0016874	partial deletion of chromosome 9	provenance-only:orphanet	165	no	KEEP-as-broadMatch	ICD code is RESIDUAL; cannot be an exact equivalent	"{source=""Orphanet:261806""}"
ICD10CM:Q93.5	Other deletions of part of a chromosome	RESIDUAL	MONDO:0016875	partial deletion of chromosome 10	provenance-only:orphanet	165	no	KEEP-as-broadMatch	ICD code is RESIDUAL; cannot be an exact equivalent	"{source=""Orphanet:261811""}"
ICD10CM:Q93.5	Other deletions of part of a chromosome	RESIDUAL	MONDO:0016876	partial deletion of chromosome 11	provenance-only:orphanet	165	no	KEEP-as-broadMatch	ICD code is RESIDUAL; cannot be an exact equivalent	"{source=""Orphanet:261816""}"
ICD10CM:Q93.5	Other deletions of part of a chromosome	RESIDUAL	MONDO:0016877	partial deletion of the long arm of chromosome 12	provenance-only:orphanet	165	no	KEEP-as-broadMatch	ICD code is RESIDUAL; cannot be an exact equivalent	"{source=""Orphanet:261821""}"
ICD10CM:Q93.5	Other deletions of part of a chromosome	RESIDUAL	MONDO:0016878	partial deletion of chromosome 16	provenance-only:orphanet	165	no	KEEP-as-broadMatch	ICD code is RESIDUAL; cannot be an exact equivalent	"{source=""Orphanet:261826""}"
ICD10CM:Q93.5	Other deletions of part of a chromosome	RESIDUAL	MONDO:0016879	partial deletion of chromosome 17	provenance-only:orphanet	165	no	KEEP-as-broadMatch	ICD code is RESIDUAL; cannot be an exact equivalent	"{source=""Orphanet:261831""}"
ICD10CM:Q93.5	Other deletions of part of a chromosome	RESIDUAL	MONDO:0016880	partial deletion of chromosome 18	provenance-only:orphanet	165	no	KEEP-as-broadMatch	ICD code is RESIDUAL; cannot be an exact equivalent	"{source=""Orphanet:261836""}"
ICD10CM:Q93.5	Other deletions of part of a chromosome	RESIDUAL	MONDO:0016881	partial deletion of chromosome 19	provenance-only:orphanet	165	no	KEEP-as-broadMatch	ICD code is RESIDUAL; cannot be an exact equivalent	"{source=""Orphanet:261841""}"
ICD10CM:Q93.5	Other deletions of part of a chromosome	RESIDUAL	MONDO:0016882	partial deletion of chromosome 20	provenance-only:orphanet	165	no	KEEP-as-broadMatch	ICD code is RESIDUAL; cannot be an exact equivalent	"{source=""Orphanet:261846""}"
ICD10CM:Q93.5	Other deletions of part of a chromosome	RESIDUAL	MONDO:0016883	partial deletion of the short arm of chromosome 1	provenance-only:orphanet	165	no	KEEP-as-broadMatch	ICD code is RESIDUAL; cannot be an exact equivalent	"{source=""Orphanet:261857""}"
ICD10CM:Q93.5	Other deletions of part of a chromosome	RESIDUAL	MONDO:0016884	partial deletion of the short arm of chromosome 2	provenance-only:orphanet	165	no	KEEP-as-broadMatch	ICD code is RESIDUAL; cannot be an exact equivalent	"{source=""Orphanet:261866""}"
ICD10CM:Q93.5	Other deletions of part of a chromosome	RESIDUAL	MONDO:0016885	partial deletion of the short arm of chromosome 3	provenance-only:orphanet	165	no	KEEP-as-broadMatch	ICD code is RESIDUAL; cannot be an exact equivalent	"{source=""Orphanet:261875""}"
ICD10CM:Q93.5	Other deletions of part of a chromosome	RESIDUAL	MONDO:0016888	partial deletion of the short arm of chromosome 6	provenance-only:orphanet	165	no	KEEP-as-broadMatch	ICD code is RESIDUAL; cannot be an exact equivalent	"{source=""Orphanet:261902""}"
ICD10CM:Q93.5	Other deletions of part of a chromosome	RESIDUAL	MONDO:0016889	partial deletion of the short arm of chromosome 7	provenance-only:orphanet	165	no	KEEP-as-broadMatch	ICD code is RESIDUAL; cannot be an exact equivalent	"{source=""Orphanet:261911""}"
ICD10CM:Q93.5	Other deletions of part of a chromosome	RESIDUAL	MONDO:0016890	partial deletion of the short arm of chromosome 8	provenance-only:orphanet	165	no	KEEP-as-broadMatch	ICD code is RESIDUAL; cannot be an exact equivalent	"{source=""Orphanet:261920""}"
ICD10CM:Q93.5	Other deletions of part of a chromosome	RESIDUAL	MONDO:0016892	partial deletion of the short arm of chromosome 10	provenance-only:orphanet	165	no	KEEP-as-broadMatch	ICD code is RESIDUAL; cannot be an exact equivalent	"{source=""Orphanet:261938""}"
ICD10CM:Q93.5	Other deletions of part of a chromosome	RESIDUAL	MONDO:0016893	partial deletion of the short arm of chromosome 11	provenance-only:orphanet	165	no	KEEP-as-broadMatch	ICD code is RESIDUAL; cannot be an exact equivalent	"{source=""Orphanet:261947""}"
ICD10CM:Q93.5	Other deletions of part of a chromosome	RESIDUAL	MONDO:0016894	partial deletion of the short arm of chromosome 16	provenance-only:orphanet	165	no	KEEP-as-broadMatch	ICD code is RESIDUAL; cannot be an exact equivalent	"{source=""Orphanet:261956""}"
ICD10CM:Q93.5	Other deletions of part of a chromosome	RESIDUAL	MONDO:0016897	partial deletion of the short arm of chromosome 19	provenance-only:orphanet	165	no	KEEP-as-broadMatch	ICD code is RESIDUAL; cannot be an exact equivalent	"{source=""Orphanet:261983""}"
ICD10CM:Q93.5	Other deletions of part of a chromosome	RESIDUAL	MONDO:0016898	partial monosomy of the short arm of chromosome 20	provenance-only:orphanet	165	no	KEEP-as-broadMatch	ICD code is RESIDUAL; cannot be an exact equivalent	"{source=""Orphanet:261992""}"
ICD10CM:Q93.5	Other deletions of part of a chromosome	RESIDUAL	MONDO:0016901	partial deletion of the long arm of chromosome 2	provenance-only:orphanet	165	no	KEEP-as-broadMatch	ICD code is RESIDUAL; cannot be an exact equivalent	"{source=""Orphanet:262010""}"
ICD10CM:Q93.5	Other deletions of part of a chromosome	RESIDUAL	MONDO:0016902	partial deletion of the long arm of chromosome 3	provenance-only:orphanet	165	no	KEEP-as-broadMatch	ICD code is RESIDUAL; cannot be an exact equivalent	"{source=""Orphanet:262019""}"
ICD10CM:Q93.5	Other deletions of part of a chromosome	RESIDUAL	MONDO:0016903	partial deletion of the long arm of chromosome 4	provenance-only:orphanet	165	no	KEEP-as-broadMatch	ICD code is RESIDUAL; cannot be an exact equivalent	"{source=""Orphanet:262029""}"
ICD10CM:Q93.5	Other deletions of part of a chromosome	RESIDUAL	MONDO:0016904	partial deletion of the long arm of chromosome 5	provenance-only:orphanet	165	no	KEEP-as-broadMatch	ICD code is RESIDUAL; cannot be an exact equivalent	"{source=""Orphanet:262038""}"
ICD10CM:Q93.5	Other deletions of part of a chromosome	RESIDUAL	MONDO:0016905	partial deletion of the long arm of chromosome 6	provenance-only:orphanet	165	no	KEEP-as-broadMatch	ICD code is RESIDUAL; cannot be an exact equivalent	"{source=""Orphanet:262047""}"
ICD10CM:Q93.5	Other deletions of part of a chromosome	RESIDUAL	MONDO:0016906	partial deletion of the long arm of chromosome 7	provenance-only:orphanet	165	no	KEEP-as-broadMatch	ICD code is RESIDUAL; cannot be an exact equivalent	"{source=""Orphanet:262056""}"
ICD10CM:Q93.5	Other deletions of part of a chromosome	RESIDUAL	MONDO:0016907	partial deletion of the long arm of chromosome 8	provenance-only:orphanet	165	no	KEEP-as-broadMatch	ICD code is RESIDUAL; cannot be an exact equivalent	"{source=""Orphanet:262065""}"
ICD10CM:Q93.5	Other deletions of part of a chromosome	RESIDUAL	MONDO:0016908	partial monosomy of the long arm of chromosome 9	provenance-only:orphanet	165	no	KEEP-as-broadMatch	ICD code is RESIDUAL; cannot be an exact equivalent	"{source=""Orphanet:262074""}"
ICD10CM:Q93.5	Other deletions of part of a chromosome	RESIDUAL	MONDO:0016909	partial monosomy of the long arm of chromosome 10	provenance-only:orphanet	165	no	KEEP-as-broadMatch	ICD code is RESIDUAL; cannot be an exact equivalent	"{source=""Orphanet:262083""}"
ICD10CM:Q93.5	Other deletions of part of a chromosome	RESIDUAL	MONDO:0016910	partial deletion of the long arm of chromosome 11	provenance-only:orphanet	165	no	KEEP-as-broadMatch	ICD code is RESIDUAL; cannot be an exact equivalent	"{source=""Orphanet:262092""}"
ICD10CM:Q93.5	Other deletions of part of a chromosome	RESIDUAL	MONDO:0016911	partial deletion of the long arm of chromosome 13	provenance-only:orphanet	165	no	KEEP-as-broadMatch	ICD code is RESIDUAL; cannot be an exact equivalent	"{source=""Orphanet:262101""}"
ICD10CM:Q93.5	Other deletions of part of a chromosome	RESIDUAL	MONDO:0016912	partial deletion of the long arm of chromosome 14	provenance-only:orphanet	165	no	KEEP-as-broadMatch	ICD code is RESIDUAL; cannot be an exact equivalent	"{source=""Orphanet:262110""}"
ICD10CM:Q93.5	Other deletions of part of a chromosome	RESIDUAL	MONDO:0016913	partial deletion of the long arm of chromosome 15	provenance-only:orphanet	165	no	KEEP-as-broadMatch	ICD code is RESIDUAL; cannot be an exact equivalent	"{source=""Orphanet:262119""}"
ICD10CM:Q93.5	Other deletions of part of a chromosome	RESIDUAL	MONDO:0016914	partial deletion of the long arm of chromosome 16	provenance-only:orphanet	165	no	KEEP-as-broadMatch	ICD code is RESIDUAL; cannot be an exact equivalent	"{source=""Orphanet:262128""}"
ICD10CM:Q93.5	Other deletions of part of a chromosome	RESIDUAL	MONDO:0016915	partial deletion of the long arm of chromosome 17	provenance-only:orphanet	165	no	KEEP-as-broadMatch	ICD code is RESIDUAL; cannot be an exact equivalent	"{source=""Orphanet:262137""}"
ICD10CM:Q93.5	Other deletions of part of a chromosome	RESIDUAL	MONDO:0016917	partial deletion of the long arm of chromosome 19	provenance-only:orphanet	165	no	KEEP-as-broadMatch	ICD code is RESIDUAL; cannot be an exact equivalent	"{source=""Orphanet:262155""}"
ICD10CM:Q93.5	Other deletions of part of a chromosome	RESIDUAL	MONDO:0016918	partial deletion of the long arm of chromosome 20	provenance-only:orphanet	165	no	KEEP-as-broadMatch	ICD code is RESIDUAL; cannot be an exact equivalent	"{source=""Orphanet:262164""}"
ICD10CM:Q93.5	Other deletions of part of a chromosome	RESIDUAL	MONDO:0016919	partial deletion of the long arm of chromosome 21	provenance-only:orphanet	165	no	KEEP-as-broadMatch	ICD code is RESIDUAL; cannot be an exact equivalent	"{source=""Orphanet:262173""}"
ICD10CM:Q93.5	Other deletions of part of a chromosome	RESIDUAL	MONDO:0017056	DYRK1A-related intellectual disability syndrome due to 21q22.13q22.2 microdeletion	provenance-only:orphanet	165	no	KEEP-as-broadMatch	ICD code is RESIDUAL; cannot be an exact equivalent	"{source=""Orphanet:268261""}"
ICD10CM:Q93.5	Other deletions of part of a chromosome	RESIDUAL	MONDO:0017229	distal monosomy 12p	provenance-only:orphanet	165	no	KEEP-as-broadMatch	ICD code is RESIDUAL; cannot be an exact equivalent	"{source=""Orphanet:280325""}"
ICD10CM:Q93.5	Other deletions of part of a chromosome	RESIDUAL	MONDO:0017277	partial deletion of chromosome 12	provenance-only:orphanet	165	no	KEEP-as-broadMatch	ICD code is RESIDUAL; cannot be an exact equivalent	"{source=""Orphanet:282124""}"
ICD10CM:Q93.5	Other deletions of part of a chromosome	RESIDUAL	MONDO:0017334	12q15q21.1 microdeletion syndrome	provenance-only:orphanet	165	no	KEEP-as-broadMatch	ICD code is RESIDUAL; cannot be an exact equivalent	"{source=""Orphanet:289513""}"
ICD10CM:Q93.5	Other deletions of part of a chromosome	RESIDUAL	MONDO:0017405	1p21.3 microdeletion syndrome	provenance-only:orphanet	165	no	KEEP-as-broadMatch	ICD code is RESIDUAL; cannot be an exact equivalent	"{source=""Orphanet:293948""}"
ICD10CM:Q93.5	Other deletions of part of a chromosome	RESIDUAL	MONDO:0017780	20p13 microdeletion syndrome	provenance-only:orphanet	165	no	KEEP-as-broadMatch	ICD code is RESIDUAL; cannot be an exact equivalent	"{source=""Orphanet:313781""}"
ICD10CM:Q93.5	Other deletions of part of a chromosome	RESIDUAL	MONDO:0017781	12p12.1 microdeletion syndrome	provenance-only:orphanet	165	no	KEEP-as-broadMatch	ICD code is RESIDUAL; cannot be an exact equivalent	"{source=""Orphanet:313884""}"
ICD10CM:Q93.5	Other deletions of part of a chromosome	RESIDUAL	MONDO:0017811	severe neonatal hypotonia-seizures-encephalopathy syndrome due to 5q31.3 microdeletion	provenance-only:orphanet	165	no	KEEP-as-broadMatch	ICD code is RESIDUAL; cannot be an exact equivalent	"{source=""Orphanet:314655""}"
ICD10CM:Q93.5	Other deletions of part of a chromosome	RESIDUAL	MONDO:0017867	distal 17p13.1 microdeletion syndrome	provenance-only:orphanet	165	no	KEEP-as-broadMatch	ICD code is RESIDUAL; cannot be an exact equivalent	"{source=""Orphanet:319171""}"
ICD10CM:Q93.5	Other deletions of part of a chromosome	RESIDUAL	MONDO:0017928	9p13 microdeletion syndrome	provenance-only:orphanet	165	no	KEEP-as-broadMatch	ICD code is RESIDUAL; cannot be an exact equivalent	"{source=""Orphanet:324313""}"
ICD10CM:Q93.5	Other deletions of part of a chromosome	RESIDUAL	MONDO:0018127	16q24.1 microdeletion syndrome	provenance-only:orphanet	165	no	KEEP-as-broadMatch	ICD code is RESIDUAL; cannot be an exact equivalent	"{source=""Orphanet:352629""}"
ICD10CM:Q93.5	Other deletions of part of a chromosome	RESIDUAL	MONDO:0018131	neurodevelopmental disorder-craniofacial dysmorphism-cardiac defect-hip dysplasia syndrome due to 9q21 microdeletion	provenance-only:orphanet	165	no	KEEP-as-broadMatch	ICD code is RESIDUAL; cannot be an exact equivalent	"{source=""Orphanet:352665""}"
ICD10CM:Q93.5	Other deletions of part of a chromosome	RESIDUAL	MONDO:0018156	3q26q27 microdeletion syndrome	provenance-only:orphanet	165	no	KEEP-as-broadMatch	ICD code is RESIDUAL; cannot be an exact equivalent	"{source=""Orphanet:356947""}"
ICD10CM:Q93.5	Other deletions of part of a chromosome	RESIDUAL	MONDO:0018204	20q11.2 microduplication syndrome	provenance-only:orphanet	165	no	KEEP-as-broadMatch	ICD code is RESIDUAL; cannot be an exact equivalent	"{source=""Orphanet:363659""}"
ICD10CM:Q93.5	Other deletions of part of a chromosome	RESIDUAL	MONDO:0018205	distal monosomy 1q	provenance-only:orphanet	165	no	KEEP-as-broadMatch	ICD code is RESIDUAL; cannot be an exact equivalent	"{source=""Orphanet:36367""}"
ICD10CM:Q93.5	Other deletions of part of a chromosome	RESIDUAL	MONDO:0018207	2p13.2 microdeletion syndrome	provenance-only:orphanet	165	no	KEEP-as-broadMatch	ICD code is RESIDUAL; cannot be an exact equivalent	"{source=""Orphanet:363680""}"
ICD10CM:Q93.5	Other deletions of part of a chromosome	RESIDUAL	MONDO:0018216	Koolen-de Vries syndrome due to 17q21.31 microdeletion syndrome	provenance-only:orphanet	165	no	KEEP-as-broadMatch	ICD code is RESIDUAL; cannot be an exact equivalent	"{source=""Orphanet:363958""}"
ICD10CM:Q93.5	Other deletions of part of a chromosome	RESIDUAL	MONDO:0018217	Koolen-de Vries syndrome due to a point mutation	provenance-only:orphanet	165	no	KEEP-as-broadMatch	ICD code is RESIDUAL; cannot be an exact equivalent	"{source=""Orphanet:363965""}"
ICD10CM:Q93.5	Other deletions of part of a chromosome	RESIDUAL	MONDO:0018245	2p21 microdeletion syndrome without cystinuria	provenance-only:orphanet	165	no	KEEP-as-broadMatch	ICD code is RESIDUAL; cannot be an exact equivalent	"{source=""Orphanet:369881""}"
ICD10CM:Q93.5	Other deletions of part of a chromosome	RESIDUAL	MONDO:0018341	3q27.3 microdeletion syndrome	provenance-only:orphanet	165	no	KEEP-as-broadMatch	ICD code is RESIDUAL; cannot be an exact equivalent	"{source=""Orphanet:397695""}"
ICD10CM:Q93.5	Other deletions of part of a chromosome	RESIDUAL	MONDO:0018428	9q31.1q31.3 microdeletion syndrome	provenance-only:orphanet	165	no	KEEP-as-broadMatch	ICD code is RESIDUAL; cannot be an exact equivalent	"{source=""Orphanet:401923""}"
ICD10CM:Q93.5	Other deletions of part of a chromosome	RESIDUAL	MONDO:0018429	14q24.1q24.3 microdeletion syndrome	provenance-only:orphanet	165	no	KEEP-as-broadMatch	ICD code is RESIDUAL; cannot be an exact equivalent	"{source=""Orphanet:401935""}"
ICD10CM:Q93.5	Other deletions of part of a chromosome	RESIDUAL	MONDO:0018461	Angelman syndrome due to a point mutation	provenance-only:orphanet	165	no	KEEP-as-broadMatch	ICD code is RESIDUAL; cannot be an exact equivalent	"{source=""Orphanet:411511""}"
ICD10CM:Q93.5	Other deletions of part of a chromosome	RESIDUAL	MONDO:0018462	Angelman syndrome due to imprinting defect in 15q11-q13	provenance-only:orphanet	165	no	KEEP-as-broadMatch	ICD code is RESIDUAL; cannot be an exact equivalent	"{source=""Orphanet:411515""}"
ICD10CM:Q93.5	Other deletions of part of a chromosome	RESIDUAL	MONDO:0018474	13q12.3 microdeletion syndrome	provenance-only:orphanet	165	no	KEEP-as-broadMatch	ICD code is RESIDUAL; cannot be an exact equivalent	"{source=""Orphanet:412035""}"
ICD10CM:Q93.5	Other deletions of part of a chromosome	RESIDUAL	MONDO:0018564	3p25.3 microdeletion syndrome	provenance-only:orphanet	165	no	KEEP-as-broadMatch	ICD code is RESIDUAL; cannot be an exact equivalent	"{source=""Orphanet:435638""}"
ICD10CM:Q93.5	Other deletions of part of a chromosome	RESIDUAL	MONDO:0018632	11q22.2q22.3 microdeletion syndrome	provenance-only:orphanet	165	no	KEEP-as-broadMatch	ICD code is RESIDUAL; cannot be an exact equivalent	"{source=""Orphanet:444002""}"
ICD10CM:Q93.5	Other deletions of part of a chromosome	RESIDUAL	MONDO:0018633	20q11.2 microdeletion syndrome	provenance-only:orphanet	165	no	KEEP-as-broadMatch	ICD code is RESIDUAL; cannot be an exact equivalent	"{source=""Orphanet:444051""}"
ICD10CM:Q93.5	Other deletions of part of a chromosome	RESIDUAL	MONDO:0018697	1p35.2 microdeletion syndrome	provenance-only:orphanet	165	no	KEEP-as-broadMatch	ICD code is RESIDUAL; cannot be an exact equivalent	"{source=""Orphanet:456298""}"
ICD10CM:Q93.5	Other deletions of part of a chromosome	RESIDUAL	MONDO:0019164	6q terminal deletion syndrome	provenance-only:orphanet	165	no	KEEP-as-broadMatch	ICD code is RESIDUAL; cannot be an exact equivalent	"{source=""Orphanet:75857""}"
ICD10CM:Q93.5	Other deletions of part of a chromosome	RESIDUAL	MONDO:0019179	monosomy 9q22.3	provenance-only:orphanet	165	no	KEEP-as-broadMatch	ICD code is RESIDUAL; cannot be an exact equivalent	"{source=""Orphanet:77301""}"
ICD10CM:Q93.5	Other deletions of part of a chromosome	RESIDUAL	MONDO:0019784	12q14 microdeletion syndrome	provenance-only:orphanet	165	no	KEEP-as-broadMatch	ICD code is RESIDUAL; cannot be an exact equivalent	"{source=""Orphanet:94063""}"
ICD10CM:Q93.5	Other deletions of part of a chromosome	RESIDUAL	MONDO:0019892	distal monosomy 7p	provenance-only:orphanet	165	no	KEEP-as-broadMatch	ICD code is RESIDUAL; cannot be an exact equivalent	"{source=""Orphanet:96126""}"
ICD10CM:Q93.5	Other deletions of part of a chromosome	RESIDUAL	MONDO:0019893	distal monosomy 19p13.3	provenance-only:orphanet	165	no	KEEP-as-broadMatch	ICD code is RESIDUAL; cannot be an exact equivalent	"{source=""Orphanet:96129""}"
ICD10CM:Q93.5	Other deletions of part of a chromosome	RESIDUAL	MONDO:0019895	distal monosomy 4q	provenance-only:orphanet	165	no	KEEP-as-broadMatch	ICD code is RESIDUAL; cannot be an exact equivalent	"{source=""Orphanet:96145""}"
ICD10CM:Q93.5	Other deletions of part of a chromosome	RESIDUAL	MONDO:0019897	distal monosomy 12q	provenance-only:orphanet	165	no	KEEP-as-broadMatch	ICD code is RESIDUAL; cannot be an exact equivalent	"{source=""Orphanet:96149""}"
ICD10CM:Q93.5	Other deletions of part of a chromosome	RESIDUAL	MONDO:0019898	distal monosomy 14q	provenance-only:orphanet	165	no	KEEP-as-broadMatch	ICD code is RESIDUAL; cannot be an exact equivalent	"{source=""Orphanet:96150""}"
ICD10CM:Q93.5	Other deletions of part of a chromosome	RESIDUAL	MONDO:0019900	non-distal monosomy 12q	provenance-only:orphanet	165	no	KEEP-as-broadMatch	ICD code is RESIDUAL; cannot be an exact equivalent	"{source=""Orphanet:96160""}"
ICD10CM:Q93.5	Other deletions of part of a chromosome	RESIDUAL	MONDO:0019901	non-distal monosomy 20q	provenance-only:orphanet	165	no	KEEP-as-broadMatch	ICD code is RESIDUAL; cannot be an exact equivalent	"{source=""Orphanet:96164""}"
ICD10CM:Q93.5	Other deletions of part of a chromosome	RESIDUAL	MONDO:0019902	monosomy 13q34	provenance-only:orphanet	165	no	KEEP-as-broadMatch	ICD code is RESIDUAL; cannot be an exact equivalent	"{source=""Orphanet:96168""}"
ICD10CM:Q93.5	Other deletions of part of a chromosome	RESIDUAL	MONDO:0020302	Angelman syndrome due to maternal 15q11q13 deletion	provenance-only:orphanet	165	no	KEEP-as-broadMatch	ICD code is RESIDUAL; cannot be an exact equivalent	"{source=""Orphanet:98794""}"
ICD10CM:Q93.5	Other deletions of part of a chromosome	RESIDUAL	MONDO:0020303	Angelman syndrome due to paternal uniparental disomy of chromosome 15	provenance-only:orphanet	165	no	KEEP-as-broadMatch	ICD code is RESIDUAL; cannot be an exact equivalent	"{source=""Orphanet:98795""}"
ICD10CM:Q93.5	Other deletions of part of a chromosome	RESIDUAL	MONDO:0022174	chromosome 12p deletion	provenance-only:orphanet	165	no	KEEP-as-broadMatch	ICD code is RESIDUAL; cannot be an exact equivalent	"{source=""Orphanet:316244""}"
ICD10CM:Q93.5	Other deletions of part of a chromosome	RESIDUAL	MONDO:0022754	chromosome 17p deletion	provenance-only:orphanet	165	no	KEEP-as-broadMatch	ICD code is RESIDUAL; cannot be an exact equivalent	"{source=""Orphanet:261965""}"
ICD10CM:Q93.5	Other deletions of part of a chromosome	RESIDUAL	MONDO:0022756	chromosome 1q deletion	provenance-only:orphanet	165	no	KEEP-as-broadMatch	ICD code is RESIDUAL; cannot be an exact equivalent	"{source=""Orphanet:262001""}"
ICD10CM:Q93.5	Other deletions of part of a chromosome	RESIDUAL	MONDO:0022760	chromosome 22q deletion	provenance-only:orphanet	165	no	KEEP-as-broadMatch	ICD code is RESIDUAL; cannot be an exact equivalent	"{source=""Orphanet:262182""}"
ICD10CM:Q96.1	Karyotype 46, X iso (Xq)	DISEASE	MONDO:0019499	Turner syndrome	orphanet-btnt	2	no	KEEP-as-broadMatch	2 Mondo terms share this code; Mondo is narrower	"{source=""Orphanet:881/specific"", source=""Orphanet:881/btnt"", source=""Orphanet:881""}"
ICD10CM:Q96.1	Karyotype 46, X iso (Xq)	DISEASE	MONDO:0020472	Turner syndrome due to structural X chromosome anomalies	orphanet-btnt	2	no	KEEP-as-broadMatch	2 Mondo terms share this code; Mondo is narrower	"{source=""Orphanet:99413/btnt"", source=""Orphanet:99413"", source=""Orphanet:99413/specific""}"
ICD10CM:Q96.2	Karyotype 46, X with abnormal sex chromosome, except iso (Xq)	DISEASE	MONDO:0019499	Turner syndrome	orphanet-btnt	2	no	KEEP-as-broadMatch	2 Mondo terms share this code; Mondo is narrower	"{source=""Orphanet:881/specific"", source=""Orphanet:881/btnt"", source=""Orphanet:881""}"
ICD10CM:Q96.2	Karyotype 46, X with abnormal sex chromosome, except iso (Xq)	DISEASE	MONDO:0020472	Turner syndrome due to structural X chromosome anomalies	orphanet-btnt	2	no	KEEP-as-broadMatch	2 Mondo terms share this code; Mondo is narrower	"{source=""Orphanet:99413/btnt"", source=""Orphanet:99413"", source=""Orphanet:99413/specific""}"
ICD10CM:Q96.3	Mosaicism, 45, X/46, XX or XY	DISEASE	MONDO:0019499	Turner syndrome	orphanet-btnt	2	no	KEEP-as-broadMatch	2 Mondo terms share this code; Mondo is narrower	"{source=""Orphanet:881/specific"", source=""Orphanet:881/btnt"", source=""Orphanet:881""}"
ICD10CM:Q96.3	Mosaicism, 45, X/46, XX or XY	DISEASE	MONDO:0020467	mosaic monosomy X	orphanet-btnt	2	no	KEEP-as-broadMatch	2 Mondo terms share this code; Mondo is narrower	"{source=""Orphanet:99228/btnt"", source=""Orphanet:99228"", source=""Orphanet:99228/specific""}"
ICD10CM:Q96.4	Mosaicism, 45, X/other cell line(s) with abnormal sex chromosome	DISEASE	MONDO:0019499	Turner syndrome	orphanet-btnt	2	no	KEEP-as-broadMatch	2 Mondo terms share this code; Mondo is narrower	"{source=""Orphanet:881/specific"", source=""Orphanet:881/btnt"", source=""Orphanet:881""}"
ICD10CM:Q96.4	Mosaicism, 45, X/other cell line(s) with abnormal sex chromosome	DISEASE	MONDO:0020467	mosaic monosomy X	orphanet-btnt	2	no	KEEP-as-broadMatch	2 Mondo terms share this code; Mondo is narrower	"{source=""Orphanet:99228/btnt"", source=""Orphanet:99228"", source=""Orphanet:99228/specific""}"
ICD10CM:Q96.8	Other variants of Turner's syndrome	RESIDUAL	MONDO:0014520	46,XX ovarian dysgenesis-short stature syndrome	provenance-only:orphanet	2	no	KEEP-as-broadMatch	ICD code is RESIDUAL; cannot be an exact equivalent	"{source=""Orphanet:444048""}"
ICD10CM:Q96.8	Other variants of Turner's syndrome	RESIDUAL	MONDO:0019499	Turner syndrome	orphanet-btnt	2	no	KEEP-as-broadMatch	ICD code is RESIDUAL; cannot be an exact equivalent	"{source=""Orphanet:881/specific"", source=""Orphanet:881/btnt"", source=""Orphanet:881""}"
ICD10CM:Q96.9	Turner's syndrome, unspecified	RESIDUAL	MONDO:0019499	Turner syndrome	orphanet-btnt	2	no	KEEP-as-broadMatch	ICD code is RESIDUAL; cannot be an exact equivalent	"{source=""Orphanet:881/specific"", source=""Orphanet:881/btnt"", source=""Orphanet:881"", source=""DOID:3491""}"
ICD10CM:Q96.9	Turner's syndrome, unspecified	RESIDUAL	MONDO:0020466	monosomy X	provenance-only:orphanet	2	no	KEEP-as-broadMatch	ICD code is RESIDUAL; cannot be an exact equivalent	"{source=""Orphanet:99226"", source=""Orphanet:99226/index""}"
ICD10CM:Q97.1	Female with more than three X chromosomes	DISEASE	MONDO:0015228	pentasomy X	provenance-only:orphanet	2	no	KEEP-as-broadMatch	2 Mondo terms share this code; Mondo is narrower	"{source=""Orphanet:11""}"
ICD10CM:Q97.1	Female with more than three X chromosomes	DISEASE	MONDO:0019525	tetrasomy X	provenance-only:orphanet	2	no	KEEP-as-broadMatch	2 Mondo terms share this code; Mondo is narrower	"{source=""Orphanet:9""}"
ICD10CM:Q98.1	Klinefelter syndrome, male with more than two X chromosomes	DISEASE	MONDO:0019928	48,XXXY syndrome	provenance-only:orphanet	2	no	KEEP-as-broadMatch	2 Mondo terms share this code; Mondo is narrower	"{source=""Orphanet:96263""}"
ICD10CM:Q98.1	Klinefelter syndrome, male with more than two X chromosomes	DISEASE	MONDO:0019929	49,XXXXY syndrome	provenance-only:orphanet	2	no	KEEP-as-broadMatch	2 Mondo terms share this code; Mondo is narrower	"{source=""Orphanet:96264""}"
ICD10CM:Q98.4	Klinefelter syndrome, unspecified	RESIDUAL	MONDO:0006823	Klinefelter syndrome	provenance-only:doid	1	match	KEEP-as-broadMatch	ICD code is RESIDUAL; cannot be an exact equivalent	"{source=""DOID:1921""}"
ICD10CM:Q98.6	Male with structurally abnormal sex chromosome	DISEASE	MONDO:0015607	partial chromosome Y deletion	provenance-only:orphanet	5	no	KEEP-as-broadMatch	5 Mondo terms share this code; Mondo is narrower	"{source=""Orphanet:1646""}"
ICD10CM:Q98.6	Male with structurally abnormal sex chromosome	DISEASE	MONDO:0016853	ring chromosome Y	provenance-only:orphanet	5	no	KEEP-as-broadMatch	5 Mondo terms share this code; Mondo is narrower	"{source=""Orphanet:261529""}"
ICD10CM:Q98.6	Male with structurally abnormal sex chromosome	DISEASE	MONDO:0019935	isochromosome Y	provenance-only:orphanet	5	no	KEEP-as-broadMatch	5 Mondo terms share this code; Mondo is narrower	"{source=""Orphanet:96325""}"
ICD10CM:Q98.6	Male with structurally abnormal sex chromosome	DISEASE	MONDO:0020304	isochromosomy Yp	provenance-only:orphanet	5	no	KEEP-as-broadMatch	5 Mondo terms share this code; Mondo is narrower	"{source=""Orphanet:98797""}"
ICD10CM:Q98.6	Male with structurally abnormal sex chromosome	DISEASE	MONDO:0020305	isochromosomy Yq	provenance-only:orphanet	5	no	KEEP-as-broadMatch	5 Mondo terms share this code; Mondo is narrower	"{source=""Orphanet:98798""}"
ICD10CM:Q98.8	Other specified sex chromosome abnormalities, male phenotype	RESIDUAL	MONDO:0015028	48,XXYY syndrome	provenance-only:orphanet	4	no	KEEP-as-broadMatch	ICD code is RESIDUAL; cannot be an exact equivalent	"{source=""Orphanet:10""}"
ICD10CM:Q98.8	Other specified sex chromosome abnormalities, male phenotype	RESIDUAL	MONDO:0016854	49,XXXYY syndrome	provenance-only:orphanet	4	no	KEEP-as-broadMatch	ICD code is RESIDUAL; cannot be an exact equivalent	"{source=""Orphanet:261534""}"
ICD10CM:Q98.8	Other specified sex chromosome abnormalities, male phenotype	RESIDUAL	MONDO:0020469	48,XYYY syndrome	provenance-only:orphanet	4	no	KEEP-as-broadMatch	ICD code is RESIDUAL; cannot be an exact equivalent	"{source=""Orphanet:99329""}"
ICD10CM:Q98.8	Other specified sex chromosome abnormalities, male phenotype	RESIDUAL	MONDO:0020470	49,XYYYY syndrome	provenance-only:orphanet	4	no	KEEP-as-broadMatch	ICD code is RESIDUAL; cannot be an exact equivalent	"{source=""Orphanet:99330""}"
ICD10CM:Q99.1	46, XX true hermaphrodite	DISEASE	MONDO:0009299	46 XX gonadal dysgenesis	orphanet-specific	4	no	KEEP-as-broadMatch	4 Mondo terms share this code; Mondo is narrower	"{source=""Orphanet:243/e"", source=""Orphanet:243/specific"", source=""Orphanet:243""}"
ICD10CM:Q99.1	46, XX true hermaphrodite	DISEASE	MONDO:0009302	XY type gonadal dysgenesis-associated anomalies syndrome	provenance-only:orphanet	4	no	KEEP-as-broadMatch	4 Mondo terms share this code; Mondo is narrower	"{source=""Orphanet:1770""}"
ICD10CM:Q99.1	46, XX true hermaphrodite	DISEASE	MONDO:0010765	46,XY complete gonadal dysgenesis	orphanet-exact	4	no	KEEP-as-broadMatch	4 Mondo terms share this code; Mondo is narrower	"{source=""Orphanet:242/e"", source=""Orphanet:242/inclusion"", source=""Orphanet:242""}"
ICD10CM:Q99.1	46, XX true hermaphrodite	DISEASE	MONDO:0100249	46,XX testicular disorder of sex development	provenance-only:orphanet	4	no	KEEP-as-broadMatch	4 Mondo terms share this code; Mondo is narrower	"{source=""Orphanet:393""}"
ICD10CM:Q99.2	Fragile X chromosome	DISEASE	MONDO:0010383	fragile X syndrome	orphanet-specific	2	no	KEEP-as-broadMatch	2 Mondo terms share this code; Mondo is narrower	"{source=""Orphanet:908/e"", source=""Orphanet:908/specific"", source=""DOID:14261"", source=""Orphanet:908""}"
ICD10CM:Q99.2	Fragile X chromosome	DISEASE	MONDO:0018670	symptomatic form of fragile X syndrome in female carrier	provenance-only:orphanet	2	no	KEEP-as-broadMatch	2 Mondo terms share this code; Mondo is narrower	"{source=""Orphanet:449291""}"
ICD10CM:Q99.8	Other specified chromosome abnormalities	RESIDUAL	MONDO:0000141	mosaic variegated aneuploidy syndrome	provenance-only:orphanet	48	no	KEEP-as-broadMatch	ICD code is RESIDUAL; cannot be an exact equivalent	"{source=""Orphanet:1052""}"
ICD10CM:Q99.8	Other specified chromosome abnormalities	RESIDUAL	MONDO:0008365	recombinant 8 syndrome	provenance-only:orphanet	48	no	KEEP-as-broadMatch	ICD code is RESIDUAL; cannot be an exact equivalent	"{source=""Orphanet:96167""}"
ICD10CM:Q99.8	Other specified chromosome abnormalities	RESIDUAL	MONDO:0010283	syndromic X-linked intellectual disability Lubs type	provenance-only:orphanet	48	no	KEEP-as-broadMatch	ICD code is RESIDUAL; cannot be an exact equivalent	"{source=""Orphanet:1762""}"
ICD10CM:Q99.8	Other specified chromosome abnormalities	RESIDUAL	MONDO:0010399	chromosome Xp21 deletion syndrome	provenance-only:orphanet	48	no	KEEP-as-broadMatch	ICD code is RESIDUAL; cannot be an exact equivalent	"{source=""Orphanet:261476"", source=""DOID:0060427""}"
ICD10CM:Q99.8	Other specified chromosome abnormalities	RESIDUAL	MONDO:0010428	chromosome Xp11.23-p11.22 duplication syndrome	provenance-only:orphanet	48	no	KEEP-as-broadMatch	ICD code is RESIDUAL; cannot be an exact equivalent	"{source=""DOID:0060461"", source=""Orphanet:217377""}"
ICD10CM:Q99.8	Other specified chromosome abnormalities	RESIDUAL	MONDO:0010467	Xq27.3q28 duplication syndrome	provenance-only:orphanet	48	no	KEEP-as-broadMatch	ICD code is RESIDUAL; cannot be an exact equivalent	"{source=""Orphanet:261483""}"
ICD10CM:Q99.8	Other specified chromosome abnormalities	RESIDUAL	MONDO:0011146	tetrasomy 12p	provenance-only:orphanet	48	no	KEEP-as-broadMatch	ICD code is RESIDUAL; cannot be an exact equivalent	"{source=""Orphanet:884""}"
ICD10CM:Q99.8	Other specified chromosome abnormalities	RESIDUAL	MONDO:0011975	paternal uniparental disomy of chromosome 14	provenance-only:orphanet	48	no	KEEP-as-broadMatch	ICD code is RESIDUAL; cannot be an exact equivalent	"{source=""Orphanet:96334""}"
ICD10CM:Q99.8	Other specified chromosome abnormalities	RESIDUAL	MONDO:0013668	tetrasomy 18p	provenance-only:orphanet	48	no	KEEP-as-broadMatch	ICD code is RESIDUAL; cannot be an exact equivalent	"{source=""Orphanet:3307""}"
ICD10CM:Q99.8	Other specified chromosome abnormalities	RESIDUAL	MONDO:0013918	distal tetrasomy 15q	provenance-only:orphanet	48	no	KEEP-as-broadMatch	ICD code is RESIDUAL; cannot be an exact equivalent	"{source=""Orphanet:314588""}"
ICD10CM:Q99.8	Other specified chromosome abnormalities	RESIDUAL	MONDO:0015606	Xp22.3 microdeletion syndrome	provenance-only:orphanet	48	no	KEEP-as-broadMatch	ICD code is RESIDUAL; cannot be an exact equivalent	"{source=""Orphanet:1643""}"
ICD10CM:Q99.8	Other specified chromosome abnormalities	RESIDUAL	MONDO:0016650	paternal uniparental disomy of chromosome 1	provenance-only:orphanet	48	no	KEEP-as-broadMatch	ICD code is RESIDUAL; cannot be an exact equivalent	"{source=""Orphanet:251004""}"
ICD10CM:Q99.8	Other specified chromosome abnormalities	RESIDUAL	MONDO:0016651	maternal uniparental disomy of chromosome 1	provenance-only:orphanet	48	no	KEEP-as-broadMatch	ICD code is RESIDUAL; cannot be an exact equivalent	"{source=""Orphanet:251009""}"
ICD10CM:Q99.8	Other specified chromosome abnormalities	RESIDUAL	MONDO:0016783	maternal 14q32.2 hypermethylation syndrome	provenance-only:orphanet	48	no	KEEP-as-broadMatch	ICD code is RESIDUAL; cannot be an exact equivalent	"{source=""Orphanet:254534""}"
ICD10CM:Q99.8	Other specified chromosome abnormalities	RESIDUAL	MONDO:0016851	maternal uniparental disomy of chromosome X	provenance-only:orphanet	48	no	KEEP-as-broadMatch	ICD code is RESIDUAL; cannot be an exact equivalent	"{source=""Orphanet:261519""}"
ICD10CM:Q99.8	Other specified chromosome abnormalities	RESIDUAL	MONDO:0016852	paternal uniparental disomy of chromosome X	provenance-only:orphanet	48	no	KEEP-as-broadMatch	ICD code is RESIDUAL; cannot be an exact equivalent	"{source=""Orphanet:261524""}"
ICD10CM:Q99.8	Other specified chromosome abnormalities	RESIDUAL	MONDO:0017003	partial deletion of chromosome X	provenance-only:orphanet	48	no	KEEP-as-broadMatch	ICD code is RESIDUAL; cannot be an exact equivalent	"{source=""Orphanet:263726""}"
ICD10CM:Q99.8	Other specified chromosome abnormalities	RESIDUAL	MONDO:0017004	partial monosomy of the short arm of chromosome X	provenance-only:orphanet	48	no	KEEP-as-broadMatch	ICD code is RESIDUAL; cannot be an exact equivalent	"{source=""Orphanet:263731""}"
ICD10CM:Q99.8	Other specified chromosome abnormalities	RESIDUAL	MONDO:0017007	partial deletion of the long arm of chromosome X	provenance-only:orphanet	48	no	KEEP-as-broadMatch	ICD code is RESIDUAL; cannot be an exact equivalent	"{source=""Orphanet:263756""}"
ICD10CM:Q99.8	Other specified chromosome abnormalities	RESIDUAL	MONDO:0017008	partial duplication of chromosome X	provenance-only:orphanet	48	no	KEEP-as-broadMatch	ICD code is RESIDUAL; cannot be an exact equivalent	"{source=""Orphanet:263768""}"
ICD10CM:Q99.8	Other specified chromosome abnormalities	RESIDUAL	MONDO:0017009	partial duplication of the short arm of chromosome X	provenance-only:orphanet	48	no	KEEP-as-broadMatch	ICD code is RESIDUAL; cannot be an exact equivalent	"{source=""Orphanet:263775""}"
ICD10CM:Q99.8	Other specified chromosome abnormalities	RESIDUAL	MONDO:0017010	partial duplication of the long arm of chromosome X	provenance-only:orphanet	48	no	KEEP-as-broadMatch	ICD code is RESIDUAL; cannot be an exact equivalent	"{source=""Orphanet:263783""}"
ICD10CM:Q99.8	Other specified chromosome abnormalities	RESIDUAL	MONDO:0017284	Xp22.13p22.2 duplication syndrome	provenance-only:orphanet	48	no	KEEP-as-broadMatch	ICD code is RESIDUAL; cannot be an exact equivalent	"{source=""Orphanet:284180""}"
ICD10CM:Q99.8	Other specified chromosome abnormalities	RESIDUAL	MONDO:0017335	microtriplication 11q24.1	provenance-only:orphanet	48	no	KEEP-as-broadMatch	ICD code is RESIDUAL; cannot be an exact equivalent	"{source=""Orphanet:289522""}"
ICD10CM:Q99.8	Other specified chromosome abnormalities	RESIDUAL	MONDO:0017404	distal Xq28 microduplication syndrome	provenance-only:orphanet	48	no	KEEP-as-broadMatch	ICD code is RESIDUAL; cannot be an exact equivalent	"{source=""Orphanet:293939""}"
ICD10CM:Q99.8	Other specified chromosome abnormalities	RESIDUAL	MONDO:0017794	Xq12-q13.3 duplication syndrome	provenance-only:orphanet	48	no	KEEP-as-broadMatch	ICD code is RESIDUAL; cannot be an exact equivalent	"{source=""Orphanet:314389""}"
ICD10CM:Q99.8	Other specified chromosome abnormalities	RESIDUAL	MONDO:0018027	duplication/inversion 15q11	provenance-only:orphanet	48	no	KEEP-as-broadMatch	ICD code is RESIDUAL; cannot be an exact equivalent	"{source=""Orphanet:3306""}"
ICD10CM:Q99.8	Other specified chromosome abnormalities	RESIDUAL	MONDO:0018028	tetrasomy 5p	provenance-only:orphanet	48	no	KEEP-as-broadMatch	ICD code is RESIDUAL; cannot be an exact equivalent	"{source=""Orphanet:3309""}"
ICD10CM:Q99.8	Other specified chromosome abnormalities	RESIDUAL	MONDO:0018030	tetrasomy 9p	provenance-only:orphanet	48	no	KEEP-as-broadMatch	ICD code is RESIDUAL; cannot be an exact equivalent	"{source=""Orphanet:3310""}"
ICD10CM:Q99.8	Other specified chromosome abnormalities	RESIDUAL	MONDO:0019864	tetrasomy 21	provenance-only:orphanet	48	no	KEEP-as-broadMatch	ICD code is RESIDUAL; cannot be an exact equivalent	"{source=""Orphanet:96055""}"
ICD10CM:Q99.8	Other specified chromosome abnormalities	RESIDUAL	MONDO:0019876	8p inverted duplication/deletion syndrome	provenance-only:orphanet	48	no	KEEP-as-broadMatch	ICD code is RESIDUAL; cannot be an exact equivalent	"{source=""Orphanet:96092""}"
ICD10CM:Q99.8	Other specified chromosome abnormalities	RESIDUAL	MONDO:0019910	maternal uniparental disomy of chromosome 2	provenance-only:orphanet	48	no	KEEP-as-broadMatch	ICD code is RESIDUAL; cannot be an exact equivalent	"{source=""Orphanet:96179""}"
ICD10CM:Q99.8	Other specified chromosome abnormalities	RESIDUAL	MONDO:0019911	maternal uniparental disomy of chromosome 4	provenance-only:orphanet	48	no	KEEP-as-broadMatch	ICD code is RESIDUAL; cannot be an exact equivalent	"{source=""Orphanet:96180""}"
ICD10CM:Q99.8	Other specified chromosome abnormalities	RESIDUAL	MONDO:0019912	maternal uniparental disomy of chromosome 6	provenance-only:orphanet	48	no	KEEP-as-broadMatch	ICD code is RESIDUAL; cannot be an exact equivalent	"{source=""Orphanet:96181""}"
ICD10CM:Q99.8	Other specified chromosome abnormalities	RESIDUAL	MONDO:0019914	maternal uniparental disomy of chromosome 9	provenance-only:orphanet	48	no	KEEP-as-broadMatch	ICD code is RESIDUAL; cannot be an exact equivalent	"{source=""Orphanet:96183""}"
ICD10CM:Q99.8	Other specified chromosome abnormalities	RESIDUAL	MONDO:0019915	maternal uniparental disomy of chromosome 14	provenance-only:orphanet	48	no	KEEP-as-broadMatch	ICD code is RESIDUAL; cannot be an exact equivalent	"{source=""Orphanet:96184""}"
ICD10CM:Q99.8	Other specified chromosome abnormalities	RESIDUAL	MONDO:0019916	maternal uniparental disomy of chromosome 16	provenance-only:orphanet	48	no	KEEP-as-broadMatch	ICD code is RESIDUAL; cannot be an exact equivalent	"{source=""Orphanet:96185""}"
ICD10CM:Q99.8	Other specified chromosome abnormalities	RESIDUAL	MONDO:0019917	maternal uniparental disomy of chromosome 20	provenance-only:orphanet	48	no	KEEP-as-broadMatch	ICD code is RESIDUAL; cannot be an exact equivalent	"{source=""Orphanet:96186""}"
ICD10CM:Q99.8	Other specified chromosome abnormalities	RESIDUAL	MONDO:0019918	maternal uniparental disomy of chromosome 21	provenance-only:orphanet	48	no	KEEP-as-broadMatch	ICD code is RESIDUAL; cannot be an exact equivalent	"{source=""Orphanet:96187""}"
ICD10CM:Q99.8	Other specified chromosome abnormalities	RESIDUAL	MONDO:0019919	maternal uniparental disomy of chromosome 22	provenance-only:orphanet	48	no	KEEP-as-broadMatch	ICD code is RESIDUAL; cannot be an exact equivalent	"{source=""Orphanet:96188""}"
ICD10CM:Q99.8	Other specified chromosome abnormalities	RESIDUAL	MONDO:0019920	paternal uniparental disomy of chromosome 5	provenance-only:orphanet	48	no	KEEP-as-broadMatch	ICD code is RESIDUAL; cannot be an exact equivalent	"{source=""Orphanet:96190""}"
ICD10CM:Q99.8	Other specified chromosome abnormalities	RESIDUAL	MONDO:0019921	paternal uniparental disomy of chromosome 6	provenance-only:orphanet	48	no	KEEP-as-broadMatch	ICD code is RESIDUAL; cannot be an exact equivalent	"{source=""Orphanet:96191""}"
ICD10CM:Q99.8	Other specified chromosome abnormalities	RESIDUAL	MONDO:0019922	paternal uniparental disomy of chromosome 7	provenance-only:orphanet	48	no	KEEP-as-broadMatch	ICD code is RESIDUAL; cannot be an exact equivalent	"{source=""Orphanet:96192""}"
ICD10CM:Q99.8	Other specified chromosome abnormalities	RESIDUAL	MONDO:0019924	paternal uniparental disomy of chromosome 20	provenance-only:orphanet	48	no	KEEP-as-broadMatch	ICD code is RESIDUAL; cannot be an exact equivalent	"{source=""Orphanet:96194""}"
ICD10CM:Q99.8	Other specified chromosome abnormalities	RESIDUAL	MONDO:0019925	paternal uniparental disomy of chromosome 21	provenance-only:orphanet	48	no	KEEP-as-broadMatch	ICD code is RESIDUAL; cannot be an exact equivalent	"{source=""Orphanet:96195""}"
ICD10CM:Q99.8	Other specified chromosome abnormalities	RESIDUAL	MONDO:0019926	X small rings	provenance-only:orphanet	48	no	KEEP-as-broadMatch	ICD code is RESIDUAL; cannot be an exact equivalent	"{source=""Orphanet:96201""}"
ICD10CM:Q99.8	Other specified chromosome abnormalities	RESIDUAL	MONDO:0019994	maternal uniparental disomy of chromosome 13	provenance-only:orphanet	48	no	KEEP-as-broadMatch	ICD code is RESIDUAL; cannot be an exact equivalent	"{source=""Orphanet:97678""}"
ICD10CM:Q99.8	Other specified chromosome abnormalities	RESIDUAL	MONDO:0020468	paternal uniparental disomy of chromosome 13	provenance-only:orphanet	48	no	KEEP-as-broadMatch	ICD code is RESIDUAL; cannot be an exact equivalent	"{source=""Orphanet:99324""}"
ICD10CM:Q00.0	Anencephaly	DISEASE	MONDO:0000819	anencephaly	equivalentTo	1	match	OK	already curated	"{source=""https://orcid.org/0009-0001-6494-4831"", source=""MONDO:equivalentTo"", source=""https://orcid.org/0000-0002-5002-8648""}"
ICD10CM:Q00.1	Craniorachischisis	DISEASE	MONDO:0018969	craniorachischisis	equivalentTo	1	match	OK	already curated	"{source=""Orphanet:63260/e"", source=""https://orcid.org/0009-0001-6494-4831"", source=""Orphanet:63260/specific"", source=""MONDO:equivalentTo"", source=""https://orcid.org/0000-0002-5002-8648"", source=""Orphanet:63260""}"
ICD10CM:Q00.2	Iniencephaly	DISEASE	MONDO:0018968	iniencephaly	equivalentTo	1	match	OK	already curated	"{source=""Orphanet:63259"", source=""MONDO:equivalentTo"", source=""Orphanet:63259/e"", source=""Orphanet:63259/specific""}"
ICD10CM:Q01	Encephalocele	DISEASE	MONDO:0017078	cephalocele	equivalentTo	1	syn-match	OK	already curated	"{source=""https://orcid.org/0009-0001-6494-4831"", source=""MONDO:equivalentTo"", source=""https://orcid.org/0000-0002-5002-8648""}"
ICD10CM:Q01.0	Frontal encephalocele	DISEASE	MONDO:0016020	frontal encephalocele	equivalentTo	1	match	OK	already curated	"{source=""MONDO:equivalentTo"", source=""Orphanet:1931/specific"", source=""Orphanet:1931"", source=""Orphanet:1931/e""}"
ICD10CM:Q01.2	Occipital encephalocele	DISEASE	MONDO:0017080	occipital encephalocele	equivalentTo	1	match	OK	already curated	"{source=""MONDO:equivalentTo"", source=""Orphanet:268823"", source=""Orphanet:268823/specific"", source=""Orphanet:268823/e""}"
ICD10CM:Q02	Microcephaly	DISEASE	MONDO:0001149	microcephaly	equivalentTo	1	match	OK	already curated	"{source=""https://orcid.org/0009-0001-6494-4831"", source=""MONDO:equivalentTo"", source=""https://orcid.org/0000-0002-5002-8648"", source=""DOID:10907""}"
ICD10CM:Q03	Congenital hydrocephalus	DISEASE	MONDO:0016349	congenital hydrocephalus	equivalentTo	1	match	OK	already curated	"{source=""MONDO:equivalentTo""}"
ICD10CM:Q04.2	Holoprosencephaly	DISEASE	MONDO:0016296	holoprosencephaly	equivalentTo	1	match	OK	already curated	"{source=""Orphanet:2162/e"", source=""Orphanet:2162/specific"", source=""DOID:4621"", source=""MONDO:equivalentTo"", source=""Orphanet:2162""}"
ICD10CM:Q04.5	Megalencephaly	DISEASE	MONDO:0016608	megalencephaly	equivalentTo	1	match	OK	already curated	"{source=""https://orcid.org/0009-0001-6494-4831"", source=""MONDO:equivalentTo"", source=""https://orcid.org/0000-0002-5002-8648""}"
ICD10CM:Q05	Spina bifida	DISEASE	MONDO:0008449	spina bifida	equivalentTo	1	match	OK	already curated	"{source=""https://orcid.org/0009-0001-6494-4831"", source=""MONDO:equivalentTo"", source=""https://orcid.org/0000-0002-5002-8648""}"
ICD10CM:Q06.2	Diastematomyelia	DISEASE	MONDO:0009106	diastematomyelia	equivalentTo	1	match	OK	already curated	"{source=""Orphanet:573278"", source=""MONDO:equivalentTo""}"
ICD10CM:Q10.1	Congenital ectropion	DISEASE	MONDO:0020161	congenital ectropion	equivalentTo	1	match	OK	already curated	"{source=""Orphanet:98570/e"", source=""Orphanet:98570/specific"", source=""MONDO:equivalentTo"", source=""Orphanet:98570""}"
ICD10CM:Q10.2	Congenital entropion	DISEASE	MONDO:0020159	congenital entropion	equivalentTo	1	match	OK	already curated	"{source=""https://orcid.org/0009-0001-6494-4831"", source=""MONDO:equivalentTo"", source=""https://orcid.org/0000-0002-5002-8648""}"
ICD10CM:Q12.3	Congenital aphakia	DISEASE	MONDO:0012456	congenital primary aphakia	equivalentTo	1	syn-match	OK	already curated	"{source=""Orphanet:83461"", source=""MONDO:equivalentTo"", source=""Orphanet:83461/e"", source=""DOID:11367"", source=""Orphanet:83461/specific""}"
ICD10CM:Q13.0	Coloboma of iris	DISEASE	MONDO:0020356	coloboma of iris	equivalentTo	1	match	OK	already curated	"{source=""https://orcid.org/0009-0001-6494-4831"", source=""MONDO:equivalentTo"", source=""Orphanet:98944"", source=""https://orcid.org/0000-0002-5002-8648"", source=""Orphanet:98944/specific"", source=""Orphanet:98944/e""}"
ICD10CM:Q13.1	Absence of iris	DISEASE	MONDO:0019172	aniridia	equivalentTo	1	no	OK	already curated	"{source=""https://orcid.org/0009-0001-6494-4831"", source=""Orphanet:77"", source=""MONDO:equivalentTo"", source=""DOID:12271"", source=""https://orcid.org/0000-0002-5002-8648""}"
ICD10CM:Q17.2	Microtia	DISEASE	MONDO:0010920	microtia	equivalentTo	1	match	OK	already curated	"{source=""Orphanet:83463"", source=""MONDO:equivalentTo"", source=""Orphanet:83463/e"", source=""Orphanet:83463/specific""}"
ICD10CM:Q18.4	Macrostomia	DISEASE	MONDO:0013300	commissural facial cleft	equivalentTo	1	syn-match	OK	already curated	"{source=""https://orcid.org/0009-0001-6494-4831"", source=""Orphanet:141276"", source=""MONDO:equivalentTo"", source=""https://orcid.org/0000-0002-5002-8648""}"
ICD10CM:Q20.0	Common arterial trunk	DISEASE	MONDO:0018072	persistent truncus arteriosus	equivalentTo	1	syn-match	OK	already curated	"{source=""Orphanet:3384/specific"", source=""https://orcid.org/0009-0001-6494-4831"", source=""Orphanet:3384/e"", source=""MONDO:equivalentTo"", source=""https://orcid.org/0000-0002-5002-8648"", source=""Orphanet:3384""}"
ICD10CM:Q20.1	Double outlet right ventricle	LATERALITY	MONDO:0018089	double outlet right ventricle	equivalentTo	1	match	OK	already curated	"{source=""MONDO:equivalentTo"", source=""Orphanet:3426"", source=""Orphanet:3426/specific"", source=""Orphanet:3426/e""}"
ICD10CM:Q20.2	Double outlet left ventricle	LATERALITY	MONDO:0018090	double outlet left ventricle	equivalentTo	1	match	OK	already curated	"{source=""https://orcid.org/0009-0001-6494-4831"", source=""MONDO:equivalentTo"", source=""https://orcid.org/0000-0002-5002-8648"", source=""Orphanet:3427"", source=""Orphanet:3427/e""}"
ICD10CM:Q21.0	Ventricular septal defect	DISEASE	MONDO:0002070	ventricular septal defect	equivalentTo	1	match	OK	already curated	"{source=""https://orcid.org/0009-0001-6494-4831"", source=""MONDO:equivalentTo"", source=""https://orcid.org/0000-0002-5002-8648"", source=""DOID:1657""}"
ICD10CM:Q21.1	Atrial septal defect	DISEASE	MONDO:0006664	atrial septal defect	equivalentTo	1	match	OK	already curated	"{source=""https://orcid.org/0009-0001-6494-4831"", source=""DOID:1882"", source=""MONDO:equivalentTo"", source=""Orphanet:1478"", source=""https://orcid.org/0000-0002-5002-8648"", source=""Orphanet:1478/specific"", source=""Orphanet:1478/e""}"
ICD10CM:Q21.2	Atrioventricular septal defect	DISEASE	MONDO:0020290	familial atrioventricular septal defect	equivalentTo	1	syn-match	OK	already curated	"{source=""https://orcid.org/0009-0001-6494-4831"", source=""DOID:0050651"", source=""Orphanet:98722"", source=""MONDO:equivalentTo"", source=""https://orcid.org/0000-0002-5002-8648"", source=""Orphanet:98722/e""}"
ICD10CM:Q21.3	Tetralogy of Fallot	DISEASE	MONDO:0008542	tetralogy of fallot	equivalentTo	1	match	OK	already curated	"{source=""Orphanet:3303"", source=""MONDO:equivalentTo"", source=""DOID:6419"", source=""Orphanet:3303/e""}"
ICD10CM:Q21.4	Aortopulmonary septal defect	DISEASE	MONDO:0021902	aortopulmonary window	equivalentTo	1	syn-match	OK	already curated	"{source=""https://orcid.org/0009-0001-6494-4831"", source=""MONDO:equivalentTo"", source=""https://orcid.org/0000-0002-5002-8648""}"
ICD10CM:Q22.1	Congenital pulmonary valve stenosis	DISEASE	MONDO:0017865	congenital pulmonary valve stenosis	equivalentTo	1	match	OK	already curated	"{source=""Orphanet:3189"", source=""MONDO:equivalentTo"", source=""Orphanet:3189/e""}"
ICD10CM:Q22.4	Congenital tricuspid stenosis	DISEASE	MONDO:0019813	congenital tricuspid stenosis	equivalentTo	1	match	OK	already curated	"{source=""MONDO:equivalentTo"", source=""Orphanet:95459"", source=""Orphanet:95459/e""}"
ICD10CM:Q22.5	Ebstein's anomaly	DISEASE	MONDO:0009144	Ebstein anomaly	equivalentTo	1	syn-match	OK	already curated	"{source=""Orphanet:1880"", source=""https://orcid.org/0009-0001-6494-4831"", source=""MONDO:equivalentTo"", source=""Orphanet:1880/e"", source=""https://orcid.org/0000-0002-5002-8648"", source=""DOID:14289"", source=""Orphanet:1880/specific""}"
ICD10CM:Q22.6	Hypoplastic right heart syndrome	DISEASE	MONDO:0020291	hypoplastic right heart syndrome	equivalentTo	1	match	OK	already curated	"{source=""Orphanet:98723"", source=""MONDO:equivalentTo"", source=""Orphanet:98723/e""}"
ICD10CM:Q23.1	Congenital insufficiency of aortic valve	DISEASE	MONDO:0019809	congenital aortic valve insufficiency	equivalentTo	1	syn-match	OK	already curated	"{source=""https://orcid.org/0009-0001-6494-4831"", source=""MONDO:equivalentTo"", source=""https://orcid.org/0000-0002-5002-8648"", source=""Orphanet:95449"", source=""Orphanet:95449/e""}"
ICD10CM:Q23.2	Congenital mitral stenosis	DISEASE	MONDO:0020398	congenital mitral stenosis	equivalentTo	1	match	OK	already curated	"{source=""Orphanet:99057/e"", source=""MONDO:equivalentTo"", source=""Orphanet:99057""}"
ICD10CM:Q23.3	Congenital mitral insufficiency	DISEASE	MONDO:0001298	congenital mitral valve insufficiency	equivalentTo	1	syn-match	OK	already curated	"{source=""https://orcid.org/0009-0001-6494-4831"", source=""DOID:11502"", source=""MONDO:equivalentTo"", source=""https://orcid.org/0000-0002-5002-8648""}"
ICD10CM:Q23.4	Hypoplastic left heart syndrome	DISEASE	MONDO:0004933	hypoplastic left heart syndrome	equivalentTo	1	match	OK	already curated	"{source=""DOID:9955"", source=""MONDO:equivalentTo"", source=""Orphanet:2248/e""}"
ICD10CM:Q24.0	Dextrocardia	DISEASE	MONDO:0015661	dextrocardia	equivalentTo	1	match	OK	already curated	"{source=""https://orcid.org/0009-0001-6494-4831"", source=""MONDO:equivalentTo"", source=""Orphanet:1666"", source=""https://orcid.org/0000-0002-5002-8648"", source=""Orphanet:1666/e"", source=""DOID:9565""}"
ICD10CM:Q24.1	Levocardia	DISEASE	MONDO:0019862	levocardia	equivalentTo	1	match	OK	already curated	"{source=""MONDO:equivalentTo"", source=""Orphanet:95854"", source=""Orphanet:95854/e""}"
ICD10CM:Q24.2	Cor triatriatum	DISEASE	MONDO:0015450	triatrial heart	equivalentTo	1	syn-match	OK	already curated	"{source=""https://orcid.org/0009-0001-6494-4831"", source=""Orphanet:1463"", source=""MONDO:equivalentTo"", source=""https://orcid.org/0000-0002-5002-8648"", source=""Orphanet:1463/e""}"
ICD10CM:Q24.3	Pulmonary infundibular stenosis	DISEASE	MONDO:0006935	pulmonary subvalvular stenosis	equivalentTo	1	syn-match	OK	already curated	"{source=""https://orcid.org/0009-0001-6494-4831"", source=""MONDO:equivalentTo"", source=""https://orcid.org/0000-0002-5002-8648"", source=""DOID:8861""}"
ICD10CM:Q24.6	Congenital heart block	DISEASE	MONDO:0009326	congenital heart block	equivalentTo	1	match	OK	already curated	"{source=""Orphanet:60041/specific"", source=""Orphanet:60041/e"", source=""MONDO:equivalentTo"", source=""DOID:990"", source=""Orphanet:60041""}"
ICD10CM:Q25.0	Patent ductus arteriosus	DISEASE	MONDO:0011827	patent ductus arteriosus	equivalentTo	1	match	OK	already curated	"{source=""DOID:13832"", source=""MONDO:equivalentTo""}"
ICD10CM:Q25.2	Atresia of aorta	DISEASE	MONDO:0001863	aorta atresia	equivalentTo	1	no	OK	already curated	"{source=""MONDO:equivalentTo""}"
ICD10CM:Q25.21	Interruption of aortic arch	DISEASE	MONDO:0009010	aortic arch interruption	equivalentTo	1	no	OK	already curated	"{source=""MONDO:equivalentTo""}"
ICD10CM:Q25.3	Supravalvular aortic stenosis	DISEASE	MONDO:0008504	supravalvular aortic stenosis	equivalentTo	1	match	OK	already curated	"{source=""https://orcid.org/0009-0001-6494-4831"", source=""DOID:1929"", source=""MONDO:equivalentTo"", source=""Orphanet:3193/inclusion"", source=""https://orcid.org/0000-0002-5002-8648"", source=""Orphanet:3193""}"
ICD10CM:Q25.47	Right aortic arch	DISEASE	MONDO:0020417	right aortic arch	equivalentTo	1	match	OK	already curated	"{source=""https://orcid.org/0009-0001-6494-4831"", source=""MONDO:equivalentTo"", source=""https://orcid.org/0000-0002-5002-8648""}"
ICD10CM:Q26.3	Partial anomalous pulmonary venous connection	DISEASE	MONDO:0020453	congenital partial pulmonary venous return anomaly	equivalentTo	1	syn-match	OK	already curated	"{source=""https://orcid.org/0009-0001-6494-4831"", source=""Orphanet:99124/e"", source=""MONDO:equivalentTo"", source=""https://orcid.org/0000-0002-5002-8648"", source=""Orphanet:99124""}"
ICD10CM:Q27.1	Congenital renal artery stenosis	DISEASE	MONDO:0019993	congenital renal artery stenosis	equivalentTo	1	match	OK	already curated	"{source=""Orphanet:97598"", source=""MONDO:equivalentTo"", source=""Orphanet:97598/e""}"
ICD10CM:Q30.0	Choanal atresia	DISEASE	MONDO:0012155	choanal atresia	equivalentTo	1	match	OK	already curated	"{source=""MONDO:equivalentTo"", source=""Orphanet:137914"", source=""DOID:9574"", source=""Orphanet:137914/e""}"
ICD10CM:Q31.1	Congenital subglottic stenosis	DISEASE	MONDO:0015395	congenital subglottic stenosis	equivalentTo	1	match	OK	already curated	"{source=""Orphanet:141121"", source=""MONDO:equivalentTo"", source=""Orphanet:141121/e""}"
ICD10CM:Q31.3	Laryngocele	DISEASE	MONDO:0016530	laryngocele	equivalentTo	1	match	OK	already curated	"{source=""Orphanet:2372/e"", source=""MONDO:equivalentTo"", source=""Orphanet:2372""}"
ICD10CM:Q31.5	Congenital laryngomalacia	DISEASE	MONDO:0007878	congenital laryngomalacia	equivalentTo	1	match	OK	already curated	"{source=""Orphanet:2373/specific"", source=""Orphanet:2373/e"", source=""MONDO:equivalentTo"", source=""Orphanet:2373""}"
ICD10CM:Q33.3	Agenesis of lung	DISEASE	MONDO:0020110	pulmonary agenesis	equivalentTo	1	no	OK	already curated	"{source=""Orphanet:984"", source=""https://orcid.org/0009-0001-6494-4831"", source=""MONDO:equivalentTo"", source=""Orphanet:984/e"", source=""https://orcid.org/0000-0002-5002-8648""}"
ICD10CM:Q35	Cleft palate	DISEASE	MONDO:0016064	cleft palate	equivalentTo	1	match	OK	already curated	"{source=""https://orcid.org/0009-0001-6494-4831"", source=""MONDO:equivalentTo"", source=""https://orcid.org/0000-0002-5002-8648"", source=""DOID:674""}"
ICD10CM:Q35.1	Cleft hard palate	DISEASE	MONDO:0015092	cleft hard palate	equivalentTo	1	match	OK	already curated	"{source=""Orphanet:101023"", source=""MONDO:equivalentTo"", source=""Orphanet:101023/e""}"
ICD10CM:Q35.3	Cleft soft palate	DISEASE	MONDO:0007338	cleft soft palate	equivalentTo	1	match	OK	already curated	"{source=""DOID:0110214"", source=""Orphanet:99772/e"", source=""MONDO:equivalentTo"", source=""Orphanet:99772""}"
ICD10CM:Q36	Cleft lip	DISEASE	MONDO:0004747	cleft lip	equivalentTo	1	match	OK	already curated	"{source=""https://orcid.org/0009-0001-6494-4831"", source=""MONDO:equivalentTo"", source=""https://orcid.org/0000-0002-5002-8648"", source=""DOID:9296""}"
ICD10CM:Q38.1	Ankyloglossia	DISEASE	MONDO:0007125	ankyloglossia	equivalentTo	1	match	OK	already curated	"{source=""MONDO:equivalentTo"", source=""DOID:0060604""}"
ICD10CM:Q39.6	Congenital diverticulum of esophagus	DISEASE	MONDO:0019620	congenital esophageal diverticulum	equivalentTo	1	no	OK	already curated	"{source=""https://orcid.org/0009-0001-6494-4831"", source=""MONDO:equivalentTo"", source=""https://orcid.org/0000-0002-5002-8648"", source=""Orphanet:91358""}"
ICD10CM:Q40.0	Congenital hypertrophic pyloric stenosis	DISEASE	MONDO:0001560	hypertrophic pyloric stenosis	equivalentTo	1	match	OK	already curated	"{source=""DOID:12638"", source=""MONDO:equivalentTo""}"
ICD10CM:Q40.1	Congenital hiatus hernia	DISEASE	MONDO:0001562	displacement of cardia through esophageal hiatus	equivalentTo	1	syn-match	OK	already curated	"{source=""MONDO:equivalentTo"", source=""DOID:12641""}"
ICD10CM:Q43.0	Meckel's diverticulum (displaced) (hypertrophic)	DISEASE	MONDO:0007955	Meckel diverticulum	equivalentTo	1	syn-match	OK	already curated	"{source=""https://orcid.org/0009-0001-6494-4831"", source=""MONDO:equivalentTo"", source=""EFO:1001036"", source=""https://orcid.org/0000-0002-5002-8648"", source=""DOID:9487""}"
ICD10CM:Q43.1	Hirschsprung's disease	DISEASE	MONDO:0018309	Hirschsprung disease	equivalentTo	1	syn-match	OK	already curated	"{source=""Orphanet:388/specific"", source=""https://orcid.org/0009-0001-6494-4831"", source=""Orphanet:388/e"", source=""MONDO:equivalentTo"", source=""https://orcid.org/0000-0002-5002-8648"", source=""DOID:10487"", source=""Orphanet:388""}"
ICD10CM:Q44.2	Atresia of bile ducts	DISEASE	MONDO:0008867	biliary atresia	equivalentTo	1	syn-match	OK	already curated	"{source=""Orphanet:30391/e"", source=""https://orcid.org/0009-0001-6494-4831"", source=""DOID:13608"", source=""MONDO:equivalentTo"", source=""https://orcid.org/0000-0002-5002-8648"", source=""Orphanet:30391""}"
ICD10CM:Q44.4	Choledochal cyst	DISEASE	MONDO:0018805	bile duct cyst	equivalentTo	1	syn-match	OK	already curated	"{source=""DOID:899"", source=""MONDO:equivalentTo""}"
ICD10CM:Q44.6	Cystic disease of liver	DISEASE	MONDO:0000447	autosomal dominant polycystic liver disease	equivalentTo	1	no	OK	already curated	"{source=""MONDO:equivalentTo""}"
ICD10CM:Q45.1	Annular pancreas	DISEASE	MONDO:0008183	annular pancreas	equivalentTo	1	match	OK	already curated	"{source=""Orphanet:675"", source=""DOID:0060850"", source=""MONDO:equivalentTo""}"
ICD10CM:Q45.2	Congenital pancreatic cyst	DISEASE	MONDO:0017783	congenital pancreatic cyst	equivalentTo	1	match	OK	already curated	"{source=""Orphanet:313906/e"", source=""MONDO:equivalentTo"", source=""Orphanet:313906""}"
ICD10CM:Q50.4	Embryonic cyst of fallopian tube	DISEASE	MONDO:0024652	embryonic cyst of fallopian tube	equivalentTo	1	match	OK	already curated	"{source=""MONDO:equivalentTo""}"
ICD10CM:Q52.0	Congenital absence of vagina	DISEASE	MONDO:0019932	isolated partial vaginal agenesis	equivalentTo	1	syn-match	OK	already curated	"{source=""https://orcid.org/0009-0001-6494-4831"", source=""Orphanet:96269"", source=""MONDO:equivalentTo"", source=""https://orcid.org/0000-0002-5002-8648""}"
ICD10CM:Q52.11	Transverse vaginal septum	DISEASE	MONDO:0015850	transverse vaginal septum	equivalentTo	1	match	OK	already curated	"{source=""MONDO:equivalentTo""}"
ICD10CM:Q52.12	Longitudinal vaginal septum	DISEASE	MONDO:0015849	longitudinal vaginal septum	equivalentTo	1	match	OK	already curated	"{source=""https://orcid.org/0009-0001-6494-4831"", source=""MONDO:equivalentTo"", source=""https://orcid.org/0000-0002-5002-8648""}"
ICD10CM:Q54	Hypospadias	DISEASE	MONDO:0005345	hypospadias	equivalentTo	1	match	OK	already curated	"{source=""https://orcid.org/0009-0001-6494-4831"", source=""MONDO:equivalentTo"", source=""https://orcid.org/0000-0002-5002-8648"", source=""DOID:10892""}"
ICD10CM:Q56	Indeterminate sex and pseudohermaphroditism	DISEASE	MONDO:0024665	indeterminate sex and/or pseudohermaphroditism	equivalentTo	1	no	OK	already curated	"{source=""MONDO:equivalentTo""}"
ICD10CM:Q60.0	Renal agenesis, unilateral	LATERALITY	MONDO:0019636	renal agenesis, unilateral	equivalentTo	1	match	OK	already curated	"{source=""Orphanet:93100"", source=""MONDO:equivalentTo"", source=""Orphanet:93100/e"", source=""Orphanet:93100/specific""}"
ICD10CM:Q60.1	Renal agenesis, bilateral	LATERALITY	MONDO:0015986	bilateral renal agenesis	equivalentTo	1	syn-match	OK	already curated	"{source=""Orphanet:1848/e"", source=""Orphanet:1848/specific"", source=""MONDO:equivalentTo"", source=""Orphanet:1848""}"
ICD10CM:Q60.3	Renal hypoplasia, unilateral	LATERALITY	MONDO:0019979	renal hypoplasia, unilateral	equivalentTo	1	match	OK	already curated	"{source=""Orphanet:97361/specific"", source=""Orphanet:97361/e"", source=""MONDO:equivalentTo"", source=""Orphanet:97361""}"
ICD10CM:Q60.4	Renal hypoplasia, bilateral	LATERALITY	MONDO:0019980	renal hypoplasia, bilateral	equivalentTo	1	match	OK	already curated	"{source=""Orphanet:97362/e"", source=""Orphanet:97362/specific"", source=""MONDO:equivalentTo"", source=""Orphanet:97362""}"
ICD10CM:Q60.6	Potter's syndrome	DISEASE	MONDO:0001558	Potter sequence	equivalentTo	1	syn-match	OK	already curated	"{source=""MONDO:equivalentTo"", source=""DOID:12594""}"
ICD10CM:Q61	Cystic kidney disease	DISEASE	MONDO:0002473	cystic kidney disease	equivalentTo	1	match	OK	already curated	"{source=""MONDO:equivalentTo""}"
ICD10CM:Q61.4	Renal dysplasia	DISEASE	MONDO:0019638	renal dysplasia	equivalentTo	1	match	OK	already curated	"{source=""Orphanet:93108/e"", source=""https://orcid.org/0009-0001-6494-4831"", source=""Orphanet:93108/specific"", source=""MONDO:equivalentTo"", source=""https://orcid.org/0000-0002-5002-8648"", source=""Orphanet:93108""}"
ICD10CM:Q62.0	Congenital hydronephrosis	DISEASE	MONDO:0007741	congenital hydronephrosis	equivalentTo	1	match	OK	already curated	"{source=""MONDO:equivalentTo"", source=""Orphanet:2190/specific"", source=""Orphanet:2190"", source=""Orphanet:2190/e""}"
ICD10CM:Q64.0	Epispadias	DISEASE	MONDO:0019759	epispadias	equivalentTo	1	match	OK	already curated	"{source=""Orphanet:93928"", source=""https://orcid.org/0009-0001-6494-4831"", source=""MONDO:equivalentTo"", source=""Orphanet:93928/e"", source=""https://orcid.org/0000-0002-5002-8648"", source=""Orphanet:93928/specific""}"
ICD10CM:Q64.2	Congenital posterior urethral valves	DISEASE	MONDO:0019640	posterior urethral valve	equivalentTo	1	match	OK	already curated	"{source=""https://orcid.org/0009-0001-6494-4831"", source=""Orphanet:93110"", source=""MONDO:equivalentTo"", source=""https://orcid.org/0000-0002-5002-8648""}"
ICD10CM:Q66.0	Congenital talipes equinovarus	DISEASE	MONDO:0007342	clubfoot	equivalentTo	1	syn-match	OK	already curated	"{source=""https://orcid.org/0009-0001-6494-4831"", source=""MONDO:equivalentTo"", source=""DOID:11836"", source=""https://orcid.org/0000-0002-5002-8648""}"
ICD10CM:Q67.6	Pectus excavatum	DISEASE	MONDO:0008213	pectus excavatum	equivalentTo	1	match	OK	already curated	"{source=""https://orcid.org/0009-0001-6494-4831"", source=""MONDO:equivalentTo"", source=""https://orcid.org/0000-0002-5002-8648""}"
ICD10CM:Q69	Polydactyly	DISEASE	MONDO:0021003	polydactyly	equivalentTo	1	match	OK	already curated	"{source=""https://orcid.org/0009-0001-6494-4831"", source=""DOID:1148"", source=""MONDO:equivalentTo"", source=""https://orcid.org/0000-0002-5002-8648""}"
ICD10CM:Q70	Syndactyly	DISEASE	MONDO:0021002	syndactyly	equivalentTo	1	match	OK	already curated	"{source=""https://orcid.org/0009-0001-6494-4831"", source=""MONDO:equivalentTo"", source=""DOID:11193"", source=""https://orcid.org/0000-0002-5002-8648""}"
ICD10CM:Q71.1	Congenital absence of upper arm and forearm with hand present	DISEASE	MONDO:0017441	congenital absence of upper arm and forearm with hand present	equivalentTo	1	match	OK	already curated	"{source=""Orphanet:294975/specific"", source=""Orphanet:294975/e"", source=""MONDO:equivalentTo"", source=""Orphanet:294975""}"
ICD10CM:Q71.2	Congenital absence of both forearm and hand	DISEASE	MONDO:0017443	congenital absence of both forearm and hand	equivalentTo	1	match	OK	already curated	"{source=""Orphanet:294979"", source=""MONDO:equivalentTo"", source=""Orphanet:294979/e"", source=""Orphanet:294979/specific""}"
ICD10CM:Q71.23	Congenital absence of both forearm and hand, bilateral	DISEASE	MONDO:0017499	congenital absence of both forearm and hand, bilateral	equivalentTo	1	match	OK	already curated	"{source=""MONDO:equivalentTo""}"
ICD10CM:Q71.4	Longitudinal reduction defect of radius	DISEASE	MONDO:0019671	radial hemimelia	equivalentTo	1	no	OK	already curated	"{source=""https://orcid.org/0009-0001-6494-4831"", source=""Orphanet:93321"", source=""MONDO:equivalentTo"", source=""https://orcid.org/0000-0002-5002-8648"", source=""Orphanet:93321/specific"", source=""Orphanet:93321/e""}"
ICD10CM:Q72.1	Congenital absence of thigh and lower leg with foot present	DISEASE	MONDO:0017442	congenital absence of thigh and lower leg with foot present	equivalentTo	1	match	OK	already curated	"{source=""Orphanet:294977/specific"", source=""Orphanet:294977/e"", source=""MONDO:equivalentTo"", source=""Orphanet:294977""}"
ICD10CM:Q72.13	Congenital absence of thigh and lower leg with foot present, bilateral	LATERALITY	MONDO:0017497	congenital absence of thigh and lower leg with foot present, bilateral	equivalentTo	1	match	OK	already curated	"{source=""MONDO:equivalentTo""}"
ICD10CM:Q72.2	Congenital absence of both lower leg and foot	DISEASE	MONDO:0017444	congenital absence of both lower leg and foot	equivalentTo	1	match	OK	already curated	"{source=""MONDO:equivalentTo"", source=""Orphanet:294981"", source=""Orphanet:294981/specific"", source=""Orphanet:294981/e""}"
ICD10CM:Q72.23	Congenital absence of both lower leg and foot, bilateral	DISEASE	MONDO:0017501	congenital absence of both lower leg and foot, bilateral	equivalentTo	1	match	OK	already curated	"{source=""MONDO:equivalentTo""}"
ICD10CM:Q72.7	Split foot	DISEASE	MONDO:0017450	split foot	equivalentTo	1	match	OK	already curated	"{source=""https://orcid.org/0009-0001-6494-4831"", source=""MONDO:equivalentTo"", source=""Orphanet:294994/specific"", source=""https://orcid.org/0000-0002-5002-8648"", source=""Orphanet:294994"", source=""Orphanet:294994/e""}"
ICD10CM:Q72.73	Split foot, bilateral	DISEASE	MONDO:0017514	split foot, bilateral	equivalentTo	1	match	OK	already curated	"{source=""MONDO:equivalentTo""}"
ICD10CM:Q74.3	Arthrogryposis multiplex congenita	DISEASE	MONDO:0015168	arthrogryposis multiplex congenita	equivalentTo	1	match	OK	already curated	"{source=""https://orcid.org/0009-0001-6494-4831"", source=""Orphanet:1037"", source=""MONDO:equivalentTo"", source=""https://orcid.org/0000-0002-5002-8648"", source=""Orphanet:1037/e"", source=""Orphanet:1037/specific""}"
ICD10CM:Q75.0	Craniosynostosis	DISEASE	MONDO:0015469	craniosynostosis	equivalentTo	1	match	OK	already curated	"{source=""DOID:2340"", source=""Orphanet:1531"", source=""MONDO:equivalentTo"", source=""Orphanet:1531/specific"", source=""Orphanet:1531/e""}"
ICD10CM:Q75.4	Mandibulofacial dysostosis	DISEASE	MONDO:0015483	mandibulofacial dysostosis	equivalentTo	1	match	OK	already curated	"{source=""https://orcid.org/0009-0001-6494-4831"", source=""MONDO:equivalentTo"", source=""Orphanet:155899/specific"", source=""https://orcid.org/0000-0002-5002-8648"", source=""Orphanet:155899"", source=""Orphanet:155899/e""}"
ICD10CM:Q76.0	Spina bifida occulta	DISEASE	MONDO:0000859	spina bifida occulta	equivalentTo	1	match	OK	already curated	"{source=""https://orcid.org/0009-0001-6494-4831"", source=""MONDO:equivalentTo"", source=""https://orcid.org/0000-0002-5002-8648""}"
ICD10CM:Q76.1	Klippel-Feil syndrome	DISEASE	MONDO:0001029	Klippel-Feil syndrome	equivalentTo	1	match	OK	already curated	"{source=""DOID:10426"", source=""MONDO:equivalentTo""}"
ICD10CM:Q76.5	Cervical rib	DISEASE	MONDO:0007303	cervical rib disease	equivalentTo	1	syn-match	OK	already curated	"{source=""https://orcid.org/0009-0001-6494-4831"", source=""MONDO:equivalentTo"", source=""https://orcid.org/0000-0002-5002-8648""}"
ICD10CM:Q77.0	Achondrogenesis	DISEASE	MONDO:0019648	achondrogenesis	equivalentTo	1	match	OK	already curated	"{source=""Orphanet:932"", source=""MONDO:equivalentTo"", source=""Orphanet:932/specific"", source=""Orphanet:932/e""}"
ICD10CM:Q77.3	Chondrodysplasia punctata	DISEASE	MONDO:0019701	chondrodysplasia punctata	equivalentTo	1	match	OK	already curated	"{source=""Orphanet:93442"", source=""MONDO:equivalentTo"", source=""Orphanet:93442/specific"", source=""Orphanet:93442/e"", source=""DOID:2581""}"
ICD10CM:Q77.4	Achondroplasia	DISEASE	MONDO:0007037	achondroplasia	equivalentTo	1	match	OK	already curated	"{source=""MONDO:equivalentTo"", source=""Orphanet:15"", source=""Orphanet:15/specific"", source=""DOID:4480"", source=""Orphanet:15/e""}"
ICD10CM:Q77.5	Diastrophic dysplasia	DISEASE	MONDO:0009107	diastrophic dysplasia	equivalentTo	1	match	OK	already curated	"{source=""MONDO:equivalentTo"", source=""Orphanet:628/specific"", source=""Orphanet:628"", source=""DOID:14687"", source=""Orphanet:628/e""}"
ICD10CM:Q77.6	Chondroectodermal dysplasia	DISEASE	MONDO:0009162	Ellis-van Creveld syndrome	equivalentTo	1	syn-match	OK	already curated	"{source=""https://orcid.org/0009-0001-6494-4831"", source=""DOID:12714"", source=""MONDO:equivalentTo"", source=""https://orcid.org/0000-0002-5002-8648"", source=""Orphanet:289/inclusion"", source=""Orphanet:289""}"
ICD10CM:Q77.7	Spondyloepiphyseal dysplasia	DISEASE	MONDO:0016761	spondyloepiphyseal dysplasia	equivalentTo	1	match	OK	already curated	"{source=""https://orcid.org/0009-0001-6494-4831"", source=""Orphanet:253/specific"", source=""Orphanet:253/e"", source=""MONDO:equivalentTo"", source=""https://orcid.org/0000-0002-5002-8648"", source=""Orphanet:253""}"
ICD10CM:Q78.0	Osteogenesis imperfecta	DISEASE	MONDO:0019019	osteogenesis imperfecta	equivalentTo	1	match	OK	already curated	"{source=""DOID:12347"", source=""Orphanet:666"", source=""MONDO:equivalentTo"", source=""Orphanet:666/e"", source=""Orphanet:666/specific""}"
ICD10CM:Q78.1	Polyostotic fibrous dysplasia	DISEASE	MONDO:0008274	polyostotic fibrous dysplasia	equivalentTo	1	match	OK	already curated	"{source=""Orphanet:93276"", source=""MONDO:equivalentTo""}"
ICD10CM:Q78.2	Osteopetrosis	DISEASE	MONDO:0017198	osteopetrosis	equivalentTo	1	match	OK	already curated	"{source=""Orphanet:2781"", source=""https://orcid.org/0009-0001-6494-4831"", source=""MONDO:equivalentTo"", source=""Orphanet:2781/e"", source=""https://orcid.org/0000-0002-5002-8648"", source=""Orphanet:2781/specific"", source=""DOID:13533""}"
ICD10CM:Q78.3	Progressive diaphyseal dysplasia	DISEASE	MONDO:0007542	Camurati-Engelmann disease	equivalentTo	1	syn-match	OK	already curated	"{source=""Orphanet:1328/e"", source=""https://orcid.org/0009-0001-6494-4831"", source=""Orphanet:1328/specific"", source=""MONDO:equivalentTo"", source=""DOID:4997"", source=""https://orcid.org/0000-0002-5002-8648"", source=""Orphanet:1328""}"
ICD10CM:Q78.4	Enchondromatosis	DISEASE	MONDO:0008145	Ollier disease	equivalentTo	1	no	OK	already curated	"{source=""Orphanet:296/e"", source=""https://orcid.org/0009-0001-6494-4831"", source=""Orphanet:296/specific"", source=""DOID:4624"", source=""MONDO:equivalentTo"", source=""https://orcid.org/0000-0002-5002-8648"", source=""Orphanet:296""}"
ICD10CM:Q79.0	Congenital diaphragmatic hernia	DISEASE	MONDO:0005711	congenital diaphragmatic hernia	equivalentTo	1	match	OK	already curated	"{source=""https://orcid.org/0009-0001-6494-4831"", source=""Orphanet:2140/e"", source=""MONDO:equivalentTo"", source=""https://orcid.org/0000-0002-5002-8648"", source=""Orphanet:2140""}"
ICD10CM:Q79.3	Gastroschisis	DISEASE	MONDO:0009264	gastroschisis	equivalentTo	1	match	OK	already curated	"{source=""Orphanet:2368"", source=""MONDO:equivalentTo"", source=""DOID:11044"", source=""Orphanet:2368/e""}"
ICD10CM:Q79.4	Prune belly syndrome	DISEASE	MONDO:0007032	prune belly syndrome	equivalentTo	1	match	OK	already curated	"{source=""https://orcid.org/0009-0001-6494-4831"", source=""Orphanet:2970"", source=""MONDO:equivalentTo"", source=""https://orcid.org/0000-0002-5002-8648"", source=""DOID:0060889""}"
ICD10CM:Q79.6	Ehlers-Danlos syndromes	DISEASE	MONDO:0020066	Ehlers-Danlos syndrome	equivalentTo	1	match	OK	already curated	"{source=""DOID:13359"", source=""Orphanet:98249"", source=""MONDO:equivalentTo"", source=""Orphanet:98249/specific"", source=""Orphanet:98249/e""}"
ICD10CM:Q80	Congenital ichthyosis	DISEASE	MONDO:0015947	inherited ichthyosis	equivalentTo	1	no	OK	already curated	"{source=""MONDO:equivalentTo""}"
ICD10CM:Q80.0	Ichthyosis vulgaris	DISEASE	MONDO:0007810	autosomal dominant ichthyosis vulgaris	equivalentTo	1	no	OK	already curated	"{source=""MONDO:equivalentTo"", source=""DOID:1702""}"
ICD10CM:Q80.1	X-linked ichthyosis	DISEASE	MONDO:0010622	recessive X-linked ichthyosis	equivalentTo	1	syn-match	OK	already curated	"{source=""Orphanet:461/e"", source=""https://orcid.org/0009-0001-6494-4831"", source=""Orphanet:461/specific"", source=""MONDO:equivalentTo"", source=""https://orcid.org/0000-0002-5002-8648"", source=""DOID:1700"", source=""Orphanet:461""}"
ICD10CM:Q80.2	Lamellar ichthyosis	DISEASE	MONDO:0017778	lamellar ichthyosis	equivalentTo	1	match	OK	already curated	"{source=""Orphanet:313"", source=""https://orcid.org/0009-0001-6494-4831"", source=""MONDO:equivalentTo"", source=""Orphanet:313/e"", source=""https://orcid.org/0000-0002-5002-8648"", source=""Orphanet:313/specific""}"
ICD10CM:Q81	Epidermolysis bullosa	DISEASE	MONDO:0006541	epidermolysis bullosa	equivalentTo	1	match	OK	already curated	"{source=""DOID:2730"", source=""MONDO:equivalentTo""}"
ICD10CM:Q81.0	Epidermolysis bullosa simplex	DISEASE	MONDO:0017610	epidermolysis bullosa simplex	equivalentTo	1	match	OK	already curated	"{source=""Orphanet:304"", source=""DOID:4644"", source=""MONDO:equivalentTo"", source=""Orphanet:304/e"", source=""Orphanet:304/specific""}"
ICD10CM:Q81.1	Epidermolysis bullosa letalis	DISEASE	MONDO:0009182	junctional epidermolysis bullosa Herlitz type	equivalentTo	1	syn-match	OK	already curated	"{source=""https://orcid.org/0009-0001-6494-4831"", source=""Orphanet:79404"", source=""MONDO:equivalentTo"", source=""https://orcid.org/0000-0002-5002-8648"", source=""Orphanet:79404/e"", source=""Orphanet:79404/specific"", source=""DOID:0060737""}"
ICD10CM:Q81.2	Epidermolysis bullosa dystrophica	DISEASE	MONDO:0006543	epidermolysis bullosa dystrophica	equivalentTo	1	match	OK	already curated	"{source=""https://orcid.org/0009-0001-6494-4831"", source=""Orphanet:303"", source=""MONDO:equivalentTo"", source=""https://orcid.org/0000-0002-5002-8648"", source=""Orphanet:303/e"", source=""Orphanet:303/specific"", source=""DOID:4959""}"
ICD10CM:Q82.0	Hereditary lymphedema	DISEASE	MONDO:0019313	lymphatic malformation	equivalentTo	1	syn-match	OK	already curated	"{source=""MONDO:equivalentTo"", source=""Orphanet:79452""}"
ICD10CM:Q82.1	Xeroderma pigmentosum	DISEASE	MONDO:0019600	xeroderma pigmentosum	equivalentTo	1	match	OK	already curated	"{source=""Orphanet:910"", source=""MONDO:equivalentTo"", source=""DOID:0050427"", source=""Orphanet:910/specific"", source=""Orphanet:910/e""}"
ICD10CM:Q82.3	Incontinentia pigmenti	DISEASE	MONDO:0010631	incontinentia pigmenti	equivalentTo	1	match	OK	already curated	"{source=""Orphanet:464/specific"", source=""https://orcid.org/0009-0001-6494-4831"", source=""DOID:12305"", source=""Orphanet:464/e"", source=""MONDO:equivalentTo"", source=""https://orcid.org/0000-0002-5002-8648"", source=""Orphanet:464""}"
ICD10CM:Q84.0	Congenital alopecia	DISEASE	MONDO:0010229	alopecia, congenital	equivalentTo	1	match	OK	already curated	"{source=""https://orcid.org/0009-0001-6494-4831"", source=""MONDO:equivalentTo"", source=""https://orcid.org/0000-0002-5002-8648""}"
ICD10CM:Q85.0	Neurofibromatosis (nonmalignant)	DISEASE	MONDO:0021061	neurofibromatosis	equivalentTo	1	match	OK	already curated	"{source=""https://orcid.org/0009-0001-6494-4831"", source=""MONDO:equivalentTo"", source=""https://orcid.org/0000-0002-5002-8648""}"
ICD10CM:Q85.01	Neurofibromatosis, type 1	DISEASE	MONDO:0018975	neurofibromatosis type 1	equivalentTo	1	match	OK	already curated	"{source=""https://orcid.org/0009-0001-6494-4831"", source=""MONDO:equivalentTo"", source=""https://orcid.org/0000-0002-5002-8648""}"
ICD10CM:Q85.02	Neurofibromatosis, type 2	DISEASE	MONDO:0007039	NF2-related schwannomatosis	equivalentTo	1	syn-match	OK	already curated	"{source=""MONDO:equivalentTo""}"
ICD10CM:Q85.03	Schwannomatosis	DISEASE	MONDO:0008075	schwannomatosis	equivalentTo	1	match	OK	already curated	"{source=""https://orcid.org/0009-0001-6494-4831"", source=""MONDO:equivalentTo"", source=""DOID:3204"", source=""https://orcid.org/0000-0002-5002-8648""}"
ICD10CM:Q85.1	Tuberous sclerosis	DISEASE	MONDO:0001734	tuberous sclerosis	equivalentTo	1	match	OK	already curated	"{source=""https://orcid.org/0009-0001-6494-4831"", source=""DOID:13515"", source=""MONDO:equivalentTo"", source=""Orphanet:805/specific"", source=""https://orcid.org/0000-0002-5002-8648"", source=""Orphanet:805"", source=""Orphanet:805/e""}"
ICD10CM:Q86.0	Fetal alcohol syndrome (dysmorphic)	DISEASE	MONDO:0016011	fetal alcohol syndrome	equivalentTo	1	match	OK	already curated	"{source=""https://orcid.org/0009-0001-6494-4831"", source=""Orphanet:1915/e"", source=""MONDO:equivalentTo"", source=""https://orcid.org/0000-0002-5002-8648"", source=""Orphanet:1915""}"
ICD10CM:Q86.1	Fetal hydantoin syndrome	DISEASE	MONDO:0016008	fetal hydantoin syndrome	equivalentTo	1	match	OK	already curated	"{source=""Orphanet:1912/e"", source=""MONDO:equivalentTo"", source=""Orphanet:1912""}"
ICD10CM:Q87.11	Prader-Willi syndrome	DISEASE	MONDO:0008300	Prader-Willi syndrome	equivalentTo	1	match	OK	already curated	"{source=""https://orcid.org/0009-0001-6494-4831"", source=""MONDO:equivalentTo"", source=""https://orcid.org/0000-0002-5002-8648""}"
ICD10CM:Q87.4	Marfan syndrome	DISEASE	MONDO:0007947	Marfan syndrome	equivalentTo	1	match	OK	already curated	"{source=""https://orcid.org/0009-0001-6494-4831"", source=""Orphanet:558"", source=""MONDO:equivalentTo"", source=""https://orcid.org/0000-0002-5002-8648"", source=""Orphanet:558/specific"", source=""Orphanet:284963"", source=""Orphanet:558/e"", source=""DOID:14323""}"
ICD10CM:Q87.81	Alport syndrome	DISEASE	MONDO:0018965	Alport syndrome	equivalentTo	1	match	OK	already curated	"{source=""MONDO:equivalentTo""}"
ICD10CM:Q87.82	Arterial tortuosity syndrome	DISEASE	MONDO:0008818	arterial tortuosity syndrome	equivalentTo	1	match	OK	already curated	"{source=""MONDO:equivalentTo""}"
ICD10CM:Q89.3	Situs inversus	DISEASE	MONDO:0010029	situs inversus	equivalentTo	1	match	OK	already curated	"{source=""DOID:758"", source=""MONDO:equivalentTo"", source=""Orphanet:101063/inclusion"", source=""Orphanet:101063""}"
ICD10CM:Q89.4	Conjoined twins	DISEASE	MONDO:0958083	conjoined twins	equivalentTo	1	match	OK	already curated	"{source=""https://orcid.org/0009-0001-6494-4831"", source=""MONDO:equivalentTo"", source=""https://orcid.org/0000-0002-5002-8648""}"
ICD10CM:Q90	Down syndrome	DISEASE	MONDO:0008608	Down syndrome	equivalentTo	1	match	OK	already curated	"{source=""https://orcid.org/0009-0001-6494-4831"", source=""DOID:14250"", source=""MONDO:equivalentTo"", source=""https://orcid.org/0000-0002-5002-8648""}"
ICD10CM:Q93.3	Deletion of short arm of chromosome 4	DISEASE	MONDO:0022762	chromosome 4 short arm deletion	equivalentTo	1	no	OK	already curated	"{source=""MONDO:equivalentTo"", source=""Orphanet:261884/specific"", source=""Orphanet:261884"", source=""Orphanet:261884/e""}"
ICD10CM:Q93.51	Angelman syndrome	DISEASE	MONDO:0007113	Angelman syndrome	equivalentTo	1	match	OK	already curated	"{source=""MONDO:equivalentTo"", source=""https://www.angelmanbiomarkers.org/special-announcement-angelman-specific-icd-10-code-q93-51-is-finally-here/""}"
ICD10CM:Q93.82	Williams syndrome	DISEASE	MONDO:0008678	Williams syndrome	equivalentTo	1	match	OK	already curated	"{source=""https://orcid.org/0009-0001-6494-4831"", source=""MONDO:equivalentTo"", source=""https://orcid.org/0000-0002-5002-8648""}"
ICD10CM:Q96.0	Karyotype 45, X	DISEASE	MONDO:0019499	Turner syndrome	equivalentTo	1	syn-match	OK	already curated	"{source=""https://orcid.org/0009-0001-6494-4831"", source=""Orphanet:881/specific"", source=""MONDO:equivalentTo"", source=""https://orcid.org/0000-0002-5002-8648"", source=""Orphanet:881/btnt"", source=""Orphanet:881"", source=""DOID:3491""}"
ICD10CM:Q10.0	Congenital ptosis	DISEASE	MONDO:0008340	congenital ptosis	orphanet-specific	1	match	PROMOTE->exactMatch	1:1 and label match	"{source=""Orphanet:91411/specific"", source=""Orphanet:91411"", source=""DOID:0060261"", source=""Orphanet:91411/e""}"
ICD10CM:Q32.0	Congenital tracheomalacia	DISEASE	MONDO:0019804	congenital tracheomalacia	orphanet-specific	1	match	PROMOTE->exactMatch	1:1 and label match	"{source=""Orphanet:95430"", source=""Orphanet:95430/e"", source=""DOID:0060313"", source=""Orphanet:95430/specific""}"
ICD10CM:Q83.1	Accessory breast	DISEASE	MONDO:0015854	supernumerary breasts	orphanet-exact	1	syn-match	PROMOTE->exactMatch	1:1 and label syn-match	"{source=""Orphanet:180182"", source=""Orphanet:180182/e""}"
ICD10CM:Q07.0	Arnold-Chiari syndrome	DISEASE	MONDO:0008816	Chiari malformation type II	orphanet-specific	1	no	REVIEW	1:1 but labels differ; needs curator	"{source=""Orphanet:1136"", source=""Orphanet:1136/e"", source=""Orphanet:1136/specific""}"
ICD10CM:Q10.4	Absence and agenesis of lacrimal apparatus	DISEASE	MONDO:0008397	aplasia of lacrimal and salivary glands	provenance-only:orphanet	1	no	REVIEW	1:1 but labels differ; needs curator	"{source=""Orphanet:86815/nd"", source=""Orphanet:86815""}"
ICD10CM:Q10.5	Congenital stenosis and stricture of lacrimal duct	DISEASE	MONDO:0007871	familial congenital nasolacrimal duct obstruction	provenance-only:orphanet	1	no	REVIEW	1:1 but labels differ; needs curator	"{source=""Orphanet:451612"", source=""Orphanet:451612/index""}"
ICD10CM:Q12.1	Congenital displaced lens	DISEASE	MONDO:0015998	isolated ectopia lentis	orphanet-specific	1	no	REVIEW	1:1 but labels differ; needs curator	"{source=""Orphanet:1885"", source=""Orphanet:1885/specific"", source=""Orphanet:1885/e"", source=""DOID:0111148""}"
ICD10CM:Q13.81	Rieger anomaly	DISEASE	MONDO:0019187	Axenfeld-Rieger syndrome	provenance-only:doid	1	no	REVIEW	1:1 but labels differ; needs curator	"{source=""DOID:14686""}"
ICD10CM:Q16.0	Congenital absence of (ear) auricle	DISEASE	MONDO:0019780	anotia	orphanet-specific	1	no	REVIEW	1:1 but labels differ; needs curator	"{source=""Orphanet:93976/specific"", source=""Orphanet:93976/nd"", source=""Orphanet:93976""}"
ICD10CM:Q20.6	Isomerism of atrial appendages	DISEASE	MONDO:0008832	right atrial isomerism	provenance-only:orphanet	1	no	REVIEW	1:1 but labels differ; needs curator	"{source=""Orphanet:97548"", source=""DOID:0060856""}"
ICD10CM:Q25.5	Atresia of pulmonary artery	DISEASE	MONDO:0008343	pulmonary atresia with ventricular septal defect	provenance-only:orphanet	1	no	REVIEW	1:1 but labels differ; needs curator	"{source=""Orphanet:1207""}"
ICD10CM:Q26.0	Congenital stenosis of vena cava	DISEASE	MONDO:0020451	congenital stenosis of the inferior vena cava	provenance-only:orphanet	1	no	REVIEW	1:1 but labels differ; needs curator	"{source=""Orphanet:99122""}"
ICD10CM:Q27.4	Congenital phlebectasia	DISEASE	MONDO:0016311	Bockenheimer syndrome	provenance-only:orphanet	1	no	REVIEW	1:1 but labels differ; needs curator	"{source=""Orphanet:217008""}"
ICD10CM:Q30.1	Agenesis and underdevelopment of nose	DISEASE	MONDO:0015237	arrhinia	provenance-only:orphanet	1	no	REVIEW	1:1 but labels differ; needs curator	"{source=""Orphanet:1134""}"
ICD10CM:Q31.0	Web of larynx	DISEASE	MONDO:0007880	congenital laryngeal web	orphanet-specific	1	no	REVIEW	1:1 but labels differ; needs curator	"{source=""Orphanet:2374"", source=""Orphanet:2374/e"", source=""Orphanet:2374/specific""}"
ICD10CM:Q33.4	Congenital bronchiectasis	DISEASE	MONDO:0008888	Williams-Campbell syndrome	provenance-only:orphanet	1	no	REVIEW	1:1 but labels differ; needs curator	"{source=""Orphanet:411501""}"
ICD10CM:Q33.6	Congenital hypoplasia and dysplasia of lung	DISEASE	MONDO:0009936	familial primary pulmonary hypoplasia	provenance-only:orphanet	1	no	REVIEW	1:1 but labels differ; needs curator	"{source=""Orphanet:2257""}"
ICD10CM:Q37.0	Cleft hard palate with bilateral cleft lip	LATERALITY	MONDO:0016044	cleft lip/palate	orphanet-btnt	1	no	REVIEW	1:1 but labels differ; needs curator	"{source=""Orphanet:199306/btnt"", source=""Orphanet:199306""}"
ICD10CM:Q37.1	Cleft hard palate with unilateral cleft lip	LATERALITY	MONDO:0016044	cleft lip/palate	orphanet-btnt	1	no	REVIEW	1:1 but labels differ; needs curator	"{source=""Orphanet:199306/btnt"", source=""Orphanet:199306""}"
ICD10CM:Q37.2	Cleft soft palate with bilateral cleft lip	LATERALITY	MONDO:0016044	cleft lip/palate	orphanet-btnt	1	no	REVIEW	1:1 but labels differ; needs curator	"{source=""Orphanet:199306/btnt"", source=""Orphanet:199306""}"
ICD10CM:Q37.3	Cleft soft palate with unilateral cleft lip	LATERALITY	MONDO:0016044	cleft lip/palate	orphanet-btnt	1	no	REVIEW	1:1 but labels differ; needs curator	"{source=""Orphanet:199306/btnt"", source=""Orphanet:199306""}"
ICD10CM:Q37.4	Cleft hard and soft palate with bilateral cleft lip	LATERALITY	MONDO:0016044	cleft lip/palate	orphanet-btnt	1	no	REVIEW	1:1 but labels differ; needs curator	"{source=""Orphanet:199306/btnt"", source=""Orphanet:199306""}"
ICD10CM:Q37.5	Cleft hard and soft palate with unilateral cleft lip	LATERALITY	MONDO:0016044	cleft lip/palate	orphanet-btnt	1	no	REVIEW	1:1 but labels differ; needs curator	"{source=""Orphanet:199306/btnt"", source=""Orphanet:199306""}"
ICD10CM:Q39.1	Atresia of esophagus with tracheo-esophageal fistula	DISEASE	MONDO:0008586	esophageal atresia/tracheoesophageal fistula	orphanet-exact	1	no	REVIEW	1:1 but labels differ; needs curator	"{source=""Orphanet:1199"", source=""Orphanet:1199/e""}"
ICD10CM:Q39.2	Congenital tracheo-esophageal fistula without atresia	DISEASE	MONDO:0018694	isolated tracheo-esophageal fistula	orphanet-exact	1	no	REVIEW	1:1 but labels differ; needs curator	"{source=""Orphanet:454750"", source=""Orphanet:454750/e""}"
ICD10CM:Q39.5	Congenital dilatation of esophagus	DISEASE	MONDO:0008699	achalasia microcephaly syndrome	provenance-only:orphanet	1	no	REVIEW	1:1 but labels differ; needs curator	"{source=""Orphanet:929""}"
ICD10CM:Q50.5	Embryonic cyst of broad ligament	DISEASE	MONDO:0002965	parovarian cyst	provenance-only:doid	1	no	REVIEW	1:1 but labels differ; needs curator	"{source=""DOID:4333""}"
ICD10CM:Q51.0	Agenesis and aplasia of uterus	DISEASE	MONDO:0015844	agenesis and aplasia of uterine body	orphanet-exact	1	no	REVIEW	1:1 but labels differ; needs curator	"{source=""Orphanet:180142"", source=""Orphanet:180142/e""}"
ICD10CM:Q51.1	Doubling of uterus with doubling of cervix and vagina	DISEASE	MONDO:0015834	didelphys uterus	orphanet-exact	3	no	REVIEW	conjunctive label with children; may be a 2-item container	"{source=""Orphanet:180086"", source=""Orphanet:180086/e""}"
ICD10CM:Q51.1	Doubling of uterus with doubling of cervix and vagina	DISEASE	MONDO:0015835	Bicervical bicornuate uterus and blind hemivagina	provenance-only:orphanet	3	no	REVIEW	conjunctive label with children; may be a 2-item container	"{source=""Orphanet:180106""}"
ICD10CM:Q51.1	Doubling of uterus with doubling of cervix and vagina	DISEASE	MONDO:0015836	Bicervical bicornuate uterus with patent cervix and vagina	provenance-only:orphanet	3	no	REVIEW	conjunctive label with children; may be a 2-item container	"{source=""Orphanet:180111""}"
ICD10CM:Q51.5	Agenesis and aplasia of cervix	DISEASE	MONDO:0015845	uterine cervical aplasia and agenesis	orphanet-exact	1	no	REVIEW	1:1 but labels differ; needs curator	"{source=""Orphanet:180145/e"", source=""Orphanet:180145""}"
ICD10CM:Q54.0	Hypospadias, balanic	DISEASE	MONDO:0005345	hypospadias	provenance-only:orphanet	1	no	REVIEW	1:1 but labels differ; needs curator	"{source=""Orphanet:440""}"
ICD10CM:Q54.1	Hypospadias, penile	DISEASE	MONDO:0005345	hypospadias	provenance-only:orphanet	1	no	REVIEW	1:1 but labels differ; needs curator	"{source=""Orphanet:440""}"
ICD10CM:Q55.5	Congenital absence and aplasia of penis	DISEASE	MONDO:0018846	penile agenesis	orphanet-exact	1	no	REVIEW	1:1 but labels differ; needs curator	"{source=""Orphanet:49"", source=""Orphanet:49/e""}"
ICD10CM:Q61.1	Polycystic kidney, infantile type	DISEASE	MONDO:0009889	autosomal recessive polycystic kidney disease	orphanet-specific	1	no	REVIEW	1:1 but labels differ; needs curator	"{source=""Orphanet:731"", source=""Orphanet:731/e"", source=""DOID:0110861"", source=""Orphanet:731/specific""}"
ICD10CM:Q62.7	Congenital vesico-uretero-renal reflux	DISEASE	MONDO:0016548	megacystis-megaureter syndrome	provenance-only:orphanet	1	no	REVIEW	1:1 but labels differ; needs curator	"{source=""Orphanet:238637""}"
ICD10CM:Q68.3	Congenital bowing of femur	DISEASE	MONDO:0008882	congenital bowing of long bones	orphanet-btnt	1	no	REVIEW	1:1 but labels differ; needs curator	"{source=""Orphanet:2292/specific"", source=""Orphanet:2292"", source=""Orphanet:2292/btnt""}"
ICD10CM:Q71.3	Congenital absence of hand and finger	DISEASE	MONDO:0007062	adactylia, unilateral	provenance-only:orphanet	5	no	REVIEW	conjunctive label with children; may be a 2-item container	"{source=""Orphanet:973""}"
ICD10CM:Q71.3	Congenital absence of hand and finger	DISEASE	MONDO:0017445	acheiria	orphanet-specific	5	no	REVIEW	conjunctive label with children; may be a 2-item container	"{source=""Orphanet:294983/specific"", source=""Orphanet:294983"", source=""Orphanet:294983/e""}"
ICD10CM:Q71.3	Congenital absence of hand and finger	DISEASE	MONDO:0017502	acheiria, unilateral	provenance-only:orphanet	5	no	REVIEW	conjunctive label with children; may be a 2-item container	"{source=""Orphanet:295101""}"
ICD10CM:Q71.3	Congenital absence of hand and finger	DISEASE	MONDO:0017503	acheiria, bilateral	provenance-only:orphanet	5	no	REVIEW	conjunctive label with children; may be a 2-item container	"{source=""Orphanet:295103""}"
ICD10CM:Q71.3	Congenital absence of hand and finger	DISEASE	MONDO:0019713	non-syndromic limb reduction defect	orphanet-btnt	5	no	REVIEW	conjunctive label with children; may be a 2-item container	"{source=""Orphanet:93457/specific"", source=""Orphanet:93457"", source=""Orphanet:93457/btnt""}"
ICD10CM:Q72.3	Congenital absence of foot and toe(s)	DISEASE	MONDO:0017446	apodia	orphanet-specific	4	no	REVIEW	conjunctive label with children; may be a 2-item container	"{source=""Orphanet:294986/specific"", source=""Orphanet:294986/e"", source=""Orphanet:294986""}"
ICD10CM:Q72.3	Congenital absence of foot and toe(s)	DISEASE	MONDO:0017504	apodia, unilateral	provenance-only:orphanet	4	no	REVIEW	conjunctive label with children; may be a 2-item container	"{source=""Orphanet:295105""}"
ICD10CM:Q72.3	Congenital absence of foot and toe(s)	DISEASE	MONDO:0017505	apodia, bilateral	provenance-only:orphanet	4	no	REVIEW	conjunctive label with children; may be a 2-item container	"{source=""Orphanet:295107""}"
ICD10CM:Q72.3	Congenital absence of foot and toe(s)	DISEASE	MONDO:0019713	non-syndromic limb reduction defect	orphanet-btnt	4	no	REVIEW	conjunctive label with children; may be a 2-item container	"{source=""Orphanet:93457/specific"", source=""Orphanet:93457"", source=""Orphanet:93457/btnt""}"
ICD10CM:Q80.4	Harlequin fetus	DISEASE	MONDO:0009443	autosomal recessive congenital ichthyosis 4B	orphanet-specific	1	no	REVIEW	1:1 but labels differ; needs curator	"{source=""Orphanet:457"", source=""Orphanet:457/e"", source=""DOID:0060713"", source=""Orphanet:457/specific""}"
ICD10CM:Q83.0	Congenital absence of breast with absent nipple	DISEASE	MONDO:0015855	isolated congenital breast hypoplasia/aplasia	orphanet-specific	1	no	REVIEW	1:1 but labels differ; needs curator	"{source=""Orphanet:180188/e"", source=""Orphanet:180188/specific"", source=""Orphanet:180188""}"
ICD10CM:Q84.5	Enlarged and hypertrophic nails	DISEASE	MONDO:0016471	pachyonychia congenita	provenance-only:orphanet	1	no	REVIEW	1:1 but labels differ; needs curator	"{source=""Orphanet:2309""}"
ICD10CM:Q86.2	Dysmorphism due to warfarin	DISEASE	MONDO:0016010	vitamin K-antagonist embryofetopathy	provenance-only:orphanet	1	no	REVIEW	1:1 but labels differ; needs curator	"{source=""Orphanet:1914""}"
ICD10CM:Q90.0	Trisomy 21, nonmosaicism (meiotic nondisjunction)	DISEASE	MONDO:0008608	Down syndrome	orphanet-btnt	1	no	REVIEW	1:1 but labels differ; needs curator	"{source=""Orphanet:870/specific"", source=""Orphanet:870/btnt"", source=""Orphanet:870""}"
ICD10CM:Q90.1	Trisomy 21, mosaicism (mitotic nondisjunction)	DISEASE	MONDO:0008608	Down syndrome	orphanet-btnt	1	no	REVIEW	1:1 but labels differ; needs curator	"{source=""Orphanet:870/specific"", source=""Orphanet:870/btnt"", source=""Orphanet:870""}"
ICD10CM:Q90.2	Trisomy 21, translocation	DISEASE	MONDO:0008608	Down syndrome	orphanet-btnt	1	no	REVIEW	1:1 but labels differ; needs curator	"{source=""Orphanet:870/specific"", source=""Orphanet:870/btnt"", source=""Orphanet:870""}"
ICD10CM:Q91.0	Trisomy 18, nonmosaicism (meiotic nondisjunction)	DISEASE	MONDO:0018071	trisomy 18	orphanet-btnt	1	no	REVIEW	1:1 but labels differ; needs curator	"{source=""Orphanet:3380/specific"", source=""Orphanet:3380/btnt"", source=""Orphanet:3380""}"
ICD10CM:Q91.1	Trisomy 18, mosaicism (mitotic nondisjunction)	DISEASE	MONDO:0018071	trisomy 18	orphanet-btnt	1	no	REVIEW	1:1 but labels differ; needs curator	"{source=""Orphanet:3380/specific"", source=""Orphanet:3380/btnt"", source=""Orphanet:3380""}"
ICD10CM:Q91.2	Trisomy 18, translocation	DISEASE	MONDO:0018071	trisomy 18	orphanet-btnt	1	no	REVIEW	1:1 but labels differ; needs curator	"{source=""Orphanet:3380/specific"", source=""Orphanet:3380/btnt"", source=""Orphanet:3380""}"
ICD10CM:Q91.4	Trisomy 13, nonmosaicism (meiotic nondisjunction)	DISEASE	MONDO:0018068	trisomy 13	orphanet-btnt	1	no	REVIEW	1:1 but labels differ; needs curator	"{source=""Orphanet:3378"", source=""Orphanet:3378/btnt"", source=""Orphanet:3378/specific""}"
ICD10CM:Q91.5	Trisomy 13, mosaicism (mitotic nondisjunction)	DISEASE	MONDO:0018068	trisomy 13	orphanet-btnt	1	no	REVIEW	1:1 but labels differ; needs curator	"{source=""Orphanet:3378"", source=""Orphanet:3378/btnt"", source=""Orphanet:3378/specific""}"
ICD10CM:Q91.6	Trisomy 13, translocation	DISEASE	MONDO:0018068	trisomy 13	orphanet-btnt	1	no	REVIEW	1:1 but labels differ; needs curator	"{source=""Orphanet:3378"", source=""Orphanet:3378/btnt"", source=""Orphanet:3378/specific""}"
ICD10CM:Q92.6	Marker chromosomes	DISEASE	MONDO:0012176	Emanuel syndrome	provenance-only:orphanet	1	no	REVIEW	1:1 but labels differ; needs curator	"{source=""Orphanet:96170""}"
ICD10CM:Q93.81	Velo-cardio-facial syndrome	DISEASE	MONDO:0008644	velocardiofacial syndrome	provenance-only:doid	1	no	REVIEW	1:1 but labels differ; needs curator	"{source=""DOID:12583""}"
ICD10CM:Q95.2	Balanced autosomal rearrangement in abnormal individual	DISEASE	MONDO:0007519	Edinburgh malformation syndrome	provenance-only:orphanet	1	no	REVIEW	1:1 but labels differ; needs curator	"{source=""Orphanet:1895""}"
ICD10CM:Q96	Turner's syndrome	DISEASE	MONDO:0019499	Turner syndrome	provenance-only:doid	1	no	REVIEW	1:1 but labels differ; needs curator	"{source=""DOID:3491""}"
ICD10CM:Q97.0	Karyotype 47, XXX	DISEASE	MONDO:0018066	trisomy X	orphanet-specific	1	no	REVIEW	1:1 but labels differ; needs curator	"{source=""Orphanet:3375"", source=""Orphanet:3375/e"", source=""Orphanet:3375/specific""}"
ICD10CM:Q98.0	Klinefelter syndrome karyotype 47, XXY	DISEASE	MONDO:0006823	Klinefelter syndrome	provenance-only:doid	1	no	REVIEW	1:1 but labels differ; needs curator	"{source=""DOID:1921""}"
ICD10CM:Q98.5	Karyotype 47, XYY	DISEASE	MONDO:0019339	47,XYY syndrome	orphanet-specific	1	no	REVIEW	1:1 but labels differ; needs curator	"{source=""Orphanet:8"", source=""Orphanet:8/specific"", source=""Orphanet:8/e""}"
ICD10CM:Q98.7	Male with sex chromosome mosaicism	DISEASE	MONDO:0015779	45,X/46,XY mixed gonadal dysgenesis	provenance-only:orphanet	1	no	REVIEW	1:1 but labels differ; needs curator	"{source=""Orphanet:1772""}"
ICD10CM:Q99.0	Chimera 46, XX/46, XY	DISEASE	MONDO:0016045	tetragametic chimerism	orphanet-specific	1	no	REVIEW	1:1 but labels differ; needs curator	"{source=""Orphanet:199310"", source=""Orphanet:199310/e"", source=""Orphanet:199310/specific""}"
ICD10CM:Q01.1	Nasofrontal encephalocele	PHENOTYPE	MONDO:0015394	nasal encephalocele	orphanet-specific	4	no	REVIEW-phenotype	ICD code is an HPO-domain phenotype, not a disease	"{source=""Orphanet:141118/specific"", source=""Orphanet:141118/e"", source=""Orphanet:141118""}"
ICD10CM:Q01.1	Nasofrontal encephalocele	PHENOTYPE	MONDO:0016057	isolated encephalocele	orphanet-btnt	4	no	REVIEW-phenotype	ICD code is an HPO-domain phenotype, not a disease	"{source=""Orphanet:199647/specific"", source=""Orphanet:199647/btnt"", source=""Orphanet:199647""}"
ICD10CM:Q01.1	Nasofrontal encephalocele	PHENOTYPE	MONDO:0017078	cephalocele	provenance-only:orphanet	4	no	REVIEW-phenotype	ICD code is an HPO-domain phenotype, not a disease	"{source=""Orphanet:268817""}"
ICD10CM:Q01.1	Nasofrontal encephalocele	PHENOTYPE	MONDO:0017079	meningoencephalocele	provenance-only:orphanet	4	no	REVIEW-phenotype	ICD code is an HPO-domain phenotype, not a disease	"{source=""Orphanet:268820/inclusion"", source=""Orphanet:268820""}"
ICD10CM:Q04.1	Arhinencephaly	PHENOTYPE	MONDO:0009349	holoprosencephaly 1	orphanet-exact	1	no	REVIEW-phenotype	ICD code is an HPO-domain phenotype, not a disease	"{source=""Orphanet:268936/e"", source=""Orphanet:268936""}"
ICD10CM:Q06.0	Amyelia	PHENOTYPE	MONDO:0017088	isolated amyelia	orphanet-specific	1	no	REVIEW-phenotype	ICD code is an HPO-domain phenotype, not a disease	"{source=""Orphanet:268868/specific"", source=""Orphanet:268868"", source=""Orphanet:268868/e""}"
ICD10CM:Q06.4	Hydromyelia	PHENOTYPE	MONDO:0017987	syringomyelia	orphanet-exact	3	no	REVIEW-phenotype	ICD code is an HPO-domain phenotype, not a disease	"{source=""Orphanet:3280"", source=""Orphanet:3280/e""}"
ICD10CM:Q06.4	Hydromyelia	PHENOTYPE	MONDO:0018257	familial syringomyelia	provenance-only:orphanet	3	no	REVIEW-phenotype	ICD code is an HPO-domain phenotype, not a disease	"{source=""Orphanet:370034""}"
ICD10CM:Q06.4	Hydromyelia	PHENOTYPE	MONDO:0020508	primary syringomyelia	provenance-only:orphanet	3	no	REVIEW-phenotype	ICD code is an HPO-domain phenotype, not a disease	"{source=""Orphanet:99856""}"
ICD10CM:Q13.3	Congenital corneal opacity	PHENOTYPE	MONDO:0015095	Peters anomaly-cataract syndrome	provenance-only:orphanet	2	no	REVIEW-phenotype	ICD code is an HPO-domain phenotype, not a disease	"{source=""Orphanet:101033""}"
ICD10CM:Q13.3	Congenital corneal opacity	PHENOTYPE	MONDO:0019629	sclerocornea	orphanet-specific	2	no	REVIEW-phenotype	ICD code is an HPO-domain phenotype, not a disease	"{source=""Orphanet:91490/specific"", source=""Orphanet:91490/e"", source=""Orphanet:91490""}"
ICD10CM:Q20.5	Discordant atrioventricular connection	PHENOTYPE	MONDO:0000153	transposition of the great arteries	orphanet-btnt	2	no	REVIEW-phenotype	ICD code is an HPO-domain phenotype, not a disease	"{source=""Orphanet:216675/btnt"", source=""Orphanet:216675""}"
ICD10CM:Q20.5	Discordant atrioventricular connection	PHENOTYPE	MONDO:0016301	congenitally corrected transposition of the great arteries	orphanet-exact	2	no	REVIEW-phenotype	ICD code is an HPO-domain phenotype, not a disease	"{source=""Orphanet:216694/e"", source=""Orphanet:216694""}"
ICD10CM:Q24.4	Congenital subaortic stenosis	PHENOTYPE	MONDO:0017727	fixed subaortic stenosis	orphanet-exact	3	no	REVIEW-phenotype	ICD code is an HPO-domain phenotype, not a disease	"{source=""Orphanet:3092"", source=""Orphanet:3092/e""}"
ICD10CM:Q24.4	Congenital subaortic stenosis	PHENOTYPE	MONDO:0020393	discrete fibromuscular subaortic stenosis	provenance-only:orphanet	3	no	REVIEW-phenotype	ICD code is an HPO-domain phenotype, not a disease	"{source=""Orphanet:99052""}"
ICD10CM:Q24.4	Congenital subaortic stenosis	PHENOTYPE	MONDO:0020394	tunnel subaortic stenosis	provenance-only:orphanet	3	no	REVIEW-phenotype	ICD code is an HPO-domain phenotype, not a disease	"{source=""Orphanet:99053""}"
ICD10CM:Q25.1	Coarctation of aorta	PHENOTYPE	MONDO:0007345	aorta coarctation	equivalentTo	1	no	REVIEW-phenotype	ICD code is an HPO-domain phenotype, not a disease	"{source=""MONDO:equivalentTo"", source=""Orphanet:1457"", source=""Orphanet:1457/e""}"
ICD10CM:Q26.1	Persistent left superior vena cava	PHENOTYPE	MONDO:0020440	persistent left superior vena cava connecting to the left-sided atrium	provenance-only:orphanet	2	no	REVIEW-phenotype	ICD code is an HPO-domain phenotype, not a disease	"{source=""Orphanet:99109""}"
ICD10CM:Q26.1	Persistent left superior vena cava	PHENOTYPE	MONDO:0020442	left superior vena cava persisting to left-sided atrium	provenance-only:orphanet	2	no	REVIEW-phenotype	ICD code is an HPO-domain phenotype, not a disease	"{source=""Orphanet:99111""}"
ICD10CM:Q26.2	Total anomalous pulmonary venous connection	PHENOTYPE	MONDO:0007130	congenital total pulmonary venous return anomaly	orphanet-exact	2	no	REVIEW-phenotype	ICD code is an HPO-domain phenotype, not a disease	"{source=""Orphanet:99125"", source=""Orphanet:99125/e"", source=""DOID:4297""}"
ICD10CM:Q26.2	Total anomalous pulmonary venous connection	PHENOTYPE	MONDO:0017705	congenital pulmonary venous return anomaly	orphanet-btnt	2	no	REVIEW-phenotype	ICD code is an HPO-domain phenotype, not a disease	"{source=""Orphanet:3090"", source=""Orphanet:3090/btnt""}"
ICD10CM:Q27.3	Arteriovenous malformation (peripheral)	PHENOTYPE	MONDO:0012016	capillary malformation-arteriovenous malformation syndrome	provenance-only:orphanet	7	no	REVIEW-phenotype	ICD code is an HPO-domain phenotype, not a disease	"{source=""Orphanet:137667""}"
ICD10CM:Q27.3	Arteriovenous malformation (peripheral)	PHENOTYPE	MONDO:0015400	frontonasal arteriovenous malformation	provenance-only:orphanet	7	no	REVIEW-phenotype	ICD code is an HPO-domain phenotype, not a disease	"{source=""Orphanet:141168""}"
ICD10CM:Q27.3	Arteriovenous malformation (peripheral)	PHENOTYPE	MONDO:0015401	maxillary arteriovenous malformation	provenance-only:orphanet	7	no	REVIEW-phenotype	ICD code is an HPO-domain phenotype, not a disease	"{source=""Orphanet:141171""}"
ICD10CM:Q27.3	Arteriovenous malformation (peripheral)	PHENOTYPE	MONDO:0015402	mandibular arteriovenous malformation	provenance-only:orphanet	7	no	REVIEW-phenotype	ICD code is an HPO-domain phenotype, not a disease	"{source=""Orphanet:141174""}"
ICD10CM:Q27.3	Arteriovenous malformation (peripheral)	PHENOTYPE	MONDO:0015500	facial arteriovenous malformation	provenance-only:orphanet	7	no	REVIEW-phenotype	ICD code is an HPO-domain phenotype, not a disease	"{source=""Orphanet:156230""}"
ICD10CM:Q27.3	Arteriovenous malformation (peripheral)	PHENOTYPE	MONDO:0016078	congenital systemic arteriovenous fistula	provenance-only:orphanet	7	no	REVIEW-phenotype	ICD code is an HPO-domain phenotype, not a disease	"{source=""Orphanet:2039""}"
ICD10CM:Q27.3	Arteriovenous malformation (peripheral)	PHENOTYPE	MONDO:0018893	Cobb syndrome	provenance-only:orphanet	7	no	REVIEW-phenotype	ICD code is an HPO-domain phenotype, not a disease	"{source=""Orphanet:53721""}"
ICD10CM:Q35.7	Cleft uvula	PHENOTYPE	MONDO:0007336	isolated cleft palate	provenance-only:doid	3	no	REVIEW-phenotype	ICD code is an HPO-domain phenotype, not a disease	"{source=""DOID:0110213""}"
ICD10CM:Q35.7	Cleft uvula	PHENOTYPE	MONDO:0008637	bifid uvula	orphanet-exact	3	no	REVIEW-phenotype	ICD code is an HPO-domain phenotype, not a disease	"{source=""Orphanet:99771/e"", source=""Orphanet:99771""}"
ICD10CM:Q35.7	Cleft uvula	PHENOTYPE	MONDO:0016064	cleft palate	orphanet-btnt	3	no	REVIEW-phenotype	ICD code is an HPO-domain phenotype, not a disease	"{source=""Orphanet:2014"", source=""Orphanet:2014/btnt""}"
ICD10CM:Q52.3	Imperforate hymen	PHENOTYPE	MONDO:0009375	hymen, imperforate	equivalentTo	1	no	REVIEW-phenotype	ICD code is an HPO-domain phenotype, not a disease	"{source=""MONDO:equivalentTo""}"
ICD10CM:Q54.4	Congenital chordee	PHENOTYPE	MONDO:0005345	hypospadias	provenance-only:orphanet	1	no	REVIEW-phenotype	ICD code is an HPO-domain phenotype, not a disease	"{source=""Orphanet:440""}"
ICD10CM:Q62.2	Congenital megaureter	PHENOTYPE	MONDO:0016549	primary megaureter, adult-onset form	provenance-only:orphanet	6	no	REVIEW-phenotype	ICD code is an HPO-domain phenotype, not a disease	"{source=""Orphanet:238642""}"
ICD10CM:Q62.2	Congenital megaureter	PHENOTYPE	MONDO:0016550	congenital primary megaureter, obstructed form	provenance-only:orphanet	6	no	REVIEW-phenotype	ICD code is an HPO-domain phenotype, not a disease	"{source=""Orphanet:238646""}"
ICD10CM:Q62.2	Congenital megaureter	PHENOTYPE	MONDO:0016551	congenital primary megaureter, refluxing form	provenance-only:orphanet	6	no	REVIEW-phenotype	ICD code is an HPO-domain phenotype, not a disease	"{source=""Orphanet:238650""}"
ICD10CM:Q62.2	Congenital megaureter	PHENOTYPE	MONDO:0016552	congenital primary megaureter, nonrefluxing and unobstructed form	provenance-only:orphanet	6	no	REVIEW-phenotype	ICD code is an HPO-domain phenotype, not a disease	"{source=""Orphanet:238654""}"
ICD10CM:Q62.2	Congenital megaureter	PHENOTYPE	MONDO:0018960	congenital primary megaureter	orphanet-specific	6	no	REVIEW-phenotype	ICD code is an HPO-domain phenotype, not a disease	"{source=""Orphanet:617/specific"", source=""Orphanet:617"", source=""Orphanet:617/e""}"
ICD10CM:Q62.2	Congenital megaureter	PHENOTYPE	MONDO:0035295	congenital primary megaureter, refluxing and obstructed form	narrowerThanSource	6	no	REVIEW-phenotype	ICD code is an HPO-domain phenotype, not a disease	"{source=""MONDO:mondoIsNarrowerThanSource"", source=""Orphanet:544578""}"
ICD10CM:Q70.1	Webbed fingers	PHENOTYPE	MONDO:0008512	syndactyly type 1	provenance-only:orphanet	7	no	REVIEW-phenotype	ICD code is an HPO-domain phenotype, not a disease	"{source=""Orphanet:93402"", source=""Orphanet:93402/nd""}"
ICD10CM:Q70.1	Webbed fingers	PHENOTYPE	MONDO:0008514	syndactyly type 3	provenance-only:orphanet	7	no	REVIEW-phenotype	ICD code is an HPO-domain phenotype, not a disease	"{source=""Orphanet:93404""}"
ICD10CM:Q70.1	Webbed fingers	PHENOTYPE	MONDO:0017460	syndactyly type 6	provenance-only:orphanet	7	no	REVIEW-phenotype	ICD code is an HPO-domain phenotype, not a disease	"{source=""Orphanet:295012""}"
ICD10CM:Q70.1	Webbed fingers	PHENOTYPE	MONDO:0017543	zygodactyly type 2	provenance-only:orphanet	7	no	REVIEW-phenotype	ICD code is an HPO-domain phenotype, not a disease	"{source=""Orphanet:295189"", source=""Orphanet:295189/nd""}"
ICD10CM:Q70.1	Webbed fingers	PHENOTYPE	MONDO:0017544	zygodactyly type 3	provenance-only:orphanet	7	no	REVIEW-phenotype	ICD code is an HPO-domain phenotype, not a disease	"{source=""Orphanet:295191/nd"", source=""Orphanet:295191""}"
ICD10CM:Q70.1	Webbed fingers	PHENOTYPE	MONDO:0019530	non-syndromic syndactyly	orphanet-btnt	7	no	REVIEW-phenotype	ICD code is an HPO-domain phenotype, not a disease	"{source=""Orphanet:90025/specific"", source=""Orphanet:90025/btnt""}"
ICD10CM:Q70.1	Webbed fingers	PHENOTYPE	MONDO:0021002	syndactyly	provenance-only:orphanet	7	no	REVIEW-phenotype	ICD code is an HPO-domain phenotype, not a disease	"{source=""Orphanet:90025""}"
ICD10CM:Q70.2	Fused toes	PHENOTYPE	MONDO:0008512	syndactyly type 1	provenance-only:orphanet	11	no	REVIEW-phenotype	ICD code is an HPO-domain phenotype, not a disease	"{source=""Orphanet:93402"", source=""Orphanet:93402/nd""}"
ICD10CM:Q70.2	Fused toes	PHENOTYPE	MONDO:0008513	synpolydactyly type 1	provenance-only:orphanet	11	no	REVIEW-phenotype	ICD code is an HPO-domain phenotype, not a disease	"{source=""Orphanet:295195"", source=""Orphanet:295195/nd""}"
ICD10CM:Q70.2	Fused toes	PHENOTYPE	MONDO:0008516	syndactyly type 5	provenance-only:orphanet	11	no	REVIEW-phenotype	ICD code is an HPO-domain phenotype, not a disease	"{source=""Orphanet:93406/nd"", source=""Orphanet:93406""}"
ICD10CM:Q70.2	Fused toes	PHENOTYPE	MONDO:0011984	synpolydactyly type 2	provenance-only:orphanet	11	no	REVIEW-phenotype	ICD code is an HPO-domain phenotype, not a disease	"{source=""Orphanet:295197/nd"", source=""Orphanet:295197""}"
ICD10CM:Q70.2	Fused toes	PHENOTYPE	MONDO:0012271	mesoaxial synostotic syndactyly with phalangeal reduction	provenance-only:orphanet	11	no	REVIEW-phenotype	ICD code is an HPO-domain phenotype, not a disease	"{source=""Orphanet:157801""}"
ICD10CM:Q70.2	Fused toes	PHENOTYPE	MONDO:0012447	synpolydactyly type 3	provenance-only:orphanet	11	no	REVIEW-phenotype	ICD code is an HPO-domain phenotype, not a disease	"{source=""Orphanet:295199"", source=""Orphanet:295199/nd""}"
ICD10CM:Q70.2	Fused toes	PHENOTYPE	MONDO:0017543	zygodactyly type 2	provenance-only:orphanet	11	no	REVIEW-phenotype	ICD code is an HPO-domain phenotype, not a disease	"{source=""Orphanet:295189"", source=""Orphanet:295189/nd""}"
ICD10CM:Q70.2	Fused toes	PHENOTYPE	MONDO:0017544	zygodactyly type 3	provenance-only:orphanet	11	no	REVIEW-phenotype	ICD code is an HPO-domain phenotype, not a disease	"{source=""Orphanet:295191/nd"", source=""Orphanet:295191""}"
ICD10CM:Q70.2	Fused toes	PHENOTYPE	MONDO:0019530	non-syndromic syndactyly	orphanet-btnt	11	no	REVIEW-phenotype	ICD code is an HPO-domain phenotype, not a disease	"{source=""Orphanet:90025/specific"", source=""Orphanet:90025/btnt""}"
ICD10CM:Q70.2	Fused toes	PHENOTYPE	MONDO:0021002	syndactyly	provenance-only:orphanet	11	no	REVIEW-phenotype	ICD code is an HPO-domain phenotype, not a disease	"{source=""Orphanet:90025""}"
ICD10CM:Q70.2	Fused toes	PHENOTYPE	MONDO:0021651	synpolydactyly	provenance-only:orphanet	11	no	REVIEW-phenotype	ICD code is an HPO-domain phenotype, not a disease	"{source=""Orphanet:93403"", source=""Orphanet:93403/nd""}"
ICD10CM:Q70.3	Webbed toes	PHENOTYPE	MONDO:0008512	syndactyly type 1	provenance-only:orphanet	7	no	REVIEW-phenotype	ICD code is an HPO-domain phenotype, not a disease	"{source=""Orphanet:93402"", source=""Orphanet:93402/nd""}"
ICD10CM:Q70.3	Webbed toes	PHENOTYPE	MONDO:0012351	zygodactyly type 1	provenance-only:orphanet	7	no	REVIEW-phenotype	ICD code is an HPO-domain phenotype, not a disease	"{source=""Orphanet:295187""}"
ICD10CM:Q70.3	Webbed toes	PHENOTYPE	MONDO:0017543	zygodactyly type 2	provenance-only:orphanet	7	no	REVIEW-phenotype	ICD code is an HPO-domain phenotype, not a disease	"{source=""Orphanet:295189"", source=""Orphanet:295189/nd""}"
ICD10CM:Q70.3	Webbed toes	PHENOTYPE	MONDO:0017544	zygodactyly type 3	provenance-only:orphanet	7	no	REVIEW-phenotype	ICD code is an HPO-domain phenotype, not a disease	"{source=""Orphanet:295191/nd"", source=""Orphanet:295191""}"
ICD10CM:Q70.3	Webbed toes	PHENOTYPE	MONDO:0017545	zygodactyly type 4	provenance-only:orphanet	7	no	REVIEW-phenotype	ICD code is an HPO-domain phenotype, not a disease	"{source=""Orphanet:295193""}"
ICD10CM:Q70.3	Webbed toes	PHENOTYPE	MONDO:0019530	non-syndromic syndactyly	orphanet-btnt	7	no	REVIEW-phenotype	ICD code is an HPO-domain phenotype, not a disease	"{source=""Orphanet:90025/specific"", source=""Orphanet:90025/btnt""}"
ICD10CM:Q70.3	Webbed toes	PHENOTYPE	MONDO:0021002	syndactyly	provenance-only:orphanet	7	no	REVIEW-phenotype	ICD code is an HPO-domain phenotype, not a disease	"{source=""Orphanet:90025""}"
ICD10CM:Q71.6	Lobster-claw hand	PHENOTYPE	MONDO:0008464	split hand-foot malformation 1	provenance-only:doid	11	no	REVIEW-phenotype	ICD code is an HPO-domain phenotype, not a disease	"{source=""DOID:0090021""}"
ICD10CM:Q71.6	Lobster-claw hand	PHENOTYPE	MONDO:0009157	split hand-foot malformation 6	provenance-only:doid	11	no	REVIEW-phenotype	ICD code is an HPO-domain phenotype, not a disease	"{source=""DOID:0090026""}"
ICD10CM:Q71.6	Lobster-claw hand	PHENOTYPE	MONDO:0009525	split hand-foot malformation 3	provenance-only:doid	11	no	REVIEW-phenotype	ICD code is an HPO-domain phenotype, not a disease	"{source=""DOID:0090025""}"
ICD10CM:Q71.6	Lobster-claw hand	PHENOTYPE	MONDO:0010736	split hand-foot malformation 2	provenance-only:doid	11	no	REVIEW-phenotype	ICD code is an HPO-domain phenotype, not a disease	"{source=""DOID:0090027""}"
ICD10CM:Q71.6	Lobster-claw hand	PHENOTYPE	MONDO:0011535	split hand-foot malformation 4	provenance-only:doid	11	no	REVIEW-phenotype	ICD code is an HPO-domain phenotype, not a disease	"{source=""DOID:0090023""}"
ICD10CM:Q71.6	Lobster-claw hand	PHENOTYPE	MONDO:0011709	split hand-foot malformation 5	provenance-only:doid	11	no	REVIEW-phenotype	ICD code is an HPO-domain phenotype, not a disease	"{source=""DOID:0090022""}"
ICD10CM:Q71.6	Lobster-claw hand	PHENOTYPE	MONDO:0016576	split hand-foot malformation	orphanet-btnt	11	no	REVIEW-phenotype	ICD code is an HPO-domain phenotype, not a disease	"{source=""Orphanet:2440"", source=""DOID:0090020"", source=""Orphanet:2440/btnt"", source=""Orphanet:2440/specific""}"
ICD10CM:Q71.6	Lobster-claw hand	PHENOTYPE	MONDO:0017449	split hand	orphanet-specific	11	no	REVIEW-phenotype	ICD code is an HPO-domain phenotype, not a disease	"{source=""Orphanet:294992"", source=""Orphanet:294992/specific"", source=""Orphanet:294992/e""}"
ICD10CM:Q71.6	Lobster-claw hand	PHENOTYPE	MONDO:0017511	split hand, unilateral	provenance-only:orphanet	11	no	REVIEW-phenotype	ICD code is an HPO-domain phenotype, not a disease	"{source=""Orphanet:295120""}"
ICD10CM:Q71.6	Lobster-claw hand	PHENOTYPE	MONDO:0017512	split hand, bilateral	provenance-only:orphanet	11	no	REVIEW-phenotype	ICD code is an HPO-domain phenotype, not a disease	"{source=""Orphanet:295122""}"
ICD10CM:Q71.6	Lobster-claw hand	PHENOTYPE	MONDO:0019713	non-syndromic limb reduction defect	orphanet-btnt	11	no	REVIEW-phenotype	ICD code is an HPO-domain phenotype, not a disease	"{source=""Orphanet:93457/specific"", source=""Orphanet:93457"", source=""Orphanet:93457/btnt""}"
ICD10CM:Q75.3	Macrocephaly	PHENOTYPE	MONDO:0014289	macrocephaly-developmental delay syndrome	provenance-only:orphanet	1	no	REVIEW-phenotype	ICD code is an HPO-domain phenotype, not a disease	"{source=""Orphanet:397612""}"
ICD10CM:Q78.5	Metaphyseal dysplasia	PHENOTYPE	MONDO:0009943	Pyle disease	equivalentTo	1	no	REVIEW-phenotype	ICD code is an HPO-domain phenotype, not a disease	"{source=""Orphanet:3005/inclusion"", source=""Orphanet:3005"", source=""MONDO:equivalentTo""}"
ICD10CM:Q78.6	Multiple congenital exostoses	PHENOTYPE	MONDO:0005508	hereditary multiple osteochondromas	orphanet-specific	1	no	REVIEW-phenotype	ICD code is an HPO-domain phenotype, not a disease	"{source=""Orphanet:321/specific"", source=""DOID:206"", source=""Orphanet:321/e"", source=""Orphanet:321""}"
ICD10CM:Q83.3	Accessory nipple	PHENOTYPE	MONDO:0008101	familial supernumerary nipples	provenance-only:orphanet	1	no	REVIEW-phenotype	ICD code is an HPO-domain phenotype, not a disease	"{source=""Orphanet:2456""}"
ICD10CM:Q84.3	Anonychia	PHENOTYPE	MONDO:0008798	nonsyndromic congenital nail disorder 4	provenance-only:orphanet	3	no	REVIEW-phenotype	ICD code is an HPO-domain phenotype, not a disease	"{source=""Orphanet:94150""}"
ICD10CM:Q84.3	Anonychia	PHENOTYPE	MONDO:0019211	isolated congenital anonychia	orphanet-specific	3	no	REVIEW-phenotype	ICD code is an HPO-domain phenotype, not a disease	"{source=""Orphanet:79143/e"", source=""Orphanet:79143/specific"", source=""Orphanet:79143""}"
ICD10CM:Q84.3	Anonychia	PHENOTYPE	MONDO:0019577	anonychia-onychodystrophy syndrome	provenance-only:orphanet	3	no	REVIEW-phenotype	ICD code is an HPO-domain phenotype, not a disease	"{source=""Orphanet:90390""}"
ICD10CM:Q84.4	Congenital leukonychia	PHENOTYPE	MONDO:0016557	leukonychia totalis	provenance-only:orphanet	1	no	REVIEW-phenotype	ICD code is an HPO-domain phenotype, not a disease	"{source=""Orphanet:2387""}"
